사고번호,사고일시,요일,시군구,사고내용,사망자수,중상자수,경상자수,부상신고자수,사고유형,법규위반,노면상태,기상상태,도로형태,가해운전자 차종,가해운전자 성별,가해운전자 연령,가해운전자 상해정도,피해운전자 차종,피해운전자 성별,피해운전자 연령,피해운전자 상해정도
2019011800100379,2019년 1월 18일 16시,금요일,전라북도 전주시 완산구 삼천동1가,경상사고,0,0,2,0,차대차 - 추돌,안전운전불이행,건조,맑음,교차로 - 교차로부근,승용,남,71세,상해없음,승용,남,31세,경상
2019011800100380,2019년 1월 18일 16시,금요일,전라북도 김제시 신풍동,중상사고,0,2,3,0,차대차 - 추돌,안전운전불이행,건조,맑음,단일로 - 기타,승합,남,60세,상해없음,화물,남,53세,경상
2019011800100414,2019년 1월 18일 17시,금요일,전라북도 김제시 성덕면,중상사고,0,1,0,0,차대차 - 측면충돌,신호위반,건조,맑음,교차로 - 교차로안,건설기계,남,44세,상해없음,이륜,남,79세,중상
2019011800100468,2019년 1월 18일 18시,금요일,전라북도 전주시 완산구 상림동,중상사고,0,1,0,0,차대차 - 정면충돌,불법유턴,건조,기타,교차로 - 교차로횡단보도내,자전거,남,32세,중상,승용,남,36세,상해없음
2019011800100469,2019년 1월 18일 18시,금요일,전라북도 전주시 완산구 중노송동,경상사고,0,0,1,0,차대차 - 측면충돌,안전운전불이행,건조,기타,단일로 - 기타,승용,여,47세,상해없음,승용,남,35세,경상
2019011800100470,2019년 1월 18일 18시,금요일,전라북도 전주시 덕진구 중동,경상사고,0,0,2,0,차대차 - 정면충돌,안전운전불이행,건조,맑음,교차로 - 교차로안,승용,여,48세,상해없음,승용,남,51세,경상
2019011800100471,2019년 1월 18일 18시,금요일,전라북도 익산시 평화동,중상사고,0,1,0,0,차대사람 - 횡단중,안전운전불이행,건조,맑음,단일로 - 기타,승용,여,25세,상해없음,보행자,남,58세,중상
2019011800100472,2019년 1월 18일 18시,금요일,전라북도 장수군 산서면,중상사고,0,1,0,0,차량단독 - 공작물충돌,안전운전불이행,건조,맑음,단일로 - 기타,이륜,남,62세,중상,,,,
2019011800100557,2019년 1월 18일 20시,금요일,전라북도 전주시 덕진구 우아동1가,경상사고,0,0,2,0,차대차 - 기타,직진우회전진행방해,건조,맑음,교차로 - 교차로안,승용,남,44세,상해없음,승용,여,39세,경상
2019011800100558,2019년 1월 18일 20시,금요일,전라북도 군산시 명산동,중상사고,0,1,2,0,차대차 - 측면충돌,신호위반,건조,맑음,교차로 - 교차로안,승용,남,57세,상해없음,승용,남,68세,상해없음
2019011800100559,2019년 1월 18일 20시,금요일,전라북도 김제시 만경읍,중상사고,0,1,0,0,차대차 - 측면충돌,과속,건조,맑음,단일로 - 기타,승용,남,40세,상해없음,승용,남,79세,중상
2019011800100613,2019년 1월 18일 22시,금요일,전라북도 부안군 보안면,경상사고,0,0,1,0,차량단독 - 공작물충돌,안전운전불이행,건조,기타,교차로 - 교차로안,승합,남,66세,경상,,,,
2019011900100123,2019년 1월 19일 08시,토요일,전라북도 전주시 덕진구 덕진동2가,경상사고,0,0,1,0,차대차 - 측면충돌,신호위반,건조,맑음,교차로 - 교차로안,승용,남,59세,상해없음,화물,여,56세,경상
2019011900100139,2019년 1월 19일 09시,토요일,전라북도 군산시 조촌동,경상사고,0,0,1,0,차대차 - 기타,차로위반,건조,맑음,단일로 - 기타,승용,여,59세,상해없음,승용,남,42세,경상
2019011900100184,2019년 1월 19일 11시,토요일,전라북도 전주시 완산구 태평동,사망사고,1,0,0,0,차대차 - 기타,신호위반,건조,맑음,교차로 - 교차로안,건설기계,남,53세,상해없음,자전거,남,65세,사망
2019011900100185,2019년 1월 19일 11시,토요일,전라북도 전주시 완산구 삼천동1가,중상사고,0,2,0,0,차대차 - 기타,안전거리미확보,건조,맑음,기타 - 기타,승용,여,45세,상해없음,이륜,남,69세,중상
2019011900100186,2019년 1월 19일 11시,토요일,전라북도 전주시 완산구 평화동2가,중상사고,0,1,0,0,차대사람 - 횡단중,보행자보호의무위반,건조,맑음,교차로 - 교차로횡단보도내,화물,남,45세,상해없음,보행자,남,29세,중상
2019011900100187,2019년 1월 19일 11시,토요일,전라북도 부안군 부안읍,중상사고,0,2,0,0,차대차 - 측면충돌,직진우회전진행방해,건조,맑음,교차로 - 교차로안,자전거,남,86세,중상,원동기,남,75세,중상
2019011900100188,2019년 1월 19일 11시,토요일,전라북도 진안군 성수면,중상사고,0,2,2,0,차대차 - 측면충돌,직진우회전진행방해,건조,맑음,교차로 - 교차로안,승용,남,44세,중상,승용,남,55세,경상
2019011900100220,2019년 1월 19일 12시,토요일,전라북도 전주시 완산구 중화산동2가,중상사고,0,1,1,0,차대차 - 기타,신호위반,건조,맑음,교차로 - 교차로안,승용,여,62세,상해없음,승용,여,48세,경상
2019011900100221,2019년 1월 19일 12시,토요일,전라북도 군산시 경장동,경상사고,0,0,1,0,차대차 - 측면충돌,교차로운행방법위반,건조,맑음,교차로 - 교차로안,승용,남,48세,기타불명,승합,남,57세,상해없음
2019011900100323,2019년 1월 19일 16시,토요일,전라북도 정읍시 농소동,경상사고,0,0,2,0,차대차 - 추돌,안전운전불이행,건조,흐림,교차로 - 교차로부근,승용,여,61세,상해없음,승용,남,72세,경상
2019011900100337,2019년 1월 19일 17시,토요일,전라북도 군산시 오식도동,경상사고,0,0,1,0,차대차 - 측면충돌,직진우회전진행방해,건조,맑음,교차로 - 교차로안,승용,여,20세,상해없음,승용,남,31세,경상
2019011900100409,2019년 1월 19일 19시,토요일,전라북도 전주시 완산구 효자동2가,경상사고,0,0,4,0,차대차 - 측면충돌,안전운전불이행,젖음/습기,비,교차로 - 교차로부근,승용,남,28세,상해없음,승용,남,56세,경상
2019011900100410,2019년 1월 19일 19시,토요일,전라북도 전주시 덕진구 중동,중상사고,0,1,0,0,차량단독 - 기타,기타,건조,맑음,단일로 - 기타,승용,남,60세,상해없음,,,,
2019011900100435,2019년 1월 19일 20시,토요일,전라북도 전주시 완산구 평화동2가,중상사고,0,1,0,0,차대차 - 측면충돌,불법유턴,젖음/습기,비,단일로 - 기타,승용,여,34세,상해없음,이륜,남,33세,중상
2019011900100436,2019년 1월 19일 20시,토요일,전라북도 전주시 완산구 효자동3가,경상사고,0,0,1,0,차대차 - 측면충돌,안전운전불이행,젖음/습기,비,단일로 - 지하차도(도로)내,승용,여,24세,상해없음,승용,남,36세,경상
2019011900100437,2019년 1월 19일 20시,토요일,전라북도 정읍시 장명동,중상사고,0,1,0,0,차대사람 - 기타,신호위반,젖음/습기,비,교차로 - 교차로횡단보도내,승용,남,51세,상해없음,보행자,여,33세,중상
2019011900100463,2019년 1월 19일 21시,토요일,전라북도 김제시 서암동,경상사고,0,0,5,0,차대차 - 정면충돌,신호위반,젖음/습기,비,교차로 - 교차로안,승용,남,27세,상해없음,승용,남,34세,경상
2019012000100028,2019년 1월 20일 00시,일요일,전라북도 전주시 완산구 고사동,경상사고,0,0,1,0,차대차 - 측면충돌,신호위반,건조,맑음,교차로 - 교차로안,승용,남,27세,상해없음,승용,남,36세,경상
2019012000100070,2019년 1월 20일 02시,일요일,전라북도 익산시 영등동,중상사고,0,1,1,0,차대차 - 측면충돌,중앙선침범,건조,맑음,단일로 - 기타,승용,남,59세,상해없음,승용,남,31세,중상
2019012000100100,2019년 1월 20일 05시,일요일,전라북도 익산시 부송동,경상사고,0,0,1,0,차대사람 - 횡단중,신호위반,젖음/습기,흐림,교차로 - 교차로부근,승합,남,67세,상해없음,보행자,남,21세,경상
2019012000100106,2019년 1월 20일 06시,일요일,전라북도 전주시 완산구 중화산동2가,중상사고,0,1,0,0,차량단독 - 공작물충돌,안전운전불이행,젖음/습기,비,단일로 - 지하차도(도로)내,승용,남,39세,상해없음,,,,
2019012000100138,2019년 1월 20일 09시,일요일,전라북도 순창군 복흥면,경상사고,0,0,1,0,차량단독 - 기타,안전운전불이행,서리/결빙,맑음,단일로 - 기타,화물,남,72세,경상,,,,
2019012000100169,2019년 1월 20일 11시,일요일,전라북도 전주시 완산구 다가동2가,경상사고,0,0,1,0,차대차 - 측면충돌,안전운전불이행,건조,맑음,단일로 - 기타,자전거,남,77세,경상,승용,남,59세,상해없음
2019012000100170,2019년 1월 20일 11시,일요일,전라북도 군산시 죽성동,중상사고,0,1,0,0,차대사람 - 기타,안전운전불이행,건조,맑음,교차로 - 교차로부근,승용,여,23세,상해없음,보행자,남,4세,중상
2019012000100191,2019년 1월 20일 12시,일요일,전라북도 정읍시 상동,중상사고,0,3,0,0,차대차 - 기타,중앙선침범,건조,맑음,단일로 - 기타,승용,남,29세,상해없음,승용,여,51세,중상
2019012000100230,2019년 1월 20일 14시,일요일,전라북도 임실군 신덕면,중상사고,0,3,1,0,차대차 - 측면충돌,중앙선침범,서리/결빙,맑음,단일로 - 지하차도(도로)내,화물,남,56세,상해없음,승용,남,55세,경상
2019012000100231,2019년 1월 20일 14시,일요일,전라북도 무주군 적상면,중상사고,0,1,2,0,차량단독 - 전도전복 - 전도,안전운전불이행,서리/결빙,맑음,단일로 - 기타,승합,남,65세,경상,,,,
2019012000100232,2019년 1월 20일 14시,일요일,전라북도 완주군 삼례읍,경상사고,0,0,1,0,차대차 - 측면충돌,안전거리미확보,건조,맑음,교차로 - 교차로부근,이륜,남,68세,경상,승용,여,61세,상해없음
2019012000100278,2019년 1월 20일 16시,일요일,전라북도 전주시 덕진구 덕진동1가,경상사고,0,0,2,0,차대차 - 측면충돌,불법유턴,건조,맑음,교차로 - 교차로안,승용,남,25세,상해없음,승용,여,37세,경상
2019012000100306,2019년 1월 20일 17시,일요일,전라북도 전주시 덕진구 우아동3가,중상사고,0,2,0,0,차대차 - 측면충돌,직진우회전진행방해,건조,맑음,교차로 - 교차로안,승용,여,42세,상해없음,승용,남,67세,중상
2019012000100342,2019년 1월 20일 18시,일요일,전라북도 전주시 덕진구 송천동1가,중상사고,0,1,0,0,차대사람 - 기타,중앙선침범,건조,맑음,교차로 - 교차로안,승용,남,43세,상해없음,보행자,여,76세,중상
2019012000100343,2019년 1월 20일 18시,일요일,전라북도 익산시 모현동1가,경상사고,0,0,1,0,차대차 - 측면충돌,신호위반,건조,맑음,교차로 - 교차로안,화물,남,56세,상해없음,승용,남,41세,경상
2019012000100415,2019년 1월 20일 20시,일요일,전라북도 익산시 영등동,경상사고,0,0,1,0,차대차 - 측면충돌,신호위반,건조,맑음,교차로 - 교차로안,승용,남,24세,상해없음,승용,남,39세,경상
2019012100100028,2019년 1월 21일 00시,월요일,전라북도 전주시 완산구 서신동,경상사고,0,0,3,0,차대차 - 측면충돌,신호위반,건조,맑음,교차로 - 교차로안,승용,남,29세,상해없음,승용,남,62세,경상
2019012100100038,2019년 1월 21일 02시,월요일,전라북도 전주시 완산구 효자동3가,경상사고,0,0,1,0,차대차 - 측면충돌,교차로운행방법위반,건조,맑음,교차로 - 교차로안,승용,여,56세,상해없음,승용,남,53세,상해없음
2019012100100040,2019년 1월 21일 03시,월요일,전라북도 전주시 완산구 효자동2가,경상사고,0,0,1,0,차대차 - 추돌,안전거리미확보,건조,맑음,단일로 - 기타,승용,남,24세,상해없음,승용,남,55세,경상
2019012100100176,2019년 1월 21일 10시,월요일,전라북도 임실군 성수면,경상사고,0,0,1,0,차량단독 - 공작물충돌,안전운전불이행,건조,맑음,단일로 - 교량,화물,남,46세,상해없음,,,,
2019012100100204,2019년 1월 21일 11시,월요일,전라북도 전주시 완산구 효자동2가,경상사고,0,0,1,0,차대차 - 추돌,안전운전불이행,건조,맑음,교차로 - 교차로안,승용,여,56세,상해없음,화물,남,64세,경상
2019012100100231,2019년 1월 21일 12시,월요일,전라북도 익산시 남중동,경상사고,0,0,1,0,차대차 - 측면충돌,안전운전불이행,건조,맑음,교차로 - 교차로안,화물,남,58세,상해없음,승용,남,67세,경상
2019012100100282,2019년 1월 21일 14시,월요일,전라북도 전주시 완산구 서노송동,경상사고,0,0,4,0,차대차 - 측면충돌,교차로운행방법위반,건조,맑음,교차로 - 교차로안,승용,남,66세,상해없음,승용,남,57세,경상
2019012100100283,2019년 1월 21일 14시,월요일,전라북도 익산시 영등동,경상사고,0,0,1,0,차대차 - 추돌,안전운전불이행,건조,맑음,단일로 - 기타,승용,여,46세,상해없음,승용,남,38세,경상
2019012100100311,2019년 1월 21일 15시,월요일,전라북도 군산시 장재동,중상사고,0,1,1,0,차대차 - 기타,신호위반,건조,맑음,교차로 - 교차로안,승용,남,59세,상해없음,승용,남,44세,중상
2019012100100341,2019년 1월 21일 16시,월요일,전라북도 군산시 신풍동,경상사고,0,0,1,0,차대사람 - 보도통행중,신호위반,건조,맑음,교차로 - 교차로횡단보도내,승용,남,67세,상해없음,보행자,여,56세,경상
2019012100100342,2019년 1월 21일 16시,월요일,전라북도 익산시 영등동,중상사고,0,1,0,0,차대사람 - 횡단중,안전운전불이행,건조,맑음,단일로 - 기타,승용,여,67세,상해없음,보행자,여,44세,중상
2019012100100343,2019년 1월 21일 16시,월요일,전라북도 익산시 남중동,경상사고,0,0,1,0,차대사람 - 횡단중,신호위반,건조,맑음,교차로 - 교차로횡단보도내,화물,남,75세,상해없음,보행자,여,62세,경상
2019012100100409,2019년 1월 21일 18시,월요일,전라북도 익산시 목천동,경상사고,0,0,1,0,차대차 - 측면충돌,안전운전불이행,건조,맑음,단일로 - 기타,승용,남,63세,상해없음,승용,남,53세,경상
2019012100100410,2019년 1월 21일 18시,월요일,전라북도 김제시 백구면,경상사고,0,0,1,0,차대차 - 측면충돌,안전운전불이행,건조,맑음,교차로 - 교차로안,승용,여,59세,상해없음,승용,여,56세,경상
2019012100100411,2019년 1월 21일 18시,월요일,전라북도 부안군 부안읍,경상사고,0,0,2,0,차대차 - 측면충돌,교차로운행방법위반,건조,맑음,교차로 - 교차로안,승용,여,37세,경상,승용,여,45세,경상
2019012100100412,2019년 1월 21일 18시,월요일,전라북도 순창군 순창읍,경상사고,0,0,1,0,차대차 - 측면충돌,안전거리미확보,건조,맑음,교차로 - 교차로부근,자전거,여,67세,경상,승용,여,31세,상해없음
2019012100100460,2019년 1월 21일 19시,월요일,전라북도 전주시 덕진구 인후동1가,중상사고,0,1,1,0,차대사람 - 보도통행중,기타,건조,맑음,기타 - 기타,승용,남,37세,상해없음,보행자,여,45세,중상
2019012100100461,2019년 1월 21일 19시,월요일,전라북도 정읍시 수성동,중상사고,0,1,0,0,차대사람 - 횡단중,안전운전불이행,건조,맑음,교차로 - 교차로부근,승용,남,35세,기타불명,보행자,여,47세,중상
2019012100100462,2019년 1월 21일 19시,월요일,전라북도 고창군 성송면,경상사고,0,0,1,0,차대사람 - 길가장자리구역통행중,안전운전불이행,건조,맑음,교차로 - 교차로부근,승용,여,70세,상해없음,보행자,남,63세,경상
2019012200100078,2019년 1월 22일 05시,화요일,전라북도 전주시 완산구 다가동2가,경상사고,0,0,1,0,차대차 - 측면충돌,신호위반,건조,맑음,교차로 - 교차로안,화물,남,64세,상해없음,화물,남,47세,경상
2019012200100079,2019년 1월 22일 05시,화요일,전라북도 완주군 삼례읍,중상사고,0,1,1,0,차대차 - 측면충돌,신호위반,건조,맑음,교차로 - 교차로안,승용,남,34세,상해없음,승용,남,41세,중상
2019012200100227,2019년 1월 22일 10시,화요일,전라북도 군산시 개정동,경상사고,0,0,1,0,차대차 - 추돌,안전거리미확보,건조,맑음,교차로 - 교차로부근,승합,남,57세,상해없음,승용,남,25세,경상
2019012200100228,2019년 1월 22일 10시,화요일,전라북도 부안군 부안읍,경상사고,0,0,1,0,차대사람 - 차도통행중,안전운전불이행,건조,맑음,단일로 - 기타,승용,남,70세,상해없음,보행자,여,84세,경상
2019012200100257,2019년 1월 22일 11시,화요일,전라북도 익산시 용안면,경상사고,0,0,3,0,차대차 - 추돌,안전운전불이행,건조,맑음,교차로 - 교차로부근,화물,남,60세,상해없음,승용,남,58세,경상
2019012200100282,2019년 1월 22일 12시,화요일,전라북도 전주시 덕진구 덕진동1가,중상사고,0,1,0,0,차대차 - 측면충돌,신호위반,건조,맑음,교차로 - 교차로안,승용,남,49세,상해없음,승용,여,60세,중상
2019012200100283,2019년 1월 22일 12시,화요일,전라북도 익산시 마동,경상사고,0,0,2,0,차대차 - 추돌,안전운전불이행,건조,맑음,단일로 - 기타,승용,여,59세,상해없음,승용,남,27세,경상
2019012200100330,2019년 1월 22일 14시,화요일,전라북도 고창군 고창읍,중상사고,0,1,0,0,차대차 - 측면충돌,신호위반,건조,맑음,교차로 - 교차로안,승용,남,73세,상해없음,승용,여,66세,중상
2019012200100363,2019년 1월 22일 15시,화요일,전라북도 전주시 덕진구 장동,중상사고,0,1,0,0,차대사람 - 횡단중,신호위반,건조,흐림,단일로 - 기타,승용,여,31세,상해없음,보행자,여,27세,중상
2019012200100364,2019년 1월 22일 15시,화요일,전라북도 무주군 설천면,경상사고,0,0,2,0,차량단독 - 도로외이탈 - 추락,안전운전불이행,건조,맑음,단일로 - 기타,승용,남,21세,경상,,,,
2019012200100391,2019년 1월 22일 16시,화요일,전라북도 전주시 완산구 서신동,경상사고,0,0,1,0,차대차 - 측면충돌,신호위반,건조,맑음,단일로 - 기타,승용,여,54세,상해없음,승용,여,26세,경상
2019012200100392,2019년 1월 22일 16시,화요일,전라북도 익산시 부송동,경상사고,0,0,1,0,차대차 - 추돌,안전운전불이행,건조,맑음,단일로 - 기타,승용,여,39세,상해없음,승용,여,50세,경상
2019012200100419,2019년 1월 22일 17시,화요일,전라북도 전주시 덕진구 호성동1가,중상사고,0,1,0,0,차대사람 - 차도통행중,안전운전불이행,건조,맑음,단일로 - 기타,승용,남,51세,상해없음,보행자,남,11세,중상
2019012200100579,2019년 1월 22일 22시,화요일,전라북도 전주시 완산구 서노송동,중상사고,0,1,0,0,차대차 - 정면충돌,신호위반,건조,맑음,교차로 - 교차로안,승용,여,59세,상해없음,이륜,남,55세,중상
2019012300100109,2019년 1월 23일 07시,수요일,전라북도 전주시 완산구 효자동3가,경상사고,0,0,1,0,차대차 - 측면충돌,안전운전불이행,건조,맑음,교차로 - 교차로안,승용,남,22세,상해없음,승용,여,38세,경상
2019012300100110,2019년 1월 23일 07시,수요일,전라북도 정읍시 북면,중상사고,0,1,0,0,차대차 - 추돌,안전운전불이행,건조,맑음,단일로 - 기타,화물,남,53세,상해없음,이륜,남,81세,중상
2019012300100140,2019년 1월 23일 08시,수요일,전라북도 정읍시 수성동,중상사고,0,1,0,0,차대사람 - 기타,안전운전불이행,건조,맑음,교차로 - 교차로안,승용,여,34세,상해없음,보행자,남,66세,중상
2019012300100230,2019년 1월 23일 11시,수요일,전라북도 전주시 완산구 효자동3가,중상사고,0,3,2,0,차대차 - 기타,신호위반,건조,맑음,교차로 - 교차로안,승용,여,48세,상해없음,승용,여,43세,경상
2019012300100231,2019년 1월 23일 11시,수요일,전라북도 군산시 대야면,경상사고,0,0,4,0,차대차 - 측면충돌,신호위반,건조,맑음,교차로 - 교차로안,승합,남,53세,상해없음,승용,남,79세,경상
2019012300100232,2019년 1월 23일 11시,수요일,전라북도 군산시 나운동,경상사고,0,0,1,0,차대사람 - 횡단중,안전운전불이행,건조,맑음,교차로 - 교차로안,승용,남,82세,상해없음,보행자,여,15세,경상
2019012300100258,2019년 1월 23일 12시,수요일,전라북도 군산시 해망동,중상사고,0,1,0,0,차대차 - 측면충돌,안전운전불이행,건조,맑음,단일로 - 기타,건설기계,남,49세,상해없음,승용,남,69세,중상
2019012300100282,2019년 1월 23일 13시,수요일,전라북도 익산시 부송동,경상사고,0,0,1,0,차대차 - 측면충돌,직진우회전진행방해,건조,맑음,교차로 - 교차로안,화물,남,61세,상해없음,화물,남,50세,경상
2019012300100283,2019년 1월 23일 13시,수요일,전라북도 남원시 하정동,경상사고,0,0,1,0,차대사람 - 횡단중,안전운전불이행,건조,맑음,단일로 - 기타,화물,남,50세,상해없음,보행자,여,80세,경상
2019012300100284,2019년 1월 23일 13시,수요일,전라북도 임실군 성수면,경상사고,0,0,1,0,차대차 - 측면충돌,교차로운행방법위반,건조,맑음,교차로 - 교차로안,승용,남,42세,상해없음,화물,남,66세,경상
2019012300100285,2019년 1월 23일 13시,수요일,전라북도 완주군 화산면,사망사고,1,0,0,0,차량단독 - 전도전복 - 전복,안전거리미확보,건조,맑음,교차로 - 교차로부근,자전거,남,45세,사망,,,,
2019012300100308,2019년 1월 23일 14시,수요일,전라북도 장수군 장수읍,경상사고,0,0,1,0,차대차 - 측면충돌,교차로운행방법위반,건조,맑음,교차로 - 교차로안,화물,남,69세,상해없음,승용,남,67세,경상
2019012300100335,2019년 1월 23일 15시,수요일,전라북도 김제시 상동동,중상사고,0,1,2,0,차대차 - 추돌,안전운전불이행,건조,맑음,단일로 - 기타,승용,남,43세,상해없음,승용,남,42세,중상
2019012300100336,2019년 1월 23일 15시,수요일,전라북도 무주군 무주읍,중상사고,0,1,0,0,차대차 - 추돌,안전운전불이행,건조,맑음,단일로 - 터널,승합,남,43세,상해없음,농기계,남,67세,중상
2019012300100424,2019년 1월 23일 18시,수요일,전라북도 전주시 덕진구 우아동2가,경상사고,0,0,4,0,차대차 - 기타,안전운전불이행,건조,기타,교차로 - 교차로안,승용,남,63세,상해없음,승용,여,49세,경상
2019012300100425,2019년 1월 23일 18시,수요일,전라북도 익산시 낭산면,경상사고,0,0,1,0,차대차 - 측면충돌,중앙선침범,젖음/습기,맑음,단일로 - 기타,승용,여,55세,상해없음,승용,남,33세,경상
2019012300100494,2019년 1월 23일 20시,수요일,전라북도 전주시 덕진구 인후동1가,중상사고,0,1,0,0,차대차 - 기타,안전운전불이행,건조,기타,교차로 - 교차로부근,승용,여,42세,상해없음,이륜,남,17세,중상
2019012400100026,2019년 1월 24일 00시,목요일,전라북도 고창군 고창읍,경상사고,0,0,1,0,차대사람 - 기타,보행자보호의무위반,건조,맑음,교차로 - 교차로횡단보도내,승용,남,23세,상해없음,보행자,남,61세,경상
2019012400100078,2019년 1월 24일 06시,목요일,전라북도 익산시 함라면,경상사고,0,0,1,0,차대차 - 측면충돌,안전거리미확보,건조,맑음,단일로 - 기타,화물,남,38세,상해없음,승용,남,60세,경상
2019012400100097,2019년 1월 24일 07시,목요일,전라북도 전주시 완산구 경원동3가,중상사고,0,1,0,0,차대사람 - 기타,안전운전불이행,건조,맑음,교차로 - 교차로부근,승용,남,52세,상해없음,보행자,여,80세,중상
2019012400100098,2019년 1월 24일 07시,목요일,전라북도 전주시 덕진구 덕진동2가,중상사고,0,1,0,0,차대사람 - 횡단중,신호위반,건조,맑음,교차로 - 교차로횡단보도내,화물,남,38세,상해없음,보행자,남,19세,중상
2019012400100125,2019년 1월 24일 08시,목요일,전라북도 정읍시 수성동,경상사고,0,0,2,0,차대차 - 추돌,신호위반,건조,맑음,교차로 - 교차로부근,승용,남,32세,경상,승용,남,55세,경상
2019012400100126,2019년 1월 24일 08시,목요일,전라북도 완주군 삼례읍,경상사고,0,0,1,0,차대사람 - 횡단중,보행자보호의무위반,건조,맑음,교차로 - 교차로횡단보도내,승용,남,44세,상해없음,보행자,여,50세,경상
2019012400100154,2019년 1월 24일 09시,목요일,전라북도 전주시 완산구 서노송동,중상사고,0,1,0,0,차대사람 - 횡단중,보행자보호의무위반,건조,맑음,교차로 - 교차로안,승용,여,63세,상해없음,보행자,여,82세,중상
2019012400100155,2019년 1월 24일 09시,목요일,전라북도 익산시 마동,경상사고,0,0,2,0,차대차 - 측면충돌,신호위반,건조,맑음,교차로 - 교차로안,화물,남,67세,상해없음,승용,여,28세,경상
2019012400100156,2019년 1월 24일 09시,목요일,전라북도 무주군 적상면,중상사고,0,2,0,0,차대차 - 정면충돌,안전운전불이행,건조,맑음,교차로 - 교차로안,화물,남,68세,중상,화물,남,44세,중상
2019012400100181,2019년 1월 24일 10시,목요일,전라북도 전주시 완산구 효자동3가,중상사고,0,1,0,0,차대사람 - 횡단중,안전운전불이행,건조,맑음,단일로 - 기타,승용,남,79세,상해없음,보행자,남,72세,중상
2019012400100182,2019년 1월 24일 10시,목요일,전라북도 전주시 덕진구 송천동1가,중상사고,0,1,0,0,차대사람 - 횡단중,신호위반,건조,맑음,교차로 - 교차로횡단보도내,승용,남,40세,상해없음,보행자,여,73세,중상
2019012400100183,2019년 1월 24일 10시,목요일,전라북도 익산시 갈산동,중상사고,0,1,2,0,차대차 - 기타,신호위반,건조,맑음,교차로 - 교차로안,이륜,남,82세,상해없음,승용,남,58세,경상
2019012400100184,2019년 1월 24일 10시,목요일,전라북도 익산시 마동,경상사고,0,0,1,0,차대차 - 기타,안전운전불이행,건조,맑음,교차로 - 교차로안,화물,남,52세,상해없음,이륜,남,61세,경상
2019012400100185,2019년 1월 24일 10시,목요일,전라북도 익산시 동산동,중상사고,0,1,1,0,차대차 - 정면충돌,신호위반,건조,맑음,교차로 - 교차로안,승용,여,48세,상해없음,화물,남,33세,경상
2019012400100242,2019년 1월 24일 12시,목요일,전라북도 군산시 수송동,경상사고,0,0,1,0,차대사람 - 기타,안전운전불이행,건조,맑음,단일로 - 기타,승용,남,52세,상해없음,보행자,여,59세,경상
2019012400100265,2019년 1월 24일 13시,목요일,전라북도 군산시 수송동,경상사고,0,0,1,0,차대차 - 기타,교차로운행방법위반,건조,맑음,교차로 - 교차로안,승용,남,70세,상해없음,승합,남,60세,경상
2019012400100266,2019년 1월 24일 13시,목요일,전라북도 군산시 소룡동,경상사고,0,0,1,0,차대차 - 추돌,안전거리미확보,건조,맑음,교차로 - 교차로안,승용,남,53세,상해없음,승합,남,31세,경상
2019012400100267,2019년 1월 24일 13시,목요일,전라북도 익산시 영등동,경상사고,0,0,2,0,차대차 - 기타,중앙선침범,건조,맑음,단일로 - 기타,이륜,남,41세,상해없음,승용,남,67세,경상
2019012400100298,2019년 1월 24일 14시,목요일,전라북도 전주시 완산구 효자동1가,중상사고,0,1,0,0,차대차 - 기타,교차로운행방법위반,건조,맑음,교차로 - 교차로안,화물,남,29세,상해없음,이륜,남,53세,중상
2019012400100369,2019년 1월 24일 16시,목요일,전라북도 전주시 덕진구 인후동1가,중상사고,0,1,0,0,차대차 - 측면충돌,직진우회전진행방해,건조,맑음,교차로 - 교차로안,승용,남,65세,상해없음,승용,여,43세,중상
2019012400100443,2019년 1월 24일 18시,목요일,전라북도 전주시 덕진구 반월동,경상사고,0,0,1,0,차대차 - 측면충돌,교차로운행방법위반,건조,맑음,교차로 - 교차로안,승용,여,56세,상해없음,승합,남,49세,경상
2019012400100444,2019년 1월 24일 18시,목요일,전라북도 순창군 구림면,중상사고,0,1,0,0,차대차 - 추돌,안전운전불이행,건조,맑음,단일로 - 기타,승용,남,49세,상해없음,농기계,남,79세,중상
2019012400100513,2019년 1월 24일 20시,목요일,전라북도 정읍시 상동,경상사고,0,0,1,0,차대사람 - 횡단중,보행자보호의무위반,건조,맑음,교차로 - 교차로안,승합,남,22세,상해없음,보행자,여,69세,경상
2019012400100540,2019년 1월 24일 21시,목요일,전라북도 전주시 완산구 중화산동2가,중상사고,0,1,0,0,차대차 - 기타,신호위반,건조,맑음,교차로 - 교차로안,승용,남,55세,상해없음,이륜,남,54세,중상
2019012400100564,2019년 1월 24일 22시,목요일,전라북도 전주시 덕진구 금암동,경상사고,0,0,1,0,차대차 - 측면충돌,안전운전불이행,건조,맑음,교차로 - 교차로횡단보도내,승용,남,26세,상해없음,자전거,남,24세,경상
2019012400100565,2019년 1월 24일 22시,목요일,전라북도 군산시 미룡동,경상사고,0,0,1,0,차대차 - 측면충돌,신호위반,건조,맑음,교차로 - 교차로안,승용,여,68세,상해없음,승용,여,25세,경상