사고번호,사고일시,요일,시군구,사고내용,사망자수,중상자수,경상자수,부상신고자수,사고유형,법규위반,노면상태,기상상태,도로형태,가해운전자 차종,가해운전자 성별,가해운전자 연령,가해운전자 상해정도,피해운전자 차종,피해운전자 성별,피해운전자 연령,피해운전자 상해정도
2019012400100591,2019년 1월 24일 23시,목요일,전라북도 군산시 서흥남동,중상사고,0,1,2,0,차대차 - 측면충돌,직진우회전진행방해,건조,맑음,교차로 - 교차로안,승용,남,70세,경상,이륜,남,18세,중상
2019012500100045,2019년 1월 25일 01시,금요일,전라북도 전주시 완산구 평화동1가,경상사고,0,0,1,0,차대차 - 기타,중앙선침범,건조,맑음,단일로 - 기타,승용,남,48세,상해없음,승용,남,40세,경상
2019012500100119,2019년 1월 25일 08시,금요일,전라북도 군산시 사정동,경상사고,0,0,1,0,차대차 - 추돌,안전운전불이행,건조,맑음,교차로 - 교차로부근,화물,남,66세,상해없음,승용,남,40세,경상
2019012500100153,2019년 1월 25일 09시,금요일,전라북도 익산시 춘포면,경상사고,0,0,5,0,차대차 - 측면충돌,신호위반,건조,맑음,교차로 - 교차로안,승용,남,26세,상해없음,승용,여,41세,경상
2019012500100193,2019년 1월 25일 11시,금요일,전라북도 전주시 덕진구 인후동2가,경상사고,0,0,1,0,차대차 - 기타,불법유턴,건조,맑음,단일로 - 기타,이륜,남,81세,상해없음,화물,남,73세,경상
2019012500100194,2019년 1월 25일 11시,금요일,전라북도 익산시 남중동,중상사고,0,1,0,0,차대사람 - 차도통행중,안전운전불이행,건조,맑음,교차로 - 교차로부근,승합,남,54세,상해없음,보행자,여,70세,중상
2019012500100195,2019년 1월 25일 11시,금요일,전라북도 익산시 영등동,중상사고,0,1,0,0,차대사람 - 횡단중,안전운전불이행,건조,맑음,교차로 - 교차로부근,승합,남,68세,상해없음,보행자,여,79세,중상
2019012500100196,2019년 1월 25일 11시,금요일,전라북도 김제시 요촌동,경상사고,0,0,1,0,차대차 - 측면충돌,교차로운행방법위반,건조,맑음,교차로 - 교차로안,승용,남,30세,상해없음,승용,여,60세,경상
2019012500100225,2019년 1월 25일 12시,금요일,전라북도 익산시 함열읍,중상사고,0,1,0,0,차대사람 - 길가장자리구역통행중,안전운전불이행,건조,맑음,단일로 - 기타,화물,남,65세,상해없음,보행자,여,77세,중상
2019012500100226,2019년 1월 25일 12시,금요일,전라북도 완주군 봉동읍,중상사고,0,1,0,0,차대차 - 기타,교차로운행방법위반,건조,맑음,교차로 - 교차로안,승용,여,42세,상해없음,이륜,여,68세,중상
2019012500100259,2019년 1월 25일 13시,금요일,전라북도 군산시 미룡동,경상사고,0,0,1,0,차대차 - 추돌,안전운전불이행,건조,맑음,교차로 - 교차로부근,승용,남,58세,상해없음,승용,남,29세,경상
2019012500100294,2019년 1월 25일 14시,금요일,전라북도 익산시 어양동,중상사고,0,1,0,0,차대사람 - 차도통행중,안전운전불이행,건조,맑음,단일로 - 기타,기타불명,기타불명,미분류,기타불명,보행자,여,17세,중상
2019012500100333,2019년 1월 25일 15시,금요일,전라북도 전주시 덕진구 송천동1가,경상사고,0,0,1,0,차대사람 - 횡단중,보행자보호의무위반,건조,맑음,교차로 - 교차로횡단보도내,이륜,남,20세,상해없음,보행자,남,9세,경상
2019012500100334,2019년 1월 25일 15시,금요일,전라북도 남원시 죽항동,중상사고,0,1,0,0,차대차 - 기타,안전운전불이행,건조,맑음,교차로 - 교차로안,승용,남,65세,상해없음,자전거,남,68세,중상
2019012500100368,2019년 1월 25일 16시,금요일,전라북도 전주시 완산구 태평동,경상사고,0,0,1,0,차대사람 - 차도통행중,안전운전불이행,건조,맑음,교차로 - 교차로부근,화물,남,44세,상해없음,보행자,여,59세,경상
2019012500100458,2019년 1월 25일 18시,금요일,전라북도 익산시 덕기동,경상사고,0,0,1,0,차대차 - 측면충돌,안전운전불이행,건조,맑음,교차로 - 교차로부근,화물,남,34세,상해없음,승용,남,51세,경상
2019012500100623,2019년 1월 25일 23시,금요일,전라북도 전주시 완산구 서신동,경상사고,0,0,1,0,차대차 - 추돌,안전운전불이행,건조,맑음,교차로 - 교차로부근,승용,남,34세,상해없음,승용,남,56세,경상
2019012500100624,2019년 1월 25일 23시,금요일,전라북도 전주시 덕진구 인후동1가,경상사고,0,0,2,0,차대차 - 추돌,안전운전불이행,건조,맑음,교차로 - 교차로안,승용,남,56세,상해없음,승용,남,27세,경상
2019012500100625,2019년 1월 25일 23시,금요일,전라북도 익산시 여산면,사망사고,1,2,0,0,차대차 - 정면충돌,과속,건조,맑음,단일로 - 기타,승용,남,26세,중상,승용,남,52세,중상
2019012600100033,2019년 1월 26일 00시,토요일,전라북도 군산시 나운동,경상사고,0,0,1,0,차대사람 - 기타,안전운전불이행,건조,맑음,단일로 - 기타,승용,남,45세,상해없음,보행자,남,51세,경상
2019012600100097,2019년 1월 26일 06시,토요일,전라북도 전주시 덕진구 여의동,중상사고,0,1,0,0,차대차 - 기타,안전운전불이행,건조,맑음,교차로 - 교차로안,승용,남,54세,상해없음,승용,여,44세,중상
2019012600100110,2019년 1월 26일 07시,토요일,전라북도 군산시 해망동,경상사고,0,0,1,0,차대차 - 기타,교차로운행방법위반,건조,맑음,교차로 - 교차로안,화물,남,43세,상해없음,승용,남,35세,경상
2019012600100124,2019년 1월 26일 08시,토요일,전라북도 익산시 신동,중상사고,0,1,1,0,차대차 - 측면충돌,신호위반,건조,맑음,교차로 - 교차로안,승용,남,64세,상해없음,승용,남,20세,경상
2019012600100125,2019년 1월 26일 08시,토요일,전라북도 김제시 신풍동,경상사고,0,0,1,0,차대차 - 측면충돌,불법유턴,건조,맑음,단일로 - 기타,승용,남,21세,상해없음,승용,남,33세,경상
2019012600100195,2019년 1월 26일 11시,토요일,전라북도 군산시 나운동,경상사고,0,0,2,0,차대차 - 측면충돌,안전운전불이행,건조,맑음,단일로 - 지하차도(도로)내,승용,여,53세,상해없음,승용,남,41세,경상
2019012600100196,2019년 1월 26일 11시,토요일,전라북도 진안군 진안읍,중상사고,0,1,0,0,차대차 - 추돌,안전운전불이행,건조,맑음,교차로 - 교차로안,화물,남,59세,상해없음,이륜,남,53세,중상
2019012600100227,2019년 1월 26일 12시,토요일,전라북도 군산시 영화동,경상사고,0,0,2,0,차대차 - 추돌,교차로운행방법위반,건조,맑음,교차로 - 교차로안,승용,남,44세,상해없음,승용,남,22세,경상
2019012600100264,2019년 1월 26일 13시,토요일,전라북도 전주시 덕진구 인후동2가,중상사고,0,1,0,0,차대차 - 측면충돌,직진우회전진행방해,건조,맑음,교차로 - 교차로안,승용,남,52세,상해없음,이륜,남,42세,중상
2019012600100265,2019년 1월 26일 13시,토요일,전라북도 정읍시 태인면,중상사고,0,2,1,0,차대차 - 측면충돌,신호위반,건조,맑음,교차로 - 교차로안,화물,남,62세,중상,승용,여,43세,경상
2019012600100299,2019년 1월 26일 14시,토요일,전라북도 전주시 완산구 전동,경상사고,0,0,2,0,차대사람 - 횡단중,보행자보호의무위반,건조,맑음,교차로 - 교차로횡단보도내,승용,남,61세,상해없음,보행자,여,24세,경상
2019012600100300,2019년 1월 26일 14시,토요일,전라북도 김제시 검산동,경상사고,0,0,1,0,차대사람 - 횡단중,신호위반,건조,맑음,단일로 - 기타,승용,남,59세,상해없음,보행자,남,8세,경상
2019012600100437,2019년 1월 26일 18시,토요일,전라북도 군산시 나운동,경상사고,0,0,1,0,차대사람 - 횡단중,안전운전불이행,건조,맑음,교차로 - 교차로부근,승용,남,64세,상해없음,보행자,여,65세,경상
2019012600100478,2019년 1월 26일 19시,토요일,전라북도 군산시 나운동,경상사고,0,0,1,0,차대차 - 측면충돌,안전운전불이행,건조,맑음,교차로 - 교차로부근,승용,남,44세,상해없음,이륜,남,46세,경상
2019012600100479,2019년 1월 26일 19시,토요일,전라북도 군산시 나운동,경상사고,0,0,1,0,차대사람 - 횡단중,보행자보호의무위반,건조,맑음,교차로 - 교차로횡단보도내,이륜,남,43세,상해없음,보행자,남,52세,경상
2019012600100510,2019년 1월 26일 20시,토요일,전라북도 전주시 덕진구 인후동1가,경상사고,0,0,2,0,차대차 - 측면충돌,안전거리미확보,건조,맑음,단일로 - 기타,승용,남,68세,상해없음,승용,남,42세,경상
2019012600100511,2019년 1월 26일 20시,토요일,전라북도 익산시 어양동,경상사고,0,0,1,0,차대차 - 측면충돌,안전운전불이행,건조,맑음,교차로 - 교차로안,승용,남,49세,상해없음,이륜,남,25세,경상
2019012600100542,2019년 1월 26일 21시,토요일,전라북도 남원시 월락동,경상사고,0,0,1,0,차대사람 - 차도통행중,안전운전불이행,건조,맑음,단일로 - 기타,승용,남,59세,상해없음,보행자,남,50세,경상
2019012600100590,2019년 1월 26일 23시,토요일,전라북도 군산시 문화동,중상사고,0,1,0,0,차대사람 - 기타,안전운전불이행,건조,맑음,교차로 - 교차로안,승용,남,68세,상해없음,보행자,남,54세,중상
2019012700100080,2019년 1월 27일 07시,일요일,전라북도 익산시 신동,경상사고,0,0,1,0,차대차 - 측면충돌,안전운전불이행,건조,맑음,단일로 - 기타,승용,남,66세,상해없음,승합,남,55세,상해없음
2019012700100081,2019년 1월 27일 07시,일요일,전라북도 정읍시 태인면,중상사고,0,2,1,0,차대차 - 추돌,안전운전불이행,건조,맑음,교차로 - 교차로부근,화물,남,69세,경상,화물,남,55세,상해없음
2019012700100117,2019년 1월 27일 10시,일요일,전라북도 전주시 완산구 평화동1가,중상사고,0,1,0,0,차대사람 - 횡단중,안전운전불이행,건조,맑음,교차로 - 교차로안,승용,여,33세,상해없음,보행자,여,80세,중상
2019012700100118,2019년 1월 27일 10시,일요일,전라북도 전주시 덕진구 여의동,중상사고,0,1,0,0,차대사람 - 횡단중,보행자보호의무위반,건조,맑음,교차로 - 교차로횡단보도내,승합,여,53세,상해없음,보행자,여,19세,중상
2019012700100129,2019년 1월 27일 11시,일요일,전라북도 익산시 인화동2가,경상사고,0,0,3,0,차대차 - 측면충돌,안전운전불이행,건조,맑음,교차로 - 교차로안,승용,남,57세,상해없음,승용,남,46세,경상
2019012700100130,2019년 1월 27일 11시,일요일,전라북도 김제시 흥사동,중상사고,0,1,2,0,차대차 - 측면충돌,직진우회전진행방해,건조,맑음,교차로 - 교차로안,승용,남,36세,상해없음,승용,남,40세,경상
2019012700100210,2019년 1월 27일 14시,일요일,전라북도 정읍시 북면,중상사고,0,1,2,0,차대차 - 정면충돌,직진우회전진행방해,건조,맑음,교차로 - 교차로안,승용,여,32세,상해없음,승용,여,48세,중상
2019012700100233,2019년 1월 27일 15시,일요일,전라북도 남원시 죽항동,경상사고,0,0,1,0,차대사람 - 기타,안전운전불이행,건조,맑음,단일로 - 기타,화물,남,72세,상해없음,보행자,남,49세,경상
2019012700100287,2019년 1월 27일 17시,일요일,전라북도 전주시 완산구 효자동2가,경상사고,0,0,4,0,차대차 - 기타,안전운전불이행,건조,맑음,단일로 - 기타,승용,남,24세,상해없음,승용,남,32세,경상
2019012700100288,2019년 1월 27일 17시,일요일,전라북도 전주시 완산구 서신동,경상사고,0,0,1,0,차대차 - 측면충돌,신호위반,건조,맑음,교차로 - 교차로안,화물,남,47세,상해없음,이륜,여,20세,경상
2019012700100289,2019년 1월 27일 17시,일요일,전라북도 익산시 남중동,경상사고,0,0,1,0,차대사람 - 기타,신호위반,건조,맑음,교차로 - 교차로횡단보도내,화물,여,54세,상해없음,보행자,남,88세,경상
2019012800100125,2019년 1월 28일 07시,월요일,전라북도 정읍시 시기동,중상사고,0,1,0,0,차대사람 - 횡단중,안전운전불이행,젖음/습기,비,단일로 - 기타,승용,여,51세,상해없음,보행자,여,74세,중상
2019012800100126,2019년 1월 28일 07시,월요일,전라북도 김제시 용지면,중상사고,0,1,0,0,차량단독 - 공작물충돌,안전운전불이행,젖음/습기,흐림,단일로 - 기타,화물,남,67세,상해없음,,,,
2019012800100127,2019년 1월 28일 07시,월요일,전라북도 완주군 상관면,부상신고사고,0,0,0,1,차대차 - 측면충돌,안전운전불이행,서리/결빙,눈,기타 - 기타,승합,남,53세,상해없음,화물,남,63세,부상신고
2019012800100169,2019년 1월 28일 08시,월요일,전라북도 전주시 덕진구 팔복동1가,경상사고,0,0,1,0,차대차 - 측면충돌,직진우회전진행방해,건조,맑음,교차로 - 교차로안,화물,남,44세,상해없음,승용,여,34세,경상
2019012800100170,2019년 1월 28일 08시,월요일,전라북도 전주시 덕진구 진북동,경상사고,0,0,1,0,차대차 - 측면충돌,신호위반,건조,맑음,교차로 - 교차로안,승용,남,69세,상해없음,승용,남,54세,경상
2019012800100171,2019년 1월 28일 08시,월요일,전라북도 군산시 나운동,경상사고,0,0,2,0,차대차 - 측면충돌,교차로운행방법위반,젖음/습기,흐림,교차로 - 교차로안,승용,남,20세,상해없음,승합,남,60세,경상
2019012800100172,2019년 1월 28일 08시,월요일,전라북도 임실군 오수면,중상사고,0,1,0,0,차대차 - 측면충돌,안전운전불이행,서리/결빙,맑음,단일로 - 지하차도(도로)내,승용,남,36세,상해없음,승용,남,46세,중상
2019012800100254,2019년 1월 28일 10시,월요일,전라북도 익산시 여산면,사망사고,1,0,1,0,차량단독 - 공작물충돌,안전운전불이행,서리/결빙,맑음,단일로 - 기타,화물,남,69세,사망,,,,
2019012800100298,2019년 1월 28일 11시,월요일,전라북도 전주시 완산구 남노송동,경상사고,0,0,2,0,차대차 - 정면충돌,신호위반,건조,맑음,교차로 - 교차로안,승용,여,48세,경상,승용,남,37세,경상
2019012800100438,2019년 1월 28일 15시,월요일,전라북도 정읍시 연지동,중상사고,0,1,0,0,차대사람 - 횡단중,보행자보호의무위반,건조,맑음,교차로 - 교차로안,승용,남,69세,상해없음,보행자,여,73세,중상
2019012800100474,2019년 1월 28일 16시,월요일,전라북도 전주시 덕진구 우아동2가,중상사고,0,1,0,0,차대사람 - 횡단중,보행자보호의무위반,건조,맑음,단일로 - 기타,승용,여,19세,상해없음,보행자,남,84세,중상
2019012800100475,2019년 1월 28일 16시,월요일,전라북도 정읍시 연지동,경상사고,0,0,1,0,차대차 - 측면충돌,안전운전불이행,건조,맑음,교차로 - 교차로안,원동기,남,79세,상해없음,자전거,여,71세,경상
2019012800100476,2019년 1월 28일 16시,월요일,전라북도 순창군 인계면,사망사고,1,0,0,0,차량단독 - 기타,안전운전불이행,건조,맑음,교차로 - 교차로안,농기계,남,78세,사망,,,,
2019012800100507,2019년 1월 28일 17시,월요일,전라북도 전주시 덕진구 여의동,경상사고,0,0,1,0,차대차 - 측면충돌,신호위반,건조,맑음,교차로 - 교차로안,화물,남,41세,상해없음,화물,남,64세,경상
2019012800100540,2019년 1월 28일 18시,월요일,전라북도 전주시 덕진구 우아동2가,경상사고,0,0,1,0,차대차 - 측면충돌,직진우회전진행방해,건조,맑음,교차로 - 교차로안,이륜,남,17세,상해없음,승용,남,58세,경상
2019012800100582,2019년 1월 28일 19시,월요일,전라북도 전주시 덕진구 금암동,경상사고,0,0,1,0,차대차 - 측면충돌,안전운전불이행,건조,맑음,단일로 - 기타,승용,여,65세,상해없음,이륜,남,49세,경상
2019012800100583,2019년 1월 28일 19시,월요일,전라북도 익산시 신동,경상사고,0,0,3,0,차대차 - 측면충돌,안전운전불이행,건조,맑음,교차로 - 교차로안,화물,남,53세,상해없음,승용,남,61세,경상
2019012800100616,2019년 1월 28일 20시,월요일,전라북도 군산시 문화동,경상사고,0,0,1,0,차대사람 - 횡단중,안전운전불이행,건조,맑음,단일로 - 기타,승용,여,54세,상해없음,보행자,여,85세,경상
2019012800100631,2019년 1월 28일 21시,월요일,전라북도 군산시 비응도동,중상사고,0,1,1,0,차대차 - 측면충돌,신호위반,건조,맑음,교차로 - 교차로안,화물,남,39세,경상,승용,남,28세,중상
2019012800100660,2019년 1월 28일 22시,월요일,전라북도 임실군 임실읍,경상사고,0,0,1,0,차대차 - 측면충돌,신호위반,건조,맑음,교차로 - 교차로안,승용,여,43세,상해없음,화물,남,43세,경상
2019012900100044,2019년 1월 29일 03시,화요일,전라북도 전주시 완산구 경원동1가,경상사고,0,0,1,0,차대차 - 기타,차로위반,건조,맑음,단일로 - 기타,화물,남,62세,상해없음,승용,남,23세,경상
2019012900100049,2019년 1월 29일 04시,화요일,전라북도 전주시 완산구 효자동2가,중상사고,0,1,0,0,차대차 - 측면충돌,신호위반,건조,맑음,교차로 - 교차로안,승합,남,38세,상해없음,승용,남,62세,상해없음
2019012900100085,2019년 1월 29일 07시,화요일,전라북도 정읍시 장명동,경상사고,0,0,1,0,차대사람 - 차도통행중,안전운전불이행,건조,맑음,단일로 - 기타,승용,남,33세,상해없음,보행자,여,83세,경상
2019012900100118,2019년 1월 29일 08시,화요일,전라북도 김제시 서암동,사망사고,1,1,0,0,차대사람 - 기타,안전운전불이행,건조,맑음,단일로 - 기타,승용,남,55세,상해없음,보행자,여,89세,사망
2019012900100119,2019년 1월 29일 08시,화요일,전라북도 순창군 적성면,경상사고,0,0,1,0,차대차 - 기타,신호위반,건조,맑음,교차로 - 교차로안,건설기계,남,54세,상해없음,승용,여,47세,경상
2019012900100138,2019년 1월 29일 09시,화요일,전라북도 전주시 완산구 중화산동2가,중상사고,0,1,0,0,차대사람 - 차도통행중,안전운전불이행,건조,맑음,교차로 - 교차로부근,승합,남,54세,상해없음,보행자,남,62세,중상
2019012900100163,2019년 1월 29일 10시,화요일,전라북도 전주시 완산구 삼천동2가,경상사고,0,0,1,0,차대차 - 기타,안전운전불이행,건조,맑음,교차로 - 교차로안,승용,여,62세,상해없음,승용,여,26세,경상
2019012900100183,2019년 1월 29일 11시,화요일,전라북도 전주시 완산구 효자동1가,경상사고,0,0,1,0,차대차 - 측면충돌,안전운전불이행,건조,맑음,교차로 - 교차로부근,승합,여,68세,상해없음,승용,남,32세,경상
2019012900100184,2019년 1월 29일 11시,화요일,전라북도 무주군 무주읍,경상사고,0,0,1,0,차대차 - 측면충돌,신호위반,건조,맑음,교차로 - 교차로안,승용,남,44세,상해없음,승용,남,51세,경상
2019012900100211,2019년 1월 29일 12시,화요일,전라북도 부안군 부안읍,경상사고,0,0,2,0,차대차 - 정면충돌,중앙선침범,건조,맑음,단일로 - 기타,승용,여,42세,경상,승용,남,48세,경상
2019012900100258,2019년 1월 29일 14시,화요일,전라북도 부안군 행안면,중상사고,0,1,1,0,차대차 - 측면충돌,신호위반,건조,맑음,교차로 - 교차로안,화물,여,68세,중상,승용,남,53세,경상
2019012900100309,2019년 1월 29일 15시,화요일,전라북도 군산시 나운동,중상사고,0,1,0,0,차대사람 - 기타,보행자보호의무위반,건조,맑음,단일로 - 기타,승용,남,26세,상해없음,보행자,남,75세,중상
2019012900100310,2019년 1월 29일 15시,화요일,전라북도 익산시 춘포면,경상사고,0,0,1,0,차대차 - 측면충돌,직진우회전진행방해,건조,맑음,교차로 - 교차로안,승용,여,56세,상해없음,건설기계,남,50세,경상
2019012900100360,2019년 1월 29일 16시,화요일,전라북도 전주시 완산구 중화산동2가,경상사고,0,0,1,0,차대차 - 측면충돌,신호위반,건조,맑음,교차로 - 교차로부근,승용,여,59세,상해없음,승용,여,39세,경상
2019012900100361,2019년 1월 29일 16시,화요일,전라북도 전주시 덕진구 금암동,경상사고,0,0,1,0,차대차 - 추돌,안전운전불이행,건조,맑음,교차로 - 교차로안,승용,남,54세,상해없음,승용,남,50세,경상
2019012900100362,2019년 1월 29일 16시,화요일,전라북도 정읍시 태인면,경상사고,0,0,1,0,차대차 - 측면충돌,기타,건조,맑음,교차로 - 교차로안,이륜,남,83세,경상,화물,남,33세,상해없음
2019012900100452,2019년 1월 29일 18시,화요일,전라북도 전주시 덕진구 우아동3가,경상사고,0,0,1,0,차대차 - 측면충돌,안전거리미확보,건조,맑음,단일로 - 기타,승용,여,48세,상해없음,화물,남,56세,경상
2019012900100453,2019년 1월 29일 18시,화요일,전라북도 군산시 나운동,경상사고,0,0,1,0,차대차 - 측면충돌,교차로운행방법위반,건조,기타,교차로 - 교차로안,승용,남,53세,상해없음,승용,남,37세,경상
2019012900100454,2019년 1월 29일 18시,화요일,전라북도 남원시 금동,경상사고,0,0,1,0,차대차 - 측면충돌,직진우회전진행방해,건조,맑음,교차로 - 교차로안,승용,남,52세,상해없음,이륜,남,37세,경상
2019012900100504,2019년 1월 29일 19시,화요일,전라북도 전주시 완산구 삼천동1가,경상사고,0,0,1,0,차대차 - 추돌,안전운전불이행,건조,맑음,단일로 - 기타,이륜,남,38세,경상,승용,여,42세,상해없음
2019012900100536,2019년 1월 29일 20시,화요일,전라북도 전주시 완산구 평화동1가,중상사고,0,1,0,0,차대차 - 정면충돌,안전운전불이행,건조,맑음,교차로 - 교차로안,승용,남,26세,상해없음,이륜,남,39세,중상
2019012900100537,2019년 1월 29일 20시,화요일,전라북도 군산시 조촌동,경상사고,0,0,2,0,차대차 - 측면충돌,교차로운행방법위반,건조,기타,교차로 - 교차로안,이륜,남,18세,경상,승용,남,35세,경상
2019012900100538,2019년 1월 29일 20시,화요일,전라북도 군산시 지곡동,경상사고,0,0,1,0,차대차 - 측면충돌,교차로운행방법위반,건조,맑음,교차로 - 교차로안,승용,남,59세,상해없음,승용,남,21세,경상
2019012900100583,2019년 1월 29일 22시,화요일,전라북도 전주시 덕진구 팔복동2가,중상사고,0,1,0,0,차대차 - 측면충돌,신호위반,건조,맑음,교차로 - 교차로안,승합,남,59세,상해없음,이륜,남,60세,중상
2019012900100584,2019년 1월 29일 22시,화요일,전라북도 군산시 나운동,경상사고,0,0,2,0,차대차 - 추돌,안전거리미확보,건조,맑음,기타 - 기타,승용,남,43세,상해없음,승용,남,51세,경상
2019012900100613,2019년 1월 29일 23시,화요일,전라북도 전주시 완산구 중화산동2가,경상사고,0,0,1,0,차대차 - 기타,안전운전불이행,건조,맑음,교차로 - 교차로안,승용,남,59세,상해없음,이륜,남,23세,경상
2019012900100614,2019년 1월 29일 23시,화요일,전라북도 익산시 평화동,경상사고,0,0,2,0,차대차 - 측면충돌,안전운전불이행,건조,맑음,단일로 - 기타,승용,남,18세,상해없음,화물,남,37세,기타불명
2019012900100615,2019년 1월 29일 23시,화요일,전라북도 익산시 웅포면,사망사고,1,0,0,0,차량단독 - 공작물충돌,안전운전불이행,건조,맑음,단일로 - 기타,화물,남,52세,사망,,,,
2019013000100038,2019년 1월 30일 02시,수요일,전라북도 부안군 부안읍,경상사고,0,0,2,0,차대차 - 추돌,안전운전불이행,건조,맑음,단일로 - 기타,화물,남,36세,상해없음,승용,남,32세,경상
2019013000100048,2019년 1월 30일 04시,수요일,전라북도 부안군 부안읍,중상사고,0,2,2,0,차대차 - 측면충돌,교차로운행방법위반,건조,기타,교차로 - 교차로안,승용,남,34세,경상,화물,남,34세,중상
2019013000100125,2019년 1월 30일 09시,수요일,전라북도 전주시 덕진구 금암동,중상사고,0,1,0,0,차대사람 - 차도통행중,안전운전불이행,건조,맑음,기타 - 기타,승용,남,83세,상해없음,보행자,여,71세,중상
2019013000100126,2019년 1월 30일 09시,수요일,전라북도 익산시 남중동,경상사고,0,0,1,0,차대차 - 측면충돌,직진우회전진행방해,건조,맑음,교차로 - 교차로안,자전거,남,84세,경상,승용,여,32세,상해없음
2019013000100198,2019년 1월 30일 11시,수요일,전라북도 무주군 무주읍,중상사고,0,1,0,0,차대차 - 측면충돌,직진우회전진행방해,건조,맑음,교차로 - 교차로안,사륜오토바이(ATV),남,68세,중상,승용,남,62세,상해없음
2019013000100219,2019년 1월 30일 12시,수요일,전라북도 전주시 완산구 서신동,경상사고,0,0,1,0,차대사람 - 횡단중,보행자보호의무위반,건조,맑음,단일로 - 기타,승용,남,38세,상해없음,보행자,여,51세,경상
2019013000100293,2019년 1월 30일 14시,수요일,전라북도 전주시 덕진구 금암동,경상사고,0,0,2,0,차대차 - 기타,안전거리미확보,건조,맑음,교차로 - 교차로부근,화물,남,51세,상해없음,승용,남,80세,경상
2019013000100322,2019년 1월 30일 15시,수요일,전라북도 익산시 신동,경상사고,0,0,1,0,차량단독 - 기타,안전운전불이행,건조,맑음,단일로 - 기타,승합,남,50세,상해없음,,,,
2019013000100323,2019년 1월 30일 15시,수요일,전라북도 김제시 청하면,사망사고,1,0,0,0,차량단독 - 공작물충돌,안전운전불이행,건조,맑음,단일로 - 기타,승용,남,80세,사망,,,,
2019013000100361,2019년 1월 30일 16시,수요일,전라북도 전주시 완산구 삼천동1가,중상사고,0,1,0,0,차대사람 - 기타,보행자보호의무위반,건조,맑음,단일로 - 기타,승용,남,71세,상해없음,보행자,여,76세,중상
2019013000100434,2019년 1월 30일 18시,수요일,전라북도 익산시 영등동,경상사고,0,0,2,0,차대차 - 측면충돌,안전운전불이행,건조,맑음,교차로 - 교차로안,승용,남,52세,상해없음,승용,남,44세,경상
2019013000100484,2019년 1월 30일 19시,수요일,전라북도 전주시 완산구 전동,중상사고,0,1,0,0,차대사람 - 보도통행중,보행자보호의무위반,젖음/습기,맑음,교차로 - 교차로횡단보도내,승용,남,78세,상해없음,보행자,남,35세,중상
2019013000100544,2019년 1월 30일 21시,수요일,전라북도 전주시 완산구 중화산동2가,중상사고,0,1,0,0,차대차 - 측면충돌,안전운전불이행,건조,맑음,단일로 - 기타,승용,여,42세,상해없음,이륜,남,17세,중상
2019013000100545,2019년 1월 30일 21시,수요일,전라북도 군산시 나운동,경상사고,0,0,1,0,차대사람 - 기타,안전운전불이행,건조,맑음,교차로 - 교차로안,승합,남,56세,상해없음,보행자,남,68세,경상
2019013000100571,2019년 1월 30일 22시,수요일,전라북도 전주시 완산구 서신동,경상사고,0,0,1,0,차대사람 - 기타,안전운전불이행,건조,맑음,교차로 - 교차로부근,승용,남,41세,상해없음,보행자,남,44세,경상
2019013100100047,2019년 1월 31일 03시,목요일,전라북도 전주시 완산구 중화산동2가,경상사고,0,0,1,0,차대차 - 측면충돌,신호위반,젖음/습기,흐림,교차로 - 교차로안,승용,남,56세,상해없음,승용,남,44세,경상
2019013100100142,2019년 1월 31일 08시,목요일,전라북도 남원시 신촌동,중상사고,0,1,0,0,차대차 - 측면충돌,안전운전불이행,젖음/습기,눈,교차로 - 교차로안,화물,남,61세,상해없음,승용,여,47세,중상
2019013100100170,2019년 1월 31일 09시,목요일,전라북도 진안군 성수면,중상사고,0,6,4,0,차량단독 - 기타,안전운전불이행,적설,눈,교차로 - 교차로안,승합,남,65세,상해없음,,,,
2019013100100283,2019년 1월 31일 13시,목요일,전라북도 전주시 덕진구 금암동,경상사고,0,0,1,0,차대차 - 기타,차로위반,건조,맑음,교차로 - 교차로부근,승합,남,39세,상해없음,승용,남,27세,경상
2019013100100306,2019년 1월 31일 14시,목요일,전라북도 전주시 완산구 서신동,경상사고,0,0,2,0,차대차 - 측면충돌,안전운전불이행,젖음/습기,눈,단일로 - 기타,승용,남,55세,상해없음,승용,여,38세,경상
2019013100100307,2019년 1월 31일 14시,목요일,전라북도 진안군 진안읍,중상사고,0,1,1,0,차대차 - 정면충돌,중앙선침범,젖음/습기,맑음,단일로 - 기타,승합,남,67세,경상,화물,남,62세,중상
2019013100100347,2019년 1월 31일 15시,목요일,전라북도 전주시 완산구 중화산동1가,경상사고,0,0,2,0,차대차 - 측면충돌,안전운전불이행,건조,맑음,교차로 - 교차로안,승용,남,34세,상해없음,승용,남,64세,경상
2019013100100348,2019년 1월 31일 15시,목요일,전라북도 익산시 부송동,중상사고,0,2,0,0,차대사람 - 횡단중,신호위반,건조,맑음,교차로 - 교차로횡단보도내,승용,여,37세,상해없음,보행자,여,34세,중상