사고번호,사고일시,요일,시군구,사고내용,사망자수,중상자수,경상자수,부상신고자수,사고유형,법규위반,노면상태,기상상태,도로형태,가해운전자 차종,가해운전자 성별,가해운전자 연령,가해운전자 상해정도,피해운전자 차종,피해운전자 성별,피해운전자 연령,피해운전자 상해정도
2019013100100382,2019년 1월 31일 16시,목요일,전라북도 익산시 마동,경상사고,0,0,3,0,차대차 - 추돌,안전거리미확보,건조,맑음,단일로 - 기타,승용,남,60세,상해없음,승용,남,66세,경상
2019013100100412,2019년 1월 31일 17시,목요일,전라북도 전주시 완산구 삼천동1가,경상사고,0,0,1,0,차대차 - 추돌,안전거리미확보,건조,맑음,교차로 - 교차로안,승용,남,66세,상해없음,승용,여,54세,경상
2019013100100413,2019년 1월 31일 17시,목요일,전라북도 전주시 덕진구 인후동1가,중상사고,0,1,0,0,차대차 - 측면충돌,중앙선침범,건조,맑음,교차로 - 교차로부근,승용,남,66세,상해없음,화물,남,26세,중상
2019013100100414,2019년 1월 31일 17시,목요일,전라북도 군산시 명산동,경상사고,0,0,1,0,차대차 - 추돌,안전운전불이행,건조,맑음,단일로 - 기타,승용,여,55세,상해없음,승용,남,40세,경상
2019013100100454,2019년 1월 31일 18시,목요일,전라북도 전주시 덕진구 인후동1가,경상사고,0,0,2,0,차대사람 - 기타,안전운전불이행,건조,기타,교차로 - 교차로안,승용,남,48세,경상,보행자,여,70세,경상
2019013100100505,2019년 1월 31일 19시,목요일,전라북도 완주군 소양면,중상사고,0,1,0,0,차대차 - 기타,안전운전불이행,건조,맑음,교차로 - 교차로안,승용,여,49세,상해없음,자전거,남,58세,중상
2019013100100539,2019년 1월 31일 20시,목요일,전라북도 군산시 지곡동,경상사고,0,0,2,0,차대차 - 측면충돌,안전거리미확보,건조,맑음,교차로 - 교차로안,승용,남,49세,상해없음,승용,남,38세,경상
2019013100100540,2019년 1월 31일 20시,목요일,전라북도 정읍시 수성동,사망사고,1,0,0,0,차대사람 - 기타,안전운전불이행,서리/결빙,눈,단일로 - 기타,승용,남,57세,상해없음,보행자,남,57세,사망
2019020100100050,2019년 2월 1일 01시,금요일,전라북도 전주시 완산구 서완산동1가,경상사고,0,0,2,0,차대차 - 측면충돌,안전운전불이행,건조,맑음,단일로 - 기타,승용,여,45세,상해없음,승용,남,48세,경상
2019020100100085,2019년 2월 1일 05시,금요일,전라북도 전주시 덕진구 여의동,중상사고,0,1,0,0,차대차 - 측면충돌,신호위반,건조,흐림,교차로 - 교차로안,승용,남,25세,상해없음,승용,남,46세,중상
2019020100100138,2019년 2월 1일 08시,금요일,전라북도 전주시 완산구 평화동2가,경상사고,0,0,1,0,차대차 - 추돌,안전거리미확보,건조,맑음,교차로 - 교차로부근,승용,남,45세,상해없음,승용,남,21세,경상
2019020100100172,2019년 2월 1일 09시,금요일,전라북도 전주시 완산구 중화산동2가,경상사고,0,0,1,0,차대사람 - 횡단중,보행자보호의무위반,건조,맑음,교차로 - 교차로안,승용,여,50세,상해없음,보행자,여,10세,경상
2019020100100173,2019년 2월 1일 09시,금요일,전라북도 정읍시 시기동,경상사고,0,0,1,0,차대차 - 기타,안전운전불이행,건조,맑음,기타 - 기타,자전거,남,85세,경상,승용,남,61세,상해없음
2019020100100174,2019년 2월 1일 09시,금요일,전라북도 김제시 금구면,중상사고,0,2,1,0,차대차 - 추돌,안전운전불이행,건조,맑음,단일로 - 기타,승합,남,40세,상해없음,화물,남,54세,경상
2019020100100235,2019년 2월 1일 11시,금요일,전라북도 군산시 송창동,경상사고,0,0,2,0,차대차 - 측면충돌,중앙선침범,건조,흐림,단일로 - 기타,승용,여,63세,상해없음,승용,남,57세,경상
2019020100100268,2019년 2월 1일 12시,금요일,전라북도 전주시 덕진구 금암동,경상사고,0,0,1,0,차대차 - 측면충돌,안전운전불이행,건조,맑음,단일로 - 기타,승용,남,58세,경상,승용,남,49세,상해없음
2019020100100269,2019년 2월 1일 12시,금요일,전라북도 익산시 어양동,경상사고,0,0,1,0,차대차 - 기타,안전거리미확보,건조,맑음,단일로 - 기타,화물,남,46세,상해없음,승용,여,46세,경상
2019020100100270,2019년 2월 1일 12시,금요일,전라북도 무주군 무주읍,경상사고,0,0,1,0,차대차 - 후진중충돌,안전운전불이행,건조,맑음,단일로 - 기타,승합,여,51세,상해없음,승용,여,42세,상해없음
2019020100100302,2019년 2월 1일 13시,금요일,전라북도 남원시 동충동,경상사고,0,0,1,0,차대차 - 측면충돌,교차로운행방법위반,건조,맑음,교차로 - 교차로안,승용,여,66세,상해없음,이륜,남,48세,경상
2019020100100334,2019년 2월 1일 14시,금요일,전라북도 전주시 완산구 서서학동,경상사고,0,0,1,0,차대사람 - 기타,안전운전불이행,건조,맑음,단일로 - 기타,승용,남,57세,상해없음,보행자,여,75세,경상
2019020100100388,2019년 2월 1일 15시,금요일,전라북도 군산시 미룡동,경상사고,0,0,1,0,차대차 - 기타,교차로운행방법위반,건조,흐림,교차로 - 교차로안,승용,남,62세,상해없음,이륜,남,25세,경상
2019020100100389,2019년 2월 1일 15시,금요일,전라북도 김제시 청하면,경상사고,0,0,1,0,차대사람 - 차도통행중,안전운전불이행,건조,맑음,기타 - 기타,승용,여,36세,상해없음,보행자,여,83세,경상
2019020100100390,2019년 2월 1일 15시,금요일,전라북도 순창군 동계면,사망사고,1,0,0,0,차대사람 - 차도통행중,안전운전불이행,건조,맑음,단일로 - 기타,화물,남,49세,상해없음,보행자,여,78세,사망
2019020100100432,2019년 2월 1일 16시,금요일,전라북도 부안군 동진면,경상사고,0,0,2,0,차대차 - 측면충돌,신호위반,건조,맑음,교차로 - 교차로안,승용,여,67세,경상,건설기계,남,37세,경상
2019020100100529,2019년 2월 1일 18시,금요일,전라북도 전주시 완산구 효자동2가,중상사고,0,1,1,0,차대차 - 측면충돌,안전운전불이행,건조,맑음,교차로 - 교차로안,화물,남,25세,경상,승용,남,34세,중상
2019020100100530,2019년 2월 1일 18시,금요일,전라북도 전주시 완산구 평화동1가,경상사고,0,0,1,0,차대차 - 측면충돌,안전운전불이행,건조,맑음,단일로 - 기타,승용,남,70세,상해없음,승용,남,51세,경상
2019020100100531,2019년 2월 1일 18시,금요일,전라북도 익산시 중앙동1가,경상사고,0,0,1,0,차대사람 - 횡단중,안전운전불이행,건조,흐림,단일로 - 기타,승용,남,47세,상해없음,보행자,남,53세,경상
2019020100100532,2019년 2월 1일 18시,금요일,전라북도 남원시 향교동,경상사고,0,0,1,0,차대차 - 측면충돌,중앙선침범,건조,맑음,교차로 - 교차로부근,자전거,남,71세,경상,승용,남,28세,상해없음
2019020100100533,2019년 2월 1일 18시,금요일,전라북도 부안군 부안읍,경상사고,0,0,1,0,차대차 - 기타,기타,건조,맑음,단일로 - 기타,승용,여,47세,상해없음,이륜,남,27세,경상
2019020100100534,2019년 2월 1일 18시,금요일,전라북도 완주군 상관면,경상사고,0,0,1,0,차대차 - 추돌,안전거리미확보,건조,흐림,교차로 - 교차로부근,승용,남,56세,상해없음,승용,남,57세,경상
2019020100100596,2019년 2월 1일 19시,금요일,전라북도 군산시 임피면,중상사고,0,1,0,0,차대사람 - 횡단중,안전운전불이행,건조,맑음,단일로 - 기타,승용,남,41세,상해없음,보행자,여,77세,중상
2019020100100641,2019년 2월 1일 20시,금요일,전라북도 익산시 영등동,경상사고,0,0,1,0,차대사람 - 차도통행중,안전운전불이행,건조,맑음,교차로 - 교차로안,승용,여,50세,상해없음,보행자,남,58세,경상
2019020100100680,2019년 2월 1일 21시,금요일,전라북도 전주시 완산구 삼천동1가,경상사고,0,0,3,0,차대차 - 추돌,안전운전불이행,젖음/습기,흐림,교차로 - 교차로안,승용,남,47세,상해없음,승용,여,41세,경상
2019020100100681,2019년 2월 1일 21시,금요일,전라북도 익산시 송학동,경상사고,0,0,1,0,차대차 - 측면충돌,안전운전불이행,건조,맑음,기타 - 기타,승용,남,44세,상해없음,이륜,남,43세,경상
2019020100100702,2019년 2월 1일 22시,금요일,전라북도 완주군 상관면,사망사고,1,0,0,0,차대사람 - 차도통행중,과속,건조,흐림,단일로 - 기타,승용,남,61세,상해없음,보행자,남,90세 이상,사망
2019020100100727,2019년 2월 1일 23시,금요일,전라북도 전주시 완산구 삼천동1가,경상사고,0,0,1,0,차대차 - 측면충돌,안전운전불이행,건조,맑음,교차로 - 교차로안,승용,여,45세,상해없음,승용,남,66세,경상
2019020200100035,2019년 2월 2일 00시,토요일,전라북도 전주시 덕진구 금암동,경상사고,0,0,5,0,차대차 - 추돌,안전운전불이행,건조,맑음,교차로 - 교차로부근,승용,남,31세,상해없음,승용,여,45세,경상
2019020200100066,2019년 2월 2일 02시,토요일,전라북도 전주시 덕진구 산정동,경상사고,0,0,1,0,차대차 - 추돌,안전운전불이행,건조,맑음,교차로 - 교차로부근,승용,남,28세,상해없음,승용,남,53세,경상
2019020200100067,2019년 2월 2일 02시,토요일,전라북도 군산시 나운동,경상사고,0,0,2,0,차대차 - 추돌,안전운전불이행,건조,맑음,교차로 - 교차로안,승용,여,54세,상해없음,승용,남,45세,경상
2019020200100068,2019년 2월 2일 02시,토요일,전라북도 익산시 금마면,중상사고,0,1,0,0,차대차 - 측면충돌,신호위반,건조,흐림,교차로 - 교차로안,화물,남,38세,상해없음,화물,남,49세,중상
2019020200100137,2019년 2월 2일 07시,토요일,전라북도 전주시 덕진구 인후동2가,중상사고,0,1,0,0,차대사람 - 횡단중,안전운전불이행,건조,맑음,교차로 - 교차로횡단보도내,승용,남,79세,상해없음,보행자,여,59세,중상
2019020200100165,2019년 2월 2일 09시,토요일,전라북도 부안군 부안읍,중상사고,0,1,0,0,차대사람 - 횡단중,안전운전불이행,건조,맑음,교차로 - 교차로안,승용,남,77세,상해없음,보행자,여,71세,중상
2019020200100166,2019년 2월 2일 09시,토요일,전라북도 순창군 순창읍,경상사고,0,0,2,0,차대차 - 측면충돌,신호위반,건조,맑음,교차로 - 교차로안,승용,남,51세,상해없음,승용,남,57세,경상
2019020200100245,2019년 2월 2일 12시,토요일,전라북도 군산시 미장동,중상사고,0,1,0,0,차대차 - 기타,안전운전불이행,건조,맑음,교차로 - 교차로안,화물,남,60세,상해없음,이륜,남,36세,중상
2019020200100246,2019년 2월 2일 12시,토요일,전라북도 군산시 명산동,경상사고,0,0,1,0,차대차 - 측면충돌,안전운전불이행,건조,맑음,교차로 - 교차로안,화물,남,47세,상해없음,기타불명,여,77세,경상
2019020200100274,2019년 2월 2일 13시,토요일,전라북도 전주시 완산구 중화산동2가,경상사고,0,0,2,0,차대차 - 추돌,안전운전불이행,건조,맑음,교차로 - 교차로부근,승용,남,37세,상해없음,승용,남,40세,경상
2019020200100306,2019년 2월 2일 14시,토요일,전라북도 군산시 수송동,경상사고,0,0,1,0,차대차 - 기타,안전운전불이행,건조,맑음,단일로 - 기타,승용,남,41세,상해없음,이륜,남,52세,경상
2019020200100348,2019년 2월 2일 15시,토요일,전라북도 군산시 오식도동,경상사고,0,0,1,0,차대차 - 기타,안전운전불이행,건조,맑음,교차로 - 교차로안,승용,남,42세,상해없음,승용,남,40세,경상
2019020200100349,2019년 2월 2일 15시,토요일,전라북도 정읍시 시기동,경상사고,0,0,2,0,차대차 - 측면충돌,신호위반,건조,맑음,교차로 - 교차로안,승용,여,54세,상해없음,승용,여,48세,경상
2019020200100350,2019년 2월 2일 15시,토요일,전라북도 순창군 순창읍,중상사고,0,1,0,0,차대사람 - 차도통행중,안전운전불이행,건조,맑음,교차로 - 교차로안,화물,남,57세,상해없음,보행자,여,72세,중상
2019020200100351,2019년 2월 2일 15시,토요일,전라북도 무주군 설천면,중상사고,0,2,0,0,차대차 - 기타,기타,건조,맑음,교차로 - 교차로안,승용,남,17세,상해없음,승용,남,58세,중상
2019020200100391,2019년 2월 2일 16시,토요일,전라북도 정읍시 장명동,경상사고,0,0,6,0,차대차 - 측면충돌,안전운전불이행,건조,맑음,교차로 - 교차로안,승용,여,54세,상해없음,승용,남,43세,경상
2019020200100458,2019년 2월 2일 18시,토요일,전라북도 정읍시 송산동,중상사고,0,1,2,0,차대차 - 측면충돌,안전운전불이행,건조,맑음,단일로 - 기타,승용,남,22세,경상,화물,남,29세,중상
2019020200100491,2019년 2월 2일 19시,토요일,전라북도 전주시 완산구 서노송동,경상사고,0,0,2,0,차대차 - 기타,안전운전불이행,젖음/습기,비,교차로 - 교차로안,승용,남,66세,상해없음,승용,남,23세,상해없음
2019020200100492,2019년 2월 2일 19시,토요일,전라북도 남원시 향교동,경상사고,0,0,1,0,차대차 - 측면충돌,교차로운행방법위반,건조,맑음,교차로 - 교차로안,승용,남,47세,상해없음,승용,남,67세,경상
2019020200100493,2019년 2월 2일 19시,토요일,전라북도 고창군 공음면,중상사고,0,1,0,0,차량단독 - 공작물충돌,안전운전불이행,건조,맑음,단일로 - 기타,화물,남,66세,상해없음,,,,
2019020200100520,2019년 2월 2일 20시,토요일,전라북도 김제시 요촌동,중상사고,0,1,0,0,차대사람 - 횡단중,보행자보호의무위반,건조,맑음,교차로 - 교차로안,승용,남,51세,상해없음,보행자,남,57세,중상
2019020200100556,2019년 2월 2일 22시,토요일,전라북도 전주시 완산구 서신동,경상사고,0,0,3,0,차대차 - 추돌,안전운전불이행,젖음/습기,비,교차로 - 교차로부근,승용,남,44세,상해없음,승용,남,44세,경상
2019020200100573,2019년 2월 2일 23시,토요일,전라북도 전주시 덕진구 송천동1가,중상사고,0,1,0,0,차대사람 - 횡단중,안전운전불이행,젖음/습기,비,교차로 - 교차로안,승용,남,54세,기타불명,보행자,남,28세,중상
2019020200100574,2019년 2월 2일 23시,토요일,전라북도 군산시 수송동,경상사고,0,0,1,0,차대사람 - 차도통행중,안전운전불이행,젖음/습기,비,단일로 - 기타,승용,남,37세,상해없음,보행자,남,21세,경상
2019020300100044,2019년 2월 3일 01시,일요일,전라북도 전주시 완산구 중화산동2가,경상사고,0,0,1,0,차대차 - 기타,안전운전불이행,젖음/습기,비,교차로 - 교차로부근,화물,남,45세,상해없음,승용,남,54세,경상
2019020300100045,2019년 2월 3일 01시,일요일,전라북도 군산시 나운동,중상사고,0,1,0,0,차대차 - 측면충돌,차로위반,젖음/습기,비,교차로 - 교차로안,승용,남,45세,상해없음,이륜,남,23세,중상
2019020300100069,2019년 2월 3일 02시,일요일,전라북도 전주시 완산구 서완산동1가,경상사고,0,0,3,0,차대차 - 기타,중앙선침범,젖음/습기,비,교차로 - 교차로부근,승용,남,24세,상해없음,승용,여,49세,경상
2019020300100070,2019년 2월 3일 02시,일요일,전라북도 전주시 완산구 서노송동,중상사고,0,1,0,0,차대사람 - 기타,안전운전불이행,젖음/습기,비,단일로 - 기타,승용,여,36세,상해없음,보행자,남,54세,중상
2019020300100088,2019년 2월 3일 03시,일요일,전라북도 익산시 신동,경상사고,0,0,4,0,차대차 - 측면충돌,직진우회전진행방해,건조,맑음,교차로 - 교차로안,승용,남,52세,상해없음,승용,남,62세,경상
2019020300100128,2019년 2월 3일 06시,일요일,전라북도 전주시 덕진구 호성동1가,경상사고,0,0,1,0,차대차 - 측면충돌,신호위반,젖음/습기,비,교차로 - 교차로안,화물,남,59세,상해없음,승용,남,66세,경상
2019020300100129,2019년 2월 3일 06시,일요일,전라북도 익산시 모현동1가,경상사고,0,0,1,0,차대차 - 측면충돌,신호위반,건조,맑음,교차로 - 교차로안,승용,남,70세,상해없음,승용,남,77세,경상
2019020300100147,2019년 2월 3일 08시,일요일,전라북도 전주시 덕진구 송천동1가,경상사고,0,0,1,0,차대차 - 측면충돌,안전운전불이행,젖음/습기,비,단일로 - 기타,승용,남,43세,상해없음,승용,여,24세,경상
2019020300100148,2019년 2월 3일 08시,일요일,전라북도 전주시 덕진구 덕진동1가,중상사고,0,1,1,0,차대차 - 측면충돌,신호위반,젖음/습기,비,교차로 - 교차로안,승용,여,52세,상해없음,승용,여,33세,경상
2019020300100163,2019년 2월 3일 09시,일요일,전라북도 익산시 망성면,중상사고,0,2,0,0,차대차 - 측면충돌,신호위반,젖음/습기,비,교차로 - 교차로안,승용,남,64세,상해없음,승용,남,63세,중상
2019020300100179,2019년 2월 3일 10시,일요일,전라북도 부안군 행안면,경상사고,0,0,1,0,차대차 - 측면충돌,안전거리미확보,젖음/습기,비,단일로 - 기타,이륜,남,78세,경상,승합,남,73세,상해없음
2019020300100203,2019년 2월 3일 11시,일요일,전라북도 완주군 삼례읍,경상사고,0,0,1,0,차대차 - 측면충돌,신호위반,젖음/습기,흐림,교차로 - 교차로안,화물,남,63세,상해없음,화물,남,69세,경상
2019020300100243,2019년 2월 3일 13시,일요일,전라북도 익산시 어양동,경상사고,0,0,1,0,차대차 - 추돌,안전운전불이행,젖음/습기,흐림,교차로 - 교차로안,승용,여,53세,상해없음,승용,남,67세,상해없음
2019020300100290,2019년 2월 3일 15시,일요일,전라북도 전주시 덕진구 송천동1가,경상사고,0,0,1,0,차대차 - 정면충돌,신호위반,건조,맑음,교차로 - 교차로안,승용,남,55세,상해없음,승용,여,26세,경상
2019020300100339,2019년 2월 3일 17시,일요일,전라북도 익산시 부송동,경상사고,0,0,1,0,차대차 - 측면충돌,직진우회전진행방해,젖음/습기,흐림,교차로 - 교차로안,승용,남,58세,상해없음,원동기,남,30세,경상
2019020300100374,2019년 2월 3일 18시,일요일,전라북도 전주시 덕진구 진북동,중상사고,0,1,0,0,차대사람 - 횡단중,보행자보호의무위반,젖음/습기,비,단일로 - 기타,승용,남,46세,상해없음,보행자,여,82세,중상
2019020300100413,2019년 2월 3일 19시,일요일,전라북도 전주시 완산구 평화동1가,경상사고,0,0,1,0,차대사람 - 횡단중,신호위반,젖음/습기,비,교차로 - 교차로횡단보도내,이륜,남,50세,상해없음,보행자,여,23세,경상
2019020300100414,2019년 2월 3일 19시,일요일,전라북도 전주시 완산구 평화동1가,경상사고,0,0,1,0,차대차 - 후진중충돌,안전운전불이행,젖음/습기,비,교차로 - 교차로부근,화물,남,66세,상해없음,승용,남,38세,경상
2019020300100415,2019년 2월 3일 19시,일요일,전라북도 군산시 미장동,경상사고,0,0,1,0,차대차 - 기타,안전운전불이행,젖음/습기,비,교차로 - 교차로안,승용,여,49세,상해없음,승용,여,59세,경상
2019020300100416,2019년 2월 3일 19시,일요일,전라북도 군산시 옥산면,경상사고,0,0,2,0,차대차 - 측면충돌,교차로운행방법위반,젖음/습기,비,교차로 - 교차로안,승용,여,47세,경상,화물,남,64세,경상
2019020300100460,2019년 2월 3일 21시,일요일,전라북도 전주시 완산구 효자동3가,경상사고,0,0,1,0,차대차 - 기타,안전운전불이행,젖음/습기,기타,단일로 - 기타,승용,남,48세,상해없음,이륜,남,48세,경상
2019020300100477,2019년 2월 3일 22시,일요일,전라북도 전주시 완산구 전동,경상사고,0,0,1,0,차량단독 - 기타,안전운전불이행,건조,기타,교차로 - 교차로부근,승합,남,41세,상해없음,,,,
2019020300100478,2019년 2월 3일 22시,일요일,전라북도 김제시 교동,경상사고,0,0,6,0,차대차 - 추돌,안전거리미확보,젖음/습기,흐림,교차로 - 교차로안,승용,남,63세,상해없음,승용,남,26세,경상
2019020300100495,2019년 2월 3일 23시,일요일,전라북도 전주시 덕진구 덕진동2가,경상사고,0,0,3,0,차대차 - 측면충돌,신호위반,젖음/습기,흐림,교차로 - 교차로안,승용,남,37세,상해없음,승용,여,52세,경상
2019020400100027,2019년 2월 4일 00시,월요일,전라북도 전주시 덕진구 우아동2가,중상사고,0,1,0,0,차대차 - 기타,안전운전불이행,젖음/습기,비,교차로 - 교차로안,승용,남,49세,상해없음,이륜,남,68세,중상
2019020400100028,2019년 2월 4일 00시,월요일,전라북도 익산시 송학동,경상사고,0,0,1,0,차대차 - 측면충돌,신호위반,건조,맑음,교차로 - 교차로부근,승합,남,55세,상해없음,승용,남,69세,경상
2019020400100080,2019년 2월 4일 07시,월요일,전라북도 전주시 완산구 효자동3가,중상사고,0,1,3,0,차대차 - 측면충돌,교차로운행방법위반,건조,맑음,교차로 - 교차로안,승용,남,62세,상해없음,승용,여,53세,중상
2019020400100081,2019년 2월 4일 07시,월요일,전라북도 남원시 도통동,중상사고,0,1,0,0,차대사람 - 횡단중,보행자보호의무위반,건조,맑음,교차로 - 교차로횡단보도내,승용,여,61세,상해없음,보행자,남,23세,중상
2019020400100097,2019년 2월 4일 09시,월요일,전라북도 전주시 완산구 평화동2가,경상사고,0,0,7,0,차대차 - 측면충돌,불법유턴,건조,맑음,단일로 - 지하차도(도로)내,승용,여,54세,상해없음,승용,남,34세,경상
2019020400100098,2019년 2월 4일 09시,월요일,전라북도 익산시 오산면,중상사고,0,1,0,0,차대차 - 측면충돌,안전운전불이행,건조,맑음,단일로 - 기타,화물,남,53세,상해없음,승용,남,30세,중상
2019020400100111,2019년 2월 4일 10시,월요일,전라북도 전주시 완산구 삼천동1가,경상사고,0,0,1,0,차대사람 - 기타,안전운전불이행,건조,맑음,단일로 - 기타,화물,남,60세,상해없음,보행자,여,64세,경상
2019020400100112,2019년 2월 4일 10시,월요일,전라북도 임실군 오수면,중상사고,0,1,0,0,차대차 - 측면충돌,교차로운행방법위반,건조,맑음,교차로 - 교차로안,승용,여,53세,상해없음,이륜,여,54세,중상
2019020400100128,2019년 2월 4일 11시,월요일,전라북도 전주시 완산구 효자동1가,중상사고,0,1,0,0,차대사람 - 횡단중,안전운전불이행,건조,맑음,교차로 - 교차로안,승용,남,73세,상해없음,보행자,남,85세,중상
2019020400100151,2019년 2월 4일 12시,월요일,전라북도 전주시 완산구 서완산동1가,경상사고,0,0,3,0,차대차 - 측면충돌,직진우회전진행방해,건조,맑음,교차로 - 교차로안,승용,남,24세,상해없음,승용,남,64세,경상
2019020400100204,2019년 2월 4일 14시,월요일,전라북도 군산시 수송동,중상사고,0,1,3,0,차대차 - 측면충돌,신호위반,건조,맑음,교차로 - 교차로안,승용,남,47세,상해없음,승용,남,63세,중상
2019020400100205,2019년 2월 4일 14시,월요일,전라북도 군산시 개정면,경상사고,0,0,1,0,철길건널목 - 철길건널목,안전운전불이행,건조,맑음,단일로 - 철길건널목,승용,남,23세,경상,기타불명,남,54세,상해없음
2019020400100216,2019년 2월 4일 15시,월요일,전라북도 고창군 아산면,경상사고,0,0,2,0,차대차 - 추돌,안전운전불이행,건조,맑음,교차로 - 교차로부근,화물,남,66세,상해없음,승용,남,69세,경상
2019020400100275,2019년 2월 4일 18시,월요일,전라북도 전주시 덕진구 진북동,경상사고,0,0,5,0,차대차 - 측면충돌,중앙선침범,건조,맑음,단일로 - 기타,승용,남,34세,상해없음,승용,남,24세,경상
2019020400100294,2019년 2월 4일 19시,월요일,전라북도 군산시 수송동,경상사고,0,0,3,0,차대차 - 측면충돌,안전거리미확보,건조,맑음,교차로 - 교차로부근,승용,남,27세,상해없음,승용,남,51세,상해없음
2019020400100340,2019년 2월 4일 21시,월요일,전라북도 임실군 지사면,사망사고,2,2,0,0,차대차 - 정면충돌,중앙선침범,건조,맑음,단일로 - 기타,승용,남,46세,사망,승용,남,26세,사망
2019020400100355,2019년 2월 4일 22시,월요일,전라북도 전주시 완산구 고사동,경상사고,0,0,2,0,차대차 - 측면충돌,중앙선침범,건조,맑음,단일로 - 기타,승용,남,59세,상해없음,승용,여,55세,경상
2019020400100356,2019년 2월 4일 22시,월요일,전라북도 전주시 덕진구 금암동,경상사고,0,0,1,0,차대사람 - 보도통행중,안전운전불이행,건조,맑음,교차로 - 교차로횡단보도내,승용,남,63세,상해없음,보행자,여,27세,경상
2019020400100357,2019년 2월 4일 22시,월요일,전라북도 군산시 서흥남동,경상사고,0,0,1,0,차대차 - 측면충돌,직진우회전진행방해,건조,맑음,교차로 - 교차로안,화물,남,57세,상해없음,이륜,남,20세,경상
2019020500100058,2019년 2월 5일 05시,화요일,전라북도 완주군 삼례읍,경상사고,0,0,4,0,차대차 - 추돌,안전운전불이행,건조,맑음,교차로 - 교차로부근,승용,남,30세,상해없음,승용,남,24세,경상
2019020500100092,2019년 2월 5일 10시,화요일,전라북도 김제시 서암동,경상사고,0,0,3,0,차대차 - 측면충돌,차로위반,건조,맑음,단일로 - 기타,승용,여,46세,상해없음,승합,남,34세,경상
2019020500100121,2019년 2월 5일 12시,화요일,전라북도 완주군 이서면,중상사고,0,1,2,0,차대차 - 추돌,안전운전불이행,건조,맑음,단일로 - 기타,승용,남,36세,상해없음,승용,남,39세,경상
2019020500100122,2019년 2월 5일 12시,화요일,전라북도 무주군 부남면,중상사고,0,2,9,0,차대차 - 추돌,안전운전불이행,건조,맑음,단일로 - 기타,승용,남,53세,상해없음,승용,남,54세,경상
2019020500100144,2019년 2월 5일 13시,화요일,전라북도 전주시 완산구 평화동1가,경상사고,0,0,1,0,차대차 - 측면충돌,교차로운행방법위반,건조,맑음,교차로 - 교차로안,화물,남,68세,상해없음,승용,남,64세,경상
2019020500100180,2019년 2월 5일 14시,화요일,전라북도 익산시 황등면,중상사고,0,1,3,0,차대차 - 측면충돌,직진우회전진행방해,건조,맑음,교차로 - 교차로안,승용,남,36세,상해없음,승용,남,44세,경상
2019020500100198,2019년 2월 5일 15시,화요일,전라북도 군산시 산북동,경상사고,0,0,2,0,차대차 - 기타,교차로운행방법위반,건조,맑음,교차로 - 교차로안,승용,남,45세,상해없음,화물,남,69세,경상
2019020500100242,2019년 2월 5일 17시,화요일,전라북도 고창군 고창읍,경상사고,0,0,1,0,차대차 - 기타,안전거리미확보,건조,맑음,기타 - 기타,승합,남,53세,상해없음,승용,남,31세,경상
2019020500100243,2019년 2월 5일 17시,화요일,전라북도 순창군 순창읍,중상사고,0,1,0,0,차대차 - 측면충돌,안전운전불이행,건조,맑음,교차로 - 교차로안,이륜,남,62세,중상,승용,여,19세,상해없음
2019020500100331,2019년 2월 5일 21시,화요일,전라북도 고창군 고창읍,경상사고,0,0,3,0,차대차 - 추돌,안전운전불이행,건조,흐림,단일로 - 기타,승용,남,34세,상해없음,승용,남,46세,경상
2019020500100344,2019년 2월 5일 22시,화요일,전라북도 전주시 완산구 서신동,중상사고,0,1,0,0,차대차 - 측면충돌,교차로운행방법위반,건조,맑음,교차로 - 교차로부근,승용,남,44세,상해없음,승용,여,52세,중상
2019020500100345,2019년 2월 5일 22시,화요일,전라북도 전주시 덕진구 송천동2가,경상사고,0,0,2,0,차대차 - 측면충돌,안전운전불이행,건조,맑음,교차로 - 교차로안,승용,남,56세,상해없음,승용,남,25세,상해없음
2019020500100355,2019년 2월 5일 23시,화요일,전라북도 익산시 영등동,경상사고,0,0,3,0,차대차 - 추돌,안전운전불이행,건조,맑음,단일로 - 기타,화물,남,44세,상해없음,승용,남,61세,경상
2019020600100020,2019년 2월 6일 00시,수요일,전라북도 군산시 미룡동,경상사고,0,0,2,0,차대차 - 추돌,안전운전불이행,건조,맑음,교차로 - 교차로부근,승용,남,61세,상해없음,승용,여,50세,경상
2019020600100029,2019년 2월 6일 01시,수요일,전라북도 전주시 완산구 중화산동2가,경상사고,0,0,1,0,차대사람 - 횡단중,안전운전불이행,건조,맑음,교차로 - 교차로안,승용,남,64세,상해없음,보행자,남,25세,경상
2019020600100030,2019년 2월 6일 01시,수요일,전라북도 전주시 덕진구 덕진동2가,경상사고,0,0,1,0,차대차 - 추돌,안전운전불이행,건조,맑음,단일로 - 기타,승용,남,32세,상해없음,승용,남,48세,경상
2019020600100037,2019년 2월 6일 02시,수요일,전라북도 전주시 완산구 중화산동2가,경상사고,0,0,2,0,차대차 - 추돌,안전운전불이행,건조,맑음,교차로 - 교차로부근,승용,남,27세,상해없음,승용,남,59세,경상
2019020600100038,2019년 2월 6일 02시,수요일,전라북도 정읍시 공평동,경상사고,0,0,1,0,차대차 - 기타,안전운전불이행,건조,맑음,교차로 - 교차로안,자전거,남,55세,경상,화물,남,21세,상해없음