사고번호,사고일시,요일,시군구,사고내용,사망자수,중상자수,경상자수,부상신고자수,사고유형,법규위반,노면상태,기상상태,도로형태,가해운전자 차종,가해운전자 성별,가해운전자 연령,가해운전자 상해정도,피해운전자 차종,피해운전자 성별,피해운전자 연령,피해운전자 상해정도
2019021400100085,2019년 2월 14일 07시,목요일,전라북도 익산시 황등면,경상사고,0,0,1,0,차대차 - 측면충돌,안전거리미확보,건조,맑음,교차로 - 교차로안,화물,남,79세,상해없음,승용,남,27세,경상
2019021400100144,2019년 2월 14일 09시,목요일,전라북도 부안군 부안읍,경상사고,0,0,3,0,차대차 - 기타,직진우회전진행방해,건조,맑음,교차로 - 교차로안,승용,남,59세,상해없음,승용,남,83세,경상
2019021400100165,2019년 2월 14일 10시,목요일,전라북도 전주시 완산구 삼천동1가,중상사고,0,1,0,0,차대사람 - 횡단중,보행자보호의무위반,건조,맑음,교차로 - 교차로횡단보도내,승용,여,56세,상해없음,보행자,남,77세,중상
2019021400100166,2019년 2월 14일 10시,목요일,전라북도 김제시 상동동,경상사고,0,0,1,0,차대차 - 측면충돌,신호위반,건조,맑음,교차로 - 교차로안,화물,남,72세,상해없음,화물,남,72세,경상
2019021400100204,2019년 2월 14일 11시,목요일,전라북도 전주시 완산구 평화동1가,경상사고,0,0,1,0,차대사람 - 횡단중,보행자보호의무위반,건조,맑음,교차로 - 교차로횡단보도내,승용,여,36세,상해없음,보행자,남,44세,경상
2019021400100231,2019년 2월 14일 12시,목요일,전라북도 완주군 고산면,경상사고,0,0,1,0,차대사람 - 기타,안전운전불이행,건조,맑음,주차장 - 주차장,승용,남,44세,상해없음,보행자,여,79세,경상
2019021400100255,2019년 2월 14일 13시,목요일,전라북도 전주시 덕진구 금암동,경상사고,0,0,1,0,차대사람 - 기타,안전운전불이행,건조,맑음,교차로 - 교차로안,승용,여,38세,상해없음,보행자,남,71세,경상
2019021400100256,2019년 2월 14일 13시,목요일,전라북도 익산시 영등동,경상사고,0,0,1,0,차대차 - 측면충돌,안전운전불이행,건조,맑음,단일로 - 기타,승용,여,63세,상해없음,승용,여,60세,경상
2019021400100257,2019년 2월 14일 13시,목요일,전라북도 김제시 요촌동,중상사고,0,1,0,0,차대사람 - 횡단중,안전운전불이행,건조,맑음,단일로 - 기타,승용,여,42세,상해없음,보행자,여,74세,중상
2019021400100281,2019년 2월 14일 14시,목요일,전라북도 고창군 고창읍,경상사고,0,0,1,0,차대사람 - 기타,안전운전불이행,건조,맑음,단일로 - 기타,승용,남,63세,상해없음,보행자,남,58세,경상
2019021400100351,2019년 2월 14일 16시,목요일,전라북도 군산시 수송동,중상사고,0,1,0,0,차대차 - 기타,안전운전불이행,건조,맑음,단일로 - 기타,승용,여,44세,상해없음,승용,여,56세,중상
2019021400100377,2019년 2월 14일 17시,목요일,전라북도 김제시 백구면,경상사고,0,0,1,0,차대차 - 측면충돌,안전운전불이행,건조,맑음,교차로 - 교차로안,화물,남,59세,상해없음,이륜,남,66세,경상
2019021400100378,2019년 2월 14일 17시,목요일,전라북도 남원시 도통동,경상사고,0,0,1,0,차대차 - 측면충돌,차로위반,건조,맑음,교차로 - 교차로안,화물,남,64세,상해없음,이륜,남,30세,경상
2019021400100379,2019년 2월 14일 17시,목요일,전라북도 고창군 흥덕면,중상사고,0,1,5,0,차대차 - 측면충돌,신호위반,건조,맑음,교차로 - 교차로안,화물,남,29세,중상,승합,남,49세,경상
2019021400100424,2019년 2월 14일 18시,목요일,전라북도 정읍시 연지동,중상사고,0,1,0,0,차대사람 - 횡단중,보행자보호의무위반,건조,맑음,교차로 - 교차로부근,승용,남,65세,상해없음,보행자,여,66세,중상
2019021400100473,2019년 2월 14일 19시,목요일,전라북도 익산시 어양동,경상사고,0,0,2,0,차대사람 - 횡단중,보행자보호의무위반,건조,맑음,교차로 - 교차로횡단보도내,승용,남,59세,상해없음,보행자,여,43세,경상
2019021400100506,2019년 2월 14일 20시,목요일,전라북도 전주시 덕진구 덕진동1가,중상사고,0,1,0,0,차대사람 - 보도통행중,기타,건조,맑음,기타 - 기타,승용,남,58세,상해없음,보행자,남,74세,중상
2019021400100507,2019년 2월 14일 20시,목요일,전라북도 전주시 덕진구 송천동1가,경상사고,0,0,1,0,차대차 - 측면충돌,신호위반,건조,맑음,교차로 - 교차로안,승용,남,43세,상해없음,이륜,남,34세,경상
2019021400100508,2019년 2월 14일 20시,목요일,전라북도 전주시 덕진구 팔복동1가,경상사고,0,0,1,0,차대차 - 측면충돌,불법유턴,건조,맑음,단일로 - 기타,승용,남,54세,상해없음,승용,남,23세,경상
2019021400100509,2019년 2월 14일 20시,목요일,전라북도 남원시 도통동,경상사고,0,0,1,0,차대차 - 측면충돌,중앙선침범,건조,맑음,단일로 - 기타,승용,여,36세,상해없음,이륜,남,32세,경상
2019021500100045,2019년 2월 15일 02시,금요일,전라북도 전주시 완산구 서신동,경상사고,0,0,3,0,차대차 - 측면충돌,안전거리미확보,건조,맑음,교차로 - 교차로부근,승용,남,32세,상해없음,승용,남,66세,경상
2019021500100052,2019년 2월 15일 03시,금요일,전라북도 익산시 신동,경상사고,0,0,2,0,차대사람 - 기타,안전운전불이행,건조,맑음,교차로 - 교차로안,이륜,남,23세,상해없음,보행자,여,19세,경상
2019021500100244,2019년 2월 15일 10시,금요일,전라북도 김제시 흥사동,경상사고,0,0,2,0,차대차 - 측면충돌,안전운전불이행,건조,맑음,교차로 - 교차로안,승용,남,51세,경상,승용,여,21세,경상
2019021500100332,2019년 2월 15일 13시,금요일,전라북도 전주시 완산구 효자동3가,중상사고,0,2,1,0,차대차 - 기타,교차로운행방법위반,건조,맑음,교차로 - 교차로안,승용,여,50세,중상,승용,남,25세,중상
2019021500100333,2019년 2월 15일 13시,금요일,전라북도 부안군 행안면,경상사고,0,0,1,0,차대차 - 측면충돌,직진우회전진행방해,건조,맑음,교차로 - 교차로안,화물,남,63세,경상,화물,여,57세,상해없음
2019021500100405,2019년 2월 15일 15시,금요일,전라북도 전주시 완산구 평화동2가,사망사고,1,0,0,0,차대사람 - 기타,안전운전불이행,건조,맑음,단일로 - 기타,승용,여,63세,상해없음,보행자,남,80세,사망
2019021500100471,2019년 2월 15일 17시,금요일,전라북도 전주시 덕진구 팔복동3가,경상사고,0,0,2,0,차대차 - 측면충돌,안전거리미확보,건조,흐림,단일로 - 기타,승용,여,39세,상해없음,승용,여,28세,경상
2019021500100510,2019년 2월 15일 18시,금요일,전라북도 군산시 신풍동,경상사고,0,0,4,0,차대차 - 추돌,안전운전불이행,젖음/습기,흐림,단일로 - 기타,승용,남,50세,상해없음,승용,남,58세,경상
2019021500100565,2019년 2월 15일 19시,금요일,전라북도 전주시 완산구 평화동1가,경상사고,0,0,2,0,차대차 - 측면충돌,안전운전불이행,젖음/습기,맑음,교차로 - 교차로안,승용,여,61세,상해없음,승용,남,25세,경상
2019021500100566,2019년 2월 15일 19시,금요일,전라북도 군산시 수송동,경상사고,0,0,1,0,차대사람 - 보도통행중,기타,건조,맑음,기타 - 기타,화물,남,38세,상해없음,보행자,여,57세,경상
2019021500100567,2019년 2월 15일 19시,금요일,전라북도 군산시 대야면,중상사고,0,1,0,0,차대차 - 추돌,안전운전불이행,기타,흐림,교차로 - 교차로부근,이륜,남,27세,상해없음,승용,여,58세,중상
2019021500100568,2019년 2월 15일 19시,금요일,전라북도 군산시 나운동,경상사고,0,0,1,0,차대차 - 기타,안전운전불이행,젖음/습기,흐림,단일로 - 기타,이륜,남,35세,경상,승용,남,68세,상해없음
2019021500100569,2019년 2월 15일 19시,금요일,전라북도 군산시 나운동,경상사고,0,0,1,0,차대사람 - 횡단중,안전운전불이행,젖음/습기,맑음,단일로 - 기타,이륜,남,46세,상해없음,보행자,여,10세,경상
2019021500100612,2019년 2월 15일 20시,금요일,전라북도 전주시 완산구 중화산동2가,경상사고,0,0,1,0,차대사람 - 횡단중,안전운전불이행,젖음/습기,흐림,교차로 - 교차로안,승용,남,24세,상해없음,보행자,남,63세,경상
2019021500100613,2019년 2월 15일 20시,금요일,전라북도 전주시 덕진구 인후동1가,경상사고,0,0,1,0,차대사람 - 횡단중,안전운전불이행,건조,맑음,단일로 - 기타,승용,남,44세,상해없음,보행자,여,17세,경상
2019021500100614,2019년 2월 15일 20시,금요일,전라북도 군산시 문화동,사망사고,1,0,0,0,차대사람 - 횡단중,안전운전불이행,건조,흐림,단일로 - 기타,승용,남,52세,상해없음,보행자,여,74세,사망
2019021500100615,2019년 2월 15일 20시,금요일,전라북도 남원시 죽항동,경상사고,0,0,2,0,차대차 - 측면충돌,신호위반,건조,맑음,교차로 - 교차로안,이륜,남,18세,경상,자전거,남,57세,경상
2019021600100022,2019년 2월 16일 00시,토요일,전라북도 전주시 덕진구 금암동,중상사고,0,1,0,0,차대사람 - 길가장자리구역통행중,안전운전불이행,건조,맑음,단일로 - 기타,승용,남,26세,기타불명,보행자,남,25세,중상
2019021600100043,2019년 2월 16일 01시,토요일,전라북도 전주시 덕진구 중동,경상사고,0,0,5,0,차대차 - 측면충돌,신호위반,건조,맑음,교차로 - 교차로안,승용,여,56세,상해없음,승용,여,43세,경상
2019021600100056,2019년 2월 16일 02시,토요일,전라북도 전주시 덕진구 중동,중상사고,0,1,0,0,차대차 - 측면충돌,신호위반,건조,맑음,교차로 - 교차로안,승용,여,41세,상해없음,승용,남,57세,중상
2019021600100079,2019년 2월 16일 05시,토요일,전라북도 정읍시 수성동,중상사고,0,1,0,0,차대차 - 기타,안전운전불이행,젖음/습기,눈,교차로 - 교차로횡단보도내,승용,남,51세,상해없음,자전거,여,71세,중상
2019021600100091,2019년 2월 16일 06시,토요일,전라북도 군산시 경암동,경상사고,0,0,1,0,차대차 - 추돌,안전운전불이행,건조,맑음,단일로 - 기타,승용,남,29세,상해없음,화물,남,43세,상해없음
2019021600100141,2019년 2월 16일 09시,토요일,전라북도 완주군 용진읍,경상사고,0,0,1,0,차대차 - 측면충돌,신호위반,건조,맑음,교차로 - 교차로횡단보도내,승용,여,56세,상해없음,승용,여,57세,경상
2019021600100221,2019년 2월 16일 12시,토요일,전라북도 익산시 평화동,경상사고,0,0,3,0,차대차 - 추돌,안전거리미확보,건조,맑음,단일로 - 기타,승용,남,55세,상해없음,승용,남,61세,경상
2019021600100222,2019년 2월 16일 12시,토요일,전라북도 익산시 어양동,중상사고,0,1,0,0,차대차 - 정면충돌,신호위반,건조,맑음,교차로 - 교차로안,승용,여,53세,상해없음,화물,남,58세,중상
2019021600100260,2019년 2월 16일 13시,토요일,전라북도 익산시 남중동,경상사고,0,0,1,0,차대사람 - 차도통행중,안전운전불이행,건조,맑음,단일로 - 기타,승용,남,56세,상해없음,보행자,남,65세,경상
2019021600100334,2019년 2월 16일 15시,토요일,전라북도 남원시 동충동,경상사고,0,0,1,0,차대사람 - 기타,안전운전불이행,건조,맑음,단일로 - 기타,화물,남,70세,상해없음,보행자,남,77세,경상
2019021600100461,2019년 2월 16일 18시,토요일,전라북도 익산시 동산동,경상사고,0,0,2,0,차대차 - 측면충돌,안전운전불이행,건조,맑음,단일로 - 기타,승용,남,53세,상해없음,승용,여,23세,경상
2019021600100462,2019년 2월 16일 18시,토요일,전라북도 익산시 남중동,경상사고,0,0,2,0,차대차 - 측면충돌,안전운전불이행,건조,맑음,단일로 - 기타,승용,남,51세,상해없음,승용,남,46세,경상
2019021600100493,2019년 2월 16일 19시,토요일,전라북도 전주시 덕진구 덕진동1가,경상사고,0,0,1,0,차대차 - 기타,신호위반,건조,흐림,교차로 - 교차로횡단보도내,승용,남,23세,상해없음,자전거,남,63세,경상
2019021600100494,2019년 2월 16일 19시,토요일,전라북도 전주시 덕진구 금암동,경상사고,0,0,1,0,차대차 - 측면충돌,신호위반,건조,흐림,교차로 - 교차로안,승용,남,61세,상해없음,승용,남,24세,상해없음
2019021600100495,2019년 2월 16일 19시,토요일,전라북도 익산시 남중동,사망사고,1,0,0,0,차량단독 - 기타,안전운전불이행,건조,맑음,단일로 - 기타,개인형이동수단(PM),남,43세,사망,,,,
2019021600100496,2019년 2월 16일 19시,토요일,전라북도 익산시 영등동,경상사고,0,0,1,0,차대사람 - 횡단중,보행자보호의무위반,건조,맑음,교차로 - 교차로안,승용,남,59세,상해없음,보행자,여,19세,경상
2019021600100532,2019년 2월 16일 20시,토요일,전라북도 전주시 완산구 태평동,중상사고,0,1,0,0,차대차 - 기타,중앙선침범,건조,맑음,단일로 - 기타,승용,남,37세,상해없음,이륜,남,41세,중상
2019021600100533,2019년 2월 16일 20시,토요일,전라북도 군산시 나운동,중상사고,0,2,1,0,차대차 - 측면충돌,신호위반,건조,맑음,교차로 - 교차로안,원동기,남,23세,중상,이륜,남,23세,경상
2019021600100588,2019년 2월 16일 22시,토요일,전라북도 전주시 완산구 효자동2가,경상사고,0,0,1,0,차대사람 - 보도통행중,보행자보호의무위반,건조,맑음,교차로 - 교차로부근,승용,여,47세,상해없음,보행자,남,56세,경상
2019021600100589,2019년 2월 16일 22시,토요일,전라북도 전주시 완산구 효자동2가,중상사고,0,1,0,0,차대사람 - 횡단중,안전운전불이행,건조,맑음,교차로 - 교차로부근,승합,남,48세,상해없음,보행자,여,44세,중상
2019021600100590,2019년 2월 16일 22시,토요일,전라북도 군산시 나운동,경상사고,0,0,3,0,차대차 - 측면충돌,직진우회전진행방해,건조,맑음,교차로 - 교차로안,승용,남,69세,상해없음,승용,여,38세,경상
2019021600100591,2019년 2월 16일 22시,토요일,전라북도 익산시 영등동,중상사고,0,1,0,0,차대차 - 측면충돌,직진우회전진행방해,건조,맑음,교차로 - 교차로안,화물,남,68세,상해없음,이륜,남,18세,중상
2019021600100608,2019년 2월 16일 23시,토요일,전라북도 김제시 죽산면,중상사고,0,1,1,0,차대차 - 정면충돌,안전운전불이행,건조,맑음,단일로 - 기타,승용,남,45세,중상,승용,남,30세,경상
2019021700100038,2019년 2월 17일 00시,일요일,전라북도 전주시 완산구 효자동1가,경상사고,0,0,2,0,차대차 - 기타,차로위반,건조,맑음,단일로 - 기타,승용,여,32세,상해없음,승용,남,51세,경상
2019021700100039,2019년 2월 17일 00시,일요일,전라북도 군산시 소룡동,경상사고,0,0,2,0,차대차 - 기타,안전운전불이행,건조,맑음,단일로 - 기타,승용,여,40세,상해없음,승용,남,32세,경상
2019021700100040,2019년 2월 17일 00시,일요일,전라북도 군산시 미장동,경상사고,0,0,1,0,차대차 - 측면충돌,신호위반,건조,맑음,교차로 - 교차로안,승용,여,23세,상해없음,승용,남,48세,경상
2019021700100058,2019년 2월 17일 01시,일요일,전라북도 군산시 나운동,경상사고,0,0,1,0,차량단독 - 공작물충돌,안전운전불이행,건조,맑음,교차로 - 교차로안,승용,남,44세,상해없음,,,,
2019021700100122,2019년 2월 17일 08시,일요일,전라북도 군산시 나운동,경상사고,0,0,1,0,차대차 - 기타,신호위반,건조,맑음,교차로 - 교차로안,승용,여,36세,상해없음,승용,남,24세,경상
2019021700100123,2019년 2월 17일 08시,일요일,전라북도 완주군 이서면,경상사고,0,0,1,0,차대차 - 정면충돌,안전운전불이행,건조,맑음,교차로 - 교차로안,승용,남,37세,상해없음,승용,남,37세,경상
2019021700100139,2019년 2월 17일 09시,일요일,전라북도 익산시 여산면,경상사고,0,0,3,0,차대차 - 기타,안전운전불이행,건조,맑음,단일로 - 기타,기타불명,기타불명,미분류,기타불명,승용,남,35세,경상
2019021700100177,2019년 2월 17일 11시,일요일,전라북도 무주군 설천면,경상사고,0,0,4,0,차대차 - 정면충돌,안전운전불이행,건조,맑음,단일로 - 기타,승용,남,32세,상해없음,승용,남,37세,상해없음
2019021700100267,2019년 2월 17일 15시,일요일,전라북도 군산시 문화동,경상사고,0,0,2,0,차대차 - 추돌,안전거리미확보,건조,맑음,단일로 - 기타,승용,남,57세,상해없음,화물,남,63세,경상
2019021700100353,2019년 2월 17일 18시,일요일,전라북도 익산시 송학동,경상사고,0,0,1,0,차대차 - 측면충돌,안전거리미확보,건조,흐림,단일로 - 기타,승용,남,18세,상해없음,이륜,남,18세,경상
2019021700100354,2019년 2월 17일 18시,일요일,전라북도 익산시 어양동,경상사고,0,0,1,0,차대사람 - 횡단중,보행자보호의무위반,건조,맑음,단일로 - 기타,기타불명,기타불명,미분류,기타불명,보행자,여,47세,경상
2019021800100078,2019년 2월 18일 06시,월요일,전라북도 전주시 덕진구 송천동2가,중상사고,0,1,1,0,차대차 - 측면충돌,안전거리미확보,건조,맑음,교차로 - 교차로부근,승용,남,53세,상해없음,승용,남,42세,경상
2019021800100079,2019년 2월 18일 06시,월요일,전라북도 정읍시 북면,경상사고,0,0,1,0,차대차 - 추돌,안전운전불이행,건조,맑음,단일로 - 기타,화물,남,48세,상해없음,건설기계,남,50세,경상
2019021800100104,2019년 2월 18일 07시,월요일,전라북도 전주시 덕진구 팔복동1가,경상사고,0,0,1,0,차대차 - 측면충돌,직진우회전진행방해,건조,맑음,교차로 - 교차로안,승용,남,49세,상해없음,승용,남,62세,경상
2019021800100137,2019년 2월 18일 08시,월요일,전라북도 전주시 덕진구 덕진동1가,경상사고,0,0,1,0,차대사람 - 차도통행중,안전운전불이행,건조,맑음,단일로 - 기타,승용,남,57세,상해없음,보행자,남,24세,경상
2019021800100138,2019년 2월 18일 08시,월요일,전라북도 익산시 춘포면,경상사고,0,0,1,0,차대차 - 추돌,안전운전불이행,건조,맑음,단일로 - 기타,화물,남,30세,상해없음,승용,여,43세,경상
2019021800100166,2019년 2월 18일 09시,월요일,전라북도 익산시 목천동,경상사고,0,0,1,0,차대차 - 측면충돌,직진우회전진행방해,건조,맑음,교차로 - 교차로안,화물,남,62세,상해없음,승용,남,27세,경상
2019021800100243,2019년 2월 18일 12시,월요일,전라북도 고창군 고창읍,중상사고,0,1,0,0,차대차 - 측면충돌,안전운전불이행,건조,맑음,교차로 - 교차로안,승용,여,43세,상해없음,원동기,남,27세,중상
2019021800100289,2019년 2월 18일 14시,월요일,전라북도 임실군 삼계면,중상사고,0,1,1,0,차량단독 - 도로외이탈 - 추락,안전운전불이행,건조,맑음,교차로 - 교차로부근,농기계,남,79세,중상,,,,
2019021800100290,2019년 2월 18일 14시,월요일,전라북도 무주군 안성면,중상사고,0,1,0,0,차량단독 - 도로외이탈 - 추락,안전운전불이행,서리/결빙,눈,단일로 - 기타,화물,남,37세,상해없음,,,,
2019021800100314,2019년 2월 18일 15시,월요일,전라북도 군산시 나운동,중상사고,0,1,0,0,차대차 - 기타,차로위반,건조,맑음,단일로 - 기타,화물,남,52세,상해없음,이륜,남,21세,중상
2019021800100338,2019년 2월 18일 16시,월요일,전라북도 익산시 주현동,중상사고,0,1,0,0,차대사람 - 횡단중,안전운전불이행,건조,맑음,교차로 - 교차로부근,건설기계,남,51세,상해없음,보행자,남,82세,중상
2019021800100381,2019년 2월 18일 17시,월요일,전라북도 장수군 번암면,사망사고,1,0,0,0,차량단독 - 전도전복 - 전도,안전운전불이행,건조,맑음,단일로 - 기타,사륜오토바이(ATV),남,78세,사망,,,,
2019021900100024,2019년 2월 19일 00시,화요일,전라북도 전주시 완산구 서신동,중상사고,0,2,0,0,차대사람 - 횡단중,보행자보호의무위반,젖음/습기,비,교차로 - 교차로횡단보도내,승용,여,64세,상해없음,보행자,여,37세,중상
2019021900100025,2019년 2월 19일 00시,화요일,전라북도 군산시 수송동,경상사고,0,0,1,0,차대차 - 측면충돌,불법유턴,젖음/습기,비,단일로 - 기타,승용,남,22세,상해없음,이륜,남,22세,경상
2019021900100038,2019년 2월 19일 01시,화요일,전라북도 전주시 덕진구 덕진동1가,경상사고,0,0,1,0,차대차 - 측면충돌,신호위반,젖음/습기,비,교차로 - 교차로안,승용,여,47세,상해없음,승용,남,64세,경상
2019021900100055,2019년 2월 19일 02시,화요일,전라북도 군산시 수송동,중상사고,0,2,0,0,차대차 - 정면충돌,신호위반,젖음/습기,비,교차로 - 교차로안,승용,남,38세,상해없음,승용,남,46세,중상
2019021900100108,2019년 2월 19일 07시,화요일,전라북도 전주시 완산구 효자동1가,경상사고,0,0,1,0,차대차 - 측면충돌,안전운전불이행,젖음/습기,비,단일로 - 기타,승용,남,67세,상해없음,승용,남,62세,경상
2019021900100109,2019년 2월 19일 07시,화요일,전라북도 전주시 덕진구 송천동2가,경상사고,0,0,1,0,차대차 - 추돌,안전운전불이행,젖음/습기,비,교차로 - 교차로부근,승용,여,51세,상해없음,승용,남,57세,경상
2019021900100110,2019년 2월 19일 07시,화요일,전라북도 군산시 조촌동,경상사고,0,0,1,0,차대차 - 측면충돌,차로위반,기타,기타,단일로 - 기타,승용,남,58세,상해없음,승용,남,60세,경상
2019021900100111,2019년 2월 19일 07시,화요일,전라북도 완주군 용진읍,중상사고,0,1,0,0,차대차 - 기타,신호위반,건조,맑음,교차로 - 교차로안,승용,남,46세,기타불명,자전거,남,59세,중상
2019021900100132,2019년 2월 19일 08시,화요일,전라북도 정읍시 옹동면,중상사고,0,1,1,0,차대차 - 추돌,안전운전불이행,젖음/습기,비,단일로 - 기타,승용,여,48세,경상,승용,남,29세,상해없음
2019021900100133,2019년 2월 19일 08시,화요일,전라북도 남원시 인월면,경상사고,0,0,1,0,차대차 - 측면충돌,신호위반,젖음/습기,비,교차로 - 교차로안,승용,여,46세,상해없음,승용,여,47세,경상
2019021900100168,2019년 2월 19일 09시,화요일,전라북도 전주시 덕진구 덕진동1가,경상사고,0,0,1,0,차대차 - 측면충돌,안전운전불이행,젖음/습기,비,교차로 - 교차로안,승용,여,31세,기타불명,승용,여,49세,경상
2019021900100169,2019년 2월 19일 09시,화요일,전라북도 정읍시 덕천면,경상사고,0,0,1,0,차대차 - 기타,직진우회전진행방해,젖음/습기,비,교차로 - 교차로안,승용,남,45세,상해없음,승용,남,57세,상해없음
2019021900100223,2019년 2월 19일 11시,화요일,전라북도 전주시 덕진구 금상동,중상사고,0,2,0,0,차대차 - 기타,과속,젖음/습기,비,단일로 - 기타,승용,남,29세,상해없음,특수,남,34세,상해없음
2019021900100246,2019년 2월 19일 12시,화요일,전라북도 남원시 도통동,경상사고,0,0,1,0,차대차 - 측면충돌,불법유턴,젖음/습기,비,단일로 - 기타,승용,남,41세,상해없음,화물,남,33세,경상
2019021900100247,2019년 2월 19일 12시,화요일,전라북도 임실군 임실읍,경상사고,0,0,1,0,차대차 - 정면충돌,중앙선침범,젖음/습기,비,단일로 - 기타,승용,여,61세,상해없음,승용,남,62세,경상
2019021900100248,2019년 2월 19일 12시,화요일,전라북도 무주군 무주읍,중상사고,0,1,0,0,차대사람 - 보도통행중,기타,젖음/습기,비,교차로 - 교차로부근,화물,남,37세,상해없음,보행자,남,62세,중상
2019021900100268,2019년 2월 19일 13시,화요일,전라북도 익산시 부송동,중상사고,0,1,0,0,차대사람 - 횡단중,안전운전불이행,젖음/습기,비,교차로 - 교차로안,화물,남,48세,상해없음,보행자,여,55세,중상
2019021900100299,2019년 2월 19일 14시,화요일,전라북도 익산시 모현동1가,경상사고,0,0,4,0,차대차 - 추돌,안전운전불이행,젖음/습기,흐림,교차로 - 교차로안,승용,여,28세,상해없음,승용,여,34세,경상
2019021900100300,2019년 2월 19일 14시,화요일,전라북도 순창군 순창읍,경상사고,0,0,1,0,차대차 - 기타,안전운전불이행,건조,맑음,교차로 - 교차로부근,승용,남,77세,상해없음,승용,남,52세,경상
2019021900100355,2019년 2월 19일 16시,화요일,전라북도 익산시 중앙동1가,경상사고,0,0,1,0,차대사람 - 횡단중,보행자보호의무위반,젖음/습기,흐림,교차로 - 교차로안,승합,남,64세,상해없음,보행자,남,58세,경상
2019021900100377,2019년 2월 19일 17시,화요일,전라북도 임실군 관촌면,경상사고,0,0,1,0,차대차 - 추돌,안전거리미확보,건조,맑음,교차로 - 교차로부근,승용,남,66세,상해없음,승용,여,38세,경상
2019021900100414,2019년 2월 19일 18시,화요일,전라북도 정읍시 시기동,중상사고,0,1,0,0,차대사람 - 기타,안전운전불이행,건조,맑음,단일로 - 기타,승용,남,60세,상해없음,보행자,여,71세,중상
2019021900100454,2019년 2월 19일 19시,화요일,전라북도 전주시 덕진구 반월동,경상사고,0,0,1,0,차대차 - 측면충돌,중앙선침범,젖음/습기,흐림,교차로 - 교차로부근,승용,남,42세,상해없음,이륜,남,21세,경상
2019022000100072,2019년 2월 20일 06시,수요일,전라북도 임실군 관촌면,중상사고,0,1,0,0,차대차 - 추돌,안전거리미확보,젖음/습기,안개,교차로 - 교차로부근,승용,남,68세,상해없음,화물,남,33세,중상
2019022000100092,2019년 2월 20일 07시,수요일,전라북도 익산시 어양동,중상사고,0,1,0,0,차대사람 - 횡단중,안전운전불이행,건조,맑음,단일로 - 기타,화물,남,53세,상해없음,보행자,여,66세,중상
2019022000100116,2019년 2월 20일 08시,수요일,전라북도 전주시 덕진구 송천동2가,경상사고,0,0,1,0,차대차 - 측면충돌,중앙선침범,건조,맑음,단일로 - 기타,승용,여,42세,상해없음,승용,남,57세,경상
2019022000100144,2019년 2월 20일 09시,수요일,전라북도 익산시 어양동,경상사고,0,0,1,0,차대차 - 측면충돌,신호위반,건조,맑음,교차로 - 교차로안,승용,남,60세,상해없음,승용,남,74세,경상
2019022000100145,2019년 2월 20일 09시,수요일,전라북도 부안군 행안면,경상사고,0,0,5,0,차대차 - 추돌,안전운전불이행,젖음/습기,맑음,교차로 - 교차로안,화물,여,50세,경상,승용,남,56세,상해없음
2019022000100203,2019년 2월 20일 11시,수요일,전라북도 전주시 완산구 다가동1가,경상사고,0,0,1,0,차대사람 - 길가장자리구역통행중,안전운전불이행,건조,맑음,단일로 - 지하차도(도로)내,승용,남,50세,상해없음,보행자,여,22세,경상
2019022000100204,2019년 2월 20일 11시,수요일,전라북도 전주시 완산구 색장동,경상사고,0,0,1,0,차량단독 - 기타,안전운전불이행,건조,맑음,교차로 - 교차로부근,승합,남,61세,상해없음,,,,
2019022000100224,2019년 2월 20일 12시,수요일,전라북도 전주시 완산구 효자동3가,경상사고,0,0,2,0,차대차 - 추돌,안전거리미확보,건조,맑음,단일로 - 지하차도(도로)내,승용,남,58세,상해없음,승용,여,46세,경상
2019022000100256,2019년 2월 20일 13시,수요일,전라북도 전주시 덕진구 인후동2가,중상사고,0,1,1,0,차대차 - 측면충돌,안전운전불이행,건조,맑음,교차로 - 교차로안,승용,남,64세,상해없음,화물,여,56세,경상
2019022000100257,2019년 2월 20일 13시,수요일,전라북도 정읍시 소성면,중상사고,0,1,3,0,차대차 - 추돌,안전거리미확보,건조,맑음,단일로 - 기타,화물,남,64세,상해없음,승용,남,52세,경상
2019022000100281,2019년 2월 20일 14시,수요일,전라북도 정읍시 상평동,경상사고,0,0,2,0,차대차 - 측면충돌,안전운전불이행,건조,맑음,기타 - 기타,승용,남,71세,경상,승용,여,52세,상해없음
2019022000100315,2019년 2월 20일 15시,수요일,전라북도 군산시 대야면,경상사고,0,0,1,0,차대차 - 측면충돌,안전운전불이행,건조,맑음,단일로 - 기타,화물,여,48세,기타불명,승용,여,47세,경상
2019022000100341,2019년 2월 20일 16시,수요일,전라북도 전주시 완산구 서신동,중상사고,0,1,0,0,차대차 - 측면충돌,신호위반,건조,맑음,교차로 - 교차로횡단보도내,승용,남,71세,상해없음,자전거,남,20세,중상
2019022000100342,2019년 2월 20일 16시,수요일,전라북도 전주시 덕진구 덕진동2가,경상사고,0,0,1,0,차대사람 - 횡단중,보행자보호의무위반,건조,맑음,교차로 - 교차로횡단보도내,승용,남,48세,상해없음,보행자,남,52세,경상
2019022000100343,2019년 2월 20일 16시,수요일,전라북도 익산시 신동,사망사고,1,0,0,0,차대차 - 측면충돌,과속,건조,맑음,교차로 - 교차로안,승용,남,22세,상해없음,자전거,남,69세,사망