사고번호,사고일시,요일,시군구,사고내용,사망자수,중상자수,경상자수,부상신고자수,사고유형,법규위반,노면상태,기상상태,도로형태,가해운전자 차종,가해운전자 성별,가해운전자 연령,가해운전자 상해정도,피해운전자 차종,피해운전자 성별,피해운전자 연령,피해운전자 상해정도
2019022700100233,2019년 2월 27일 12시,수요일,전라북도 고창군 고창읍,경상사고,0,0,2,0,차대차 - 측면충돌,교차로운행방법위반,건조,맑음,교차로 - 교차로안,화물,남,73세,상해없음,승용,남,45세,경상
2019022700100234,2019년 2월 27일 12시,수요일,전라북도 부안군 부안읍,중상사고,0,1,0,0,차대차 - 측면충돌,직진우회전진행방해,건조,흐림,교차로 - 교차로안,승용,여,51세,상해없음,이륜,남,79세,중상
2019022700100259,2019년 2월 27일 13시,수요일,전라북도 정읍시 수성동,경상사고,0,0,4,0,차대차 - 측면충돌,직진우회전진행방해,건조,맑음,교차로 - 교차로안,승용,남,45세,경상,승용,남,70세,경상
2019022700100285,2019년 2월 27일 14시,수요일,전라북도 고창군 대산면,중상사고,0,1,1,0,차대차 - 정면충돌,중앙선침범,건조,맑음,단일로 - 기타,승용,남,32세,상해없음,승용,남,50세,중상
2019022700100382,2019년 2월 27일 17시,수요일,전라북도 군산시 장재동,경상사고,0,0,2,0,차대차 - 기타,안전운전불이행,건조,맑음,단일로 - 기타,화물,남,55세,상해없음,승용,여,60세,경상
2019022700100383,2019년 2월 27일 17시,수요일,전라북도 남원시 조산동,경상사고,0,0,1,0,차대차 - 추돌,안전운전불이행,젖음/습기,비,교차로 - 교차로안,승용,남,76세,상해없음,승용,남,33세,경상
2019022700100477,2019년 2월 27일 19시,수요일,전라북도 전주시 덕진구 인후동1가,경상사고,0,0,3,0,차대차 - 추돌,안전운전불이행,건조,맑음,교차로 - 교차로안,승용,남,61세,상해없음,승용,남,36세,경상
2019022700100571,2019년 2월 27일 23시,수요일,전라북도 전주시 덕진구 송천동2가,사망사고,1,1,1,0,차대차 - 측면충돌,신호위반,건조,맑음,교차로 - 교차로안,승용,여,21세,상해없음,화물,남,47세,사망
2019022800100085,2019년 2월 28일 06시,목요일,전라북도 김제시 흥사동,사망사고,1,0,0,0,차대차 - 기타,안전운전불이행,젖음/습기,안개,단일로 - 기타,화물,남,63세,사망,건설기계,남,40세,기타불명
2019022800100098,2019년 2월 28일 07시,목요일,전라북도 군산시 소룡동,중상사고,0,2,0,0,차대차 - 측면충돌,직진우회전진행방해,건조,맑음,교차로 - 교차로안,승용,남,57세,상해없음,승용,여,60세,중상
2019022800100099,2019년 2월 28일 07시,목요일,전라북도 군산시 수송동,사망사고,1,0,0,0,차량단독 - 공작물충돌,안전운전불이행,건조,맑음,교차로 - 교차로안,승용,여,29세,사망,,,,
2019022800100100,2019년 2월 28일 07시,목요일,전라북도 군산시 조촌동,경상사고,0,0,1,0,차대사람 - 횡단중,보행자보호의무위반,건조,맑음,교차로 - 교차로횡단보도내,승용,여,63세,상해없음,보행자,여,61세,경상
2019022800100129,2019년 2월 28일 08시,목요일,전라북도 전주시 완산구 효자동3가,중상사고,0,1,2,0,차대차 - 측면충돌,신호위반,건조,맑음,교차로 - 교차로안,승용,남,33세,중상,승용,남,28세,경상
2019022800100130,2019년 2월 28일 08시,목요일,전라북도 전주시 덕진구 인후동1가,경상사고,0,0,1,0,차대사람 - 횡단중,보행자보호의무위반,건조,맑음,교차로 - 교차로횡단보도내,승용,남,55세,상해없음,보행자,여,56세,경상
2019022800100131,2019년 2월 28일 08시,목요일,전라북도 김제시 공덕면,중상사고,0,1,3,0,차대차 - 추돌,안전운전불이행,기타,안개,단일로 - 기타,화물,남,65세,상해없음,승용,여,44세,중상
2019022800100182,2019년 2월 28일 10시,목요일,전라북도 익산시 목천동,경상사고,0,0,1,0,차대차 - 측면충돌,안전운전불이행,건조,맑음,교차로 - 교차로안,화물,여,48세,상해없음,승용,남,39세,경상
2019022800100183,2019년 2월 28일 10시,목요일,전라북도 순창군 금과면,경상사고,0,0,1,0,차대차 - 기타,교차로운행방법위반,건조,맑음,교차로 - 교차로안,화물,남,34세,상해없음,승용,여,50세,경상
2019022800100184,2019년 2월 28일 10시,목요일,전라북도 순창군 순창읍,경상사고,0,0,2,0,차대차 - 기타,안전운전불이행,건조,맑음,단일로 - 기타,승용,남,69세,상해없음,승용,남,51세,경상
2019022800100210,2019년 2월 28일 11시,목요일,전라북도 전주시 덕진구 동산동,중상사고,0,1,0,0,차대사람 - 횡단중,보행자보호의무위반,건조,맑음,교차로 - 교차로횡단보도내,승용,여,37세,상해없음,보행자,남,8세,중상
2019022800100211,2019년 2월 28일 11시,목요일,전라북도 전주시 덕진구 호성동1가,경상사고,0,0,4,0,차대차 - 추돌,안전운전불이행,건조,맑음,단일로 - 기타,승용,남,55세,상해없음,승용,남,70세,경상
2019022800100212,2019년 2월 28일 11시,목요일,전라북도 전주시 덕진구 덕진동2가,경상사고,0,0,2,0,차량단독 - 기타,안전운전불이행,건조,맑음,단일로 - 기타,승합,남,54세,상해없음,,,,
2019022800100213,2019년 2월 28일 11시,목요일,전라북도 군산시 영화동,경상사고,0,0,1,0,차대차 - 기타,안전운전불이행,건조,맑음,교차로 - 교차로안,승용,남,44세,상해없음,승용,남,64세,경상
2019022800100246,2019년 2월 28일 12시,목요일,전라북도 전주시 완산구 효자동2가,경상사고,0,0,1,0,차대차 - 측면충돌,교차로운행방법위반,건조,맑음,교차로 - 교차로부근,승용,남,65세,상해없음,승합,남,47세,경상
2019022800100247,2019년 2월 28일 12시,목요일,전라북도 전주시 완산구 중화산동2가,경상사고,0,0,2,0,차대차 - 측면충돌,안전거리미확보,건조,맑음,단일로 - 지하차도(도로)내,화물,남,27세,상해없음,승용,여,51세,경상
2019022800100248,2019년 2월 28일 12시,목요일,전라북도 익산시 함열읍,경상사고,0,0,1,0,차대차 - 정면충돌,중앙선침범,건조,맑음,단일로 - 기타,이륜,남,79세,경상,승용,남,25세,상해없음
2019022800100249,2019년 2월 28일 12시,목요일,전라북도 정읍시 신태인읍,경상사고,0,0,2,0,차대차 - 기타,안전운전불이행,건조,맑음,단일로 - 기타,화물,남,77세,상해없음,승용,여,44세,경상
2019022800100342,2019년 2월 28일 15시,목요일,전라북도 정읍시 수성동,경상사고,0,0,1,0,차대차 - 추돌,안전운전불이행,건조,맑음,교차로 - 교차로안,승용,남,39세,상해없음,이륜,남,56세,경상
2019022800100343,2019년 2월 28일 15시,목요일,전라북도 무주군 무주읍,중상사고,0,1,0,0,차량단독 - 전도전복 - 전도,안전운전불이행,건조,맑음,단일로 - 기타,화물,남,57세,중상,,,,
2019022800100421,2019년 2월 28일 17시,목요일,전라북도 익산시 평화동,경상사고,0,0,1,0,차대차 - 추돌,안전운전불이행,건조,맑음,단일로 - 기타,승용,남,52세,상해없음,승용,여,58세,경상
2019022800100452,2019년 2월 28일 18시,목요일,전라북도 전주시 덕진구 우아동3가,경상사고,0,0,1,0,차대차 - 측면충돌,신호위반,건조,맑음,교차로 - 교차로부근,승용,남,39세,기타불명,승용,남,50세,경상
2019022800100453,2019년 2월 28일 18시,목요일,전라북도 익산시 평화동,중상사고,0,1,1,0,차대차 - 측면충돌,안전운전불이행,건조,맑음,교차로 - 교차로안,이륜,남,73세,중상,승용,남,62세,경상
2019022800100504,2019년 2월 28일 19시,목요일,전라북도 전주시 덕진구 송천동2가,경상사고,0,0,1,0,차대차 - 측면충돌,직진우회전진행방해,건조,맑음,교차로 - 교차로안,승용,남,36세,기타불명,승용,남,23세,경상
2019022800100505,2019년 2월 28일 19시,목요일,전라북도 익산시 마동,중상사고,0,2,0,0,차대차 - 측면충돌,신호위반,건조,맑음,교차로 - 교차로안,승용,남,27세,상해없음,승용,남,74세,중상
2019022800100506,2019년 2월 28일 19시,목요일,전라북도 익산시 어양동,경상사고,0,0,1,0,차대차 - 측면충돌,신호위반,건조,맑음,교차로 - 교차로안,승용,여,47세,상해없음,승용,남,29세,경상
2019022800100507,2019년 2월 28일 19시,목요일,전라북도 익산시 망성면,경상사고,0,0,1,0,차대차 - 측면충돌,신호위반,건조,맑음,교차로 - 교차로안,승용,남,26세,상해없음,승용,남,51세,경상
2019022800100508,2019년 2월 28일 19시,목요일,전라북도 임실군 신덕면,사망사고,1,0,0,0,차대사람 - 횡단중,중앙선침범,건조,맑음,단일로 - 기타,화물,남,47세,상해없음,보행자,남,54세,사망
2019022800100509,2019년 2월 28일 19시,목요일,전라북도 완주군 봉동읍,중상사고,0,1,0,0,차대차 - 추돌,안전운전불이행,건조,맑음,교차로 - 교차로부근,승용,남,53세,상해없음,승용,여,35세,중상
2019022800100551,2019년 2월 28일 20시,목요일,전라북도 전주시 완산구 중화산동2가,중상사고,0,1,0,0,차대사람 - 횡단중,보행자보호의무위반,건조,맑음,단일로 - 기타,승합,남,47세,상해없음,보행자,남,74세,중상
2019022800100552,2019년 2월 28일 20시,목요일,전라북도 군산시 조촌동,경상사고,0,0,1,0,차대사람 - 횡단중,안전운전불이행,건조,맑음,교차로 - 교차로안,승용,남,54세,상해없음,보행자,여,16세,경상
2019022800100608,2019년 2월 28일 22시,목요일,전라북도 전주시 덕진구 인후동1가,경상사고,0,0,3,0,차대차 - 기타,안전운전불이행,건조,맑음,단일로 - 기타,이륜,남,40세,기타불명,승용,남,26세,경상
2019030100100042,2019년 3월 1일 00시,금요일,전라북도 전주시 완산구 효자동2가,경상사고,0,0,1,0,차대사람 - 기타,안전운전불이행,건조,맑음,교차로 - 교차로안,승용,여,45세,상해없음,보행자,남,35세,경상
2019030100100122,2019년 3월 1일 07시,금요일,전라북도 부안군 동진면,경상사고,0,0,1,0,차대차 - 추돌,안전운전불이행,젖음/습기,안개,교차로 - 교차로안,건설기계,남,50세,상해없음,화물,남,52세,경상
2019030100100239,2019년 3월 1일 13시,금요일,전라북도 고창군 신림면,경상사고,0,0,1,0,차대차 - 기타,차로위반,건조,맑음,교차로 - 교차로부근,화물,남,75세,상해없음,승용,여,56세,경상
2019030100100273,2019년 3월 1일 14시,금요일,전라북도 전주시 덕진구 여의동,중상사고,0,1,0,0,차대차 - 측면충돌,기타,건조,맑음,단일로 - 기타,승용,남,48세,상해없음,화물,남,57세,중상
2019030100100274,2019년 3월 1일 14시,금요일,전라북도 군산시 미원동,경상사고,0,0,3,0,차대사람 - 횡단중,신호위반,건조,맑음,교차로 - 교차로횡단보도내,승용,여,69세,상해없음,보행자,여,17세,경상
2019030100100323,2019년 3월 1일 16시,금요일,전라북도 전주시 덕진구 덕진동1가,중상사고,0,1,2,0,차대차 - 측면충돌,신호위반,건조,맑음,교차로 - 교차로안,승용,남,56세,상해없음,승용,남,52세,경상
2019030100100349,2019년 3월 1일 17시,금요일,전라북도 전주시 덕진구 만성동,경상사고,0,0,1,0,차대차 - 측면충돌,신호위반,건조,맑음,교차로 - 교차로안,화물,남,33세,상해없음,승용,남,74세,경상
2019030100100350,2019년 3월 1일 17시,금요일,전라북도 군산시 미룡동,부상신고사고,0,0,0,1,차대차 - 기타,안전운전불이행,건조,맑음,교차로 - 교차로부근,승용,남,39세,상해없음,이륜,남,38세,부상신고
2019030100100351,2019년 3월 1일 17시,금요일,전라북도 군산시 나운동,경상사고,0,0,1,3,차대차 - 측면충돌,안전운전불이행,건조,맑음,단일로 - 기타,승용,남,21세,상해없음,승용,남,57세,경상
2019030100100376,2019년 3월 1일 18시,금요일,전라북도 전주시 덕진구 인후동1가,경상사고,0,0,4,0,차대차 - 추돌,안전운전불이행,건조,맑음,단일로 - 기타,승용,남,36세,상해없음,승용,남,46세,경상
2019030100100377,2019년 3월 1일 18시,금요일,전라북도 전주시 덕진구 진북동,경상사고,0,0,2,1,차대차 - 추돌,안전운전불이행,건조,맑음,단일로 - 기타,승용,남,35세,상해없음,승용,남,61세,경상
2019030100100407,2019년 3월 1일 19시,금요일,전라북도 전주시 덕진구 호성동2가,중상사고,0,1,1,0,차대차 - 측면충돌,안전운전불이행,건조,맑음,단일로 - 기타,승용,남,36세,상해없음,승용,남,45세,중상
2019030100100408,2019년 3월 1일 19시,금요일,전라북도 전주시 덕진구 여의동,경상사고,0,0,1,0,차대사람 - 횡단중,보행자보호의무위반,건조,맑음,교차로 - 교차로횡단보도내,승용,남,71세,상해없음,보행자,여,15세,경상
2019030100100436,2019년 3월 1일 20시,금요일,전라북도 전주시 완산구 효자동1가,경상사고,0,0,1,0,차대차 - 측면충돌,안전거리미확보,건조,맑음,단일로 - 지하차도(도로)내,승용,여,56세,상해없음,승용,남,56세,경상
2019030100100492,2019년 3월 1일 23시,금요일,전라북도 전주시 완산구 효자동2가,중상사고,0,1,0,0,차대사람 - 차도통행중,중앙선침범,건조,맑음,단일로 - 지하차도(도로)내,승용,남,60세,상해없음,보행자,남,51세,중상
2019030200100018,2019년 3월 2일 00시,토요일,전라북도 장수군 계남면,중상사고,0,1,0,0,차량단독 - 도로외이탈 - 추락,안전운전불이행,건조,맑음,단일로 - 기타,승용,남,23세,중상,,,,
2019030200100026,2019년 3월 2일 01시,토요일,전라북도 전주시 덕진구 진북동,경상사고,0,0,1,0,차대차 - 측면충돌,신호위반,건조,맑음,교차로 - 교차로안,승용,여,48세,상해없음,승용,남,47세,경상
2019030200100057,2019년 3월 2일 04시,토요일,전라북도 김제시 용지면,경상사고,0,0,2,0,차량단독 - 공작물충돌,안전운전불이행,기타,안개,기타 - 기타,승용,남,21세,상해없음,,,,
2019030200100089,2019년 3월 2일 07시,토요일,전라북도 전주시 덕진구 인후동1가,중상사고,0,1,0,0,차대사람 - 보도통행중,기타,건조,맑음,단일로 - 기타,화물,남,36세,상해없음,보행자,여,62세,중상
2019030200100129,2019년 3월 2일 10시,토요일,전라북도 전주시 완산구 남노송동,경상사고,0,0,2,0,차대차 - 측면충돌,안전운전불이행,건조,맑음,교차로 - 교차로부근,승용,남,41세,상해없음,승용,남,52세,경상
2019030200100130,2019년 3월 2일 10시,토요일,전라북도 익산시 송학동,경상사고,0,0,1,0,차대차 - 측면충돌,안전운전불이행,건조,맑음,교차로 - 교차로안,승용,여,64세,상해없음,승용,남,61세,경상
2019030200100177,2019년 3월 2일 12시,토요일,전라북도 완주군 소양면,경상사고,0,0,1,0,차량단독 - 기타,기타,건조,맑음,단일로 - 기타,승합,남,53세,상해없음,,,,
2019030200100204,2019년 3월 2일 13시,토요일,전라북도 전주시 완산구 전동,경상사고,0,0,4,0,차대차 - 측면충돌,안전운전불이행,건조,맑음,단일로 - 기타,승용,남,36세,상해없음,승용,남,22세,경상
2019030200100205,2019년 3월 2일 13시,토요일,전라북도 군산시 미장동,경상사고,0,0,2,0,차대차 - 측면충돌,직진우회전진행방해,건조,맑음,교차로 - 교차로안,승용,남,27세,상해없음,화물,남,29세,경상
2019030200100237,2019년 3월 2일 14시,토요일,전라북도 전주시 완산구 효자동2가,경상사고,0,0,3,0,차대차 - 측면충돌,안전운전불이행,건조,맑음,교차로 - 교차로안,승용,남,61세,상해없음,승용,여,57세,경상
2019030200100238,2019년 3월 2일 14시,토요일,전라북도 군산시 경암동,경상사고,0,0,3,0,차대차 - 측면충돌,직진우회전진행방해,건조,맑음,교차로 - 교차로안,승용,남,39세,상해없음,승용,남,25세,경상
2019030200100274,2019년 3월 2일 15시,토요일,전라북도 전주시 덕진구 덕진동2가,중상사고,0,1,0,0,차대차 - 측면충돌,신호위반,건조,맑음,교차로 - 교차로안,승용,여,54세,상해없음,이륜,남,56세,중상
2019030200100325,2019년 3월 2일 17시,토요일,전라북도 익산시 남중동,중상사고,0,1,0,0,차대사람 - 길가장자리구역통행중,안전운전불이행,건조,맑음,교차로 - 교차로안,승용,남,62세,상해없음,보행자,여,68세,중상
2019030200100365,2019년 3월 2일 18시,토요일,전라북도 전주시 완산구 서노송동,경상사고,0,0,1,0,차대사람 - 길가장자리구역통행중,안전운전불이행,건조,맑음,단일로 - 기타,승용,남,70세,상해없음,보행자,여,51세,경상
2019030200100366,2019년 3월 2일 18시,토요일,전라북도 전주시 덕진구 호성동1가,경상사고,0,0,2,0,차대차 - 측면충돌,중앙선침범,건조,맑음,교차로 - 교차로안,승용,남,71세,상해없음,승용,남,63세,경상
2019030200100367,2019년 3월 2일 18시,토요일,전라북도 남원시 조산동,중상사고,0,1,0,0,차대사람 - 횡단중,보행자보호의무위반,건조,맑음,단일로 - 기타,승용,남,63세,상해없음,보행자,여,71세,중상
2019030200100457,2019년 3월 2일 21시,토요일,전라북도 전주시 완산구 삼천동1가,경상사고,0,0,1,0,차대사람 - 횡단중,안전운전불이행,건조,맑음,교차로 - 교차로안,이륜,남,28세,상해없음,보행자,여,28세,경상
2019030200100458,2019년 3월 2일 21시,토요일,전라북도 전주시 덕진구 송천동1가,경상사고,0,0,1,0,차대차 - 측면충돌,안전거리미확보,건조,맑음,단일로 - 기타,승용,남,48세,상해없음,이륜,남,25세,경상
2019030200100500,2019년 3월 2일 23시,토요일,전라북도 군산시 옥구읍,부상신고사고,0,0,0,1,차대차 - 추돌,안전거리미확보,건조,맑음,단일로 - 기타,승용,남,23세,상해없음,화물,남,53세,부상신고
2019030300100026,2019년 3월 3일 00시,일요일,전라북도 군산시 산북동,경상사고,0,0,1,0,차량단독 - 기타,기타,건조,맑음,단일로 - 기타,승용,남,51세,상해없음,,,,
2019030300100027,2019년 3월 3일 00시,일요일,전라북도 김제시 신풍동,경상사고,0,0,3,0,차대차 - 측면충돌,차로위반,건조,맑음,단일로 - 기타,승용,여,22세,상해없음,승용,남,48세,경상
2019030300100092,2019년 3월 3일 09시,일요일,전라북도 무주군 무주읍,사망사고,1,0,0,0,차량단독 - 기타,안전운전불이행,건조,맑음,단일로 - 기타,농기계,남,66세,사망,,,,
2019030300100162,2019년 3월 3일 13시,일요일,전라북도 전주시 덕진구 인후동2가,경상사고,0,0,1,0,차대차 - 측면충돌,안전거리미확보,건조,흐림,단일로 - 기타,승용,남,78세,상해없음,승용,여,34세,경상
2019030300100194,2019년 3월 3일 14시,일요일,전라북도 김제시 신풍동,경상사고,0,0,1,0,차대사람 - 보도통행중,신호위반,건조,맑음,교차로 - 교차로안,자전거,남,55세,상해없음,보행자,여,76세,경상
2019030300100240,2019년 3월 3일 16시,일요일,전라북도 군산시 조촌동,경상사고,0,0,1,0,차대사람 - 횡단중,안전운전불이행,건조,맑음,교차로 - 교차로안,승합,남,31세,상해없음,보행자,남,81세,경상
2019030300100259,2019년 3월 3일 17시,일요일,전라북도 김제시 공덕면,경상사고,0,0,2,0,차대차 - 추돌,안전운전불이행,건조,맑음,단일로 - 기타,승용,남,36세,상해없음,승용,남,40세,경상
2019030300100280,2019년 3월 3일 18시,일요일,전라북도 익산시 영등동,중상사고,0,1,3,0,차대차 - 측면충돌,신호위반,건조,맑음,교차로 - 교차로안,이륜,남,18세,중상,화물,남,19세,상해없음
2019030300100310,2019년 3월 3일 19시,일요일,전라북도 전주시 완산구 효자동3가,경상사고,0,0,1,0,차대차 - 측면충돌,안전운전불이행,건조,맑음,교차로 - 교차로안,승용,여,56세,상해없음,승용,남,40세,경상
2019030300100311,2019년 3월 3일 19시,일요일,전라북도 군산시 나운동,경상사고,0,0,3,0,차대차 - 기타,안전운전불이행,건조,맑음,교차로 - 교차로안,승용,여,54세,상해없음,승용,남,71세,경상
2019030300100312,2019년 3월 3일 19시,일요일,전라북도 군산시 미룡동,경상사고,0,0,1,0,차대차 - 측면충돌,안전운전불이행,건조,맑음,단일로 - 기타,이륜,남,58세,상해없음,이륜,남,24세,경상
2019030400100067,2019년 3월 4일 07시,월요일,전라북도 군산시 지곡동,경상사고,0,0,1,0,차대차 - 측면충돌,안전운전불이행,건조,맑음,교차로 - 교차로안,승용,남,30세,상해없음,승용,남,67세,경상
2019030400100068,2019년 3월 4일 07시,월요일,전라북도 임실군 관촌면,경상사고,0,0,2,0,차대차 - 측면충돌,안전운전불이행,건조,맑음,단일로 - 기타,건설기계,남,57세,상해없음,승용,남,37세,경상
2019030400100118,2019년 3월 4일 09시,월요일,전라북도 임실군 임실읍,경상사고,0,0,1,0,차대차 - 측면충돌,중앙선침범,건조,맑음,단일로 - 지하차도(도로)내,승용,남,75세,상해없음,승용,남,71세,경상
2019030400100139,2019년 3월 4일 10시,월요일,전라북도 전주시 덕진구 인후동1가,중상사고,0,1,1,0,차대사람 - 횡단중,안전운전불이행,건조,맑음,교차로 - 교차로부근,승용,남,72세,상해없음,보행자,여,37세,중상
2019030400100140,2019년 3월 4일 10시,월요일,전라북도 전주시 덕진구 인후동2가,경상사고,0,0,2,0,차대차 - 기타,교차로운행방법위반,건조,맑음,교차로 - 교차로부근,이륜,남,59세,상해없음,승용,남,66세,경상
2019030400100167,2019년 3월 4일 11시,월요일,전라북도 전주시 덕진구 우아동3가,중상사고,0,1,0,0,차대사람 - 횡단중,보행자보호의무위반,건조,맑음,교차로 - 교차로안,화물,남,58세,상해없음,보행자,여,74세,중상
2019030400100225,2019년 3월 4일 13시,월요일,전라북도 익산시 부송동,경상사고,0,0,1,0,차대차 - 측면충돌,신호위반,건조,맑음,교차로 - 교차로안,승용,남,57세,상해없음,승용,남,61세,경상
2019030400100259,2019년 3월 4일 14시,월요일,전라북도 남원시 죽항동,중상사고,0,2,0,0,차량단독 - 공작물충돌,안전운전불이행,건조,맑음,단일로 - 기타,승용,여,68세,상해없음,,,,
2019030400100291,2019년 3월 4일 15시,월요일,전라북도 전주시 완산구 효자동2가,중상사고,0,1,0,0,차대사람 - 기타,안전운전불이행,건조,맑음,단일로 - 기타,승용,남,48세,상해없음,보행자,여,9세,중상
2019030400100292,2019년 3월 4일 15시,월요일,전라북도 군산시 나운동,경상사고,0,0,1,0,차대사람 - 기타,안전운전불이행,건조,맑음,단일로 - 기타,승용,남,53세,상해없음,보행자,남,42세,경상
2019030400100336,2019년 3월 4일 16시,월요일,전라북도 남원시 도통동,중상사고,0,1,0,0,차대차 - 측면충돌,안전운전불이행,건조,맑음,교차로 - 교차로안,승용,여,57세,상해없음,자전거,남,16세,중상
2019030400100372,2019년 3월 4일 17시,월요일,전라북도 익산시 영등동,경상사고,0,0,2,0,차대차 - 측면충돌,안전거리미확보,건조,맑음,단일로 - 기타,승용,남,70세,상해없음,승용,남,65세,경상
2019030500100031,2019년 3월 5일 00시,화요일,전라북도 정읍시 북면,경상사고,0,0,1,0,차량단독 - 주/정차차량 충돌,안전운전불이행,건조,맑음,단일로 - 기타,화물,남,52세,경상,,,,
2019030500100047,2019년 3월 5일 02시,화요일,전라북도 전주시 덕진구 진북동,경상사고,0,0,2,0,차대차 - 기타,안전운전불이행,건조,흐림,단일로 - 기타,승용,남,44세,상해없음,승용,남,49세,경상
2019030500100068,2019년 3월 5일 05시,화요일,전라북도 정읍시 하모동,사망사고,1,0,1,0,차대차 - 기타,안전운전불이행,건조,맑음,단일로 - 기타,화물,남,39세,사망,화물,남,53세,상해없음
2019030500100129,2019년 3월 5일 08시,화요일,전라북도 군산시 나운동,경상사고,0,0,1,1,차대차 - 추돌,안전거리미확보,건조,맑음,교차로 - 교차로부근,승용,남,55세,상해없음,승용,남,65세,경상
2019030500100130,2019년 3월 5일 08시,화요일,전라북도 익산시 남중동,경상사고,0,0,1,0,차대차 - 측면충돌,안전운전불이행,건조,맑음,기타 - 기타,화물,남,47세,상해없음,자전거,남,15세,경상
2019030500100131,2019년 3월 5일 08시,화요일,전라북도 김제시 입석동,경상사고,0,0,1,0,차대차 - 측면충돌,중앙선침범,건조,맑음,교차로 - 교차로안,승용,여,19세,상해없음,화물,남,60세,경상
2019030500100165,2019년 3월 5일 09시,화요일,전라북도 완주군 비봉면,중상사고,0,1,1,0,차대차 - 측면충돌,안전운전불이행,건조,맑음,교차로 - 교차로안,화물,남,62세,상해없음,승용,남,57세,경상
2019030500100220,2019년 3월 5일 11시,화요일,전라북도 익산시 목천동,중상사고,0,2,0,0,차대차 - 후진중충돌,안전운전불이행,건조,맑음,단일로 - 기타,화물,남,61세,상해없음,이륜,남,85세,중상
2019030500100293,2019년 3월 5일 14시,화요일,전라북도 전주시 완산구 효자동2가,경상사고,0,0,1,0,차대차 - 정면충돌,안전운전불이행,건조,맑음,단일로 - 기타,승용,남,51세,상해없음,승용,남,31세,경상
2019030500100294,2019년 3월 5일 14시,화요일,전라북도 익산시 오산면,경상사고,0,0,1,0,차대차 - 측면충돌,신호위반,건조,맑음,교차로 - 교차로안,승용,남,69세,상해없음,승용,남,71세,경상
2019030500100295,2019년 3월 5일 14시,화요일,전라북도 익산시 영등동,경상사고,0,0,1,0,차대사람 - 보도통행중,보행자보호의무위반,건조,맑음,교차로 - 교차로횡단보도내,화물,여,31세,상해없음,보행자,여,47세,경상
2019030500100296,2019년 3월 5일 14시,화요일,전라북도 김제시 서암동,중상사고,0,1,0,0,차대차 - 측면충돌,교차로운행방법위반,건조,맑음,교차로 - 교차로안,화물,남,34세,상해없음,원동기,여,76세,중상
2019030500100322,2019년 3월 5일 15시,화요일,전라북도 익산시 남중동,경상사고,0,0,1,0,차대사람 - 횡단중,안전운전불이행,건조,맑음,교차로 - 교차로안,승용,남,60세,상해없음,보행자,남,55세,경상
2019030500100354,2019년 3월 5일 16시,화요일,전라북도 고창군 고수면,중상사고,0,1,0,0,차량단독 - 전도전복 - 전도,안전운전불이행,건조,맑음,단일로 - 기타,원동기,남,78세,중상,,,,
2019030500100382,2019년 3월 5일 17시,화요일,전라북도 전주시 덕진구 덕진동1가,경상사고,0,0,1,0,차대차 - 추돌,안전운전불이행,건조,맑음,단일로 - 기타,승용,여,46세,상해없음,승용,남,27세,경상
2019030500100383,2019년 3월 5일 17시,화요일,전라북도 익산시 함라면,경상사고,0,0,2,0,차대차 - 측면충돌,신호위반,건조,맑음,교차로 - 교차로안,승용,남,63세,상해없음,승용,남,25세,경상
2019030500100384,2019년 3월 5일 17시,화요일,전라북도 김제시 요촌동,경상사고,0,0,1,0,차대차 - 측면충돌,교차로운행방법위반,건조,맑음,교차로 - 교차로안,승용,여,34세,상해없음,원동기,여,38세,경상
2019030500100409,2019년 3월 5일 18시,화요일,전라북도 정읍시 신태인읍,중상사고,0,1,1,0,차대차 - 측면충돌,신호위반,건조,맑음,교차로 - 교차로안,승합,여,56세,상해없음,승용,남,68세,경상
2019030500100437,2019년 3월 5일 19시,화요일,전라북도 익산시 오산면,경상사고,0,0,1,0,차대차 - 추돌,안전거리미확보,건조,흐림,단일로 - 교량,승용,남,48세,상해없음,화물,남,42세,경상
2019030500100438,2019년 3월 5일 19시,화요일,전라북도 김제시 금구면,경상사고,0,0,3,0,차대차 - 측면충돌,직진우회전진행방해,건조,맑음,교차로 - 교차로안,화물,남,55세,상해없음,화물,남,54세,경상
2019030500100439,2019년 3월 5일 19시,화요일,전라북도 부안군 상서면,사망사고,1,0,3,0,차대차 - 추돌,과속,건조,흐림,단일로 - 기타,승용,남,59세,경상,농기계,남,64세,사망
2019030500100485,2019년 3월 5일 21시,화요일,전라북도 남원시 용정동,중상사고,0,1,0,0,차량단독 - 공작물충돌,안전운전불이행,건조,맑음,단일로 - 기타,화물,남,64세,중상,,,,
2019030500100503,2019년 3월 5일 22시,화요일,전라북도 전주시 덕진구 송천동1가,경상사고,0,0,2,0,차대차 - 추돌,안전운전불이행,건조,맑음,단일로 - 기타,승용,남,54세,상해없음,승용,여,21세,경상
2019030500100504,2019년 3월 5일 22시,화요일,전라북도 전주시 덕진구 우아동3가,경상사고,0,0,1,0,차대차 - 측면충돌,안전운전불이행,건조,맑음,교차로 - 교차로부근,승용,남,62세,상해없음,승용,남,45세,경상