사고번호,사고일시,요일,시군구,사고내용,사망자수,중상자수,경상자수,부상신고자수,사고유형,법규위반,노면상태,기상상태,도로형태,가해운전자 차종,가해운전자 성별,가해운전자 연령,가해운전자 상해정도,피해운전자 차종,피해운전자 성별,피해운전자 연령,피해운전자 상해정도
2019030500100505,2019년 3월 5일 22시,화요일,전라북도 무주군 설천면,경상사고,0,0,1,0,차량단독 - 공작물충돌,안전운전불이행,건조,맑음,교차로 - 교차로안,화물,남,64세,경상,,,,
2019030600100025,2019년 3월 6일 00시,수요일,전라북도 군산시 경장동,중상사고,0,1,0,0,차대차 - 측면충돌,불법유턴,건조,맑음,교차로 - 교차로횡단보도내,자전거,여,23세,중상,승용,남,55세,상해없음
2019030600100134,2019년 3월 6일 08시,수요일,전라북도 정읍시 삼산동,경상사고,0,0,2,0,차대차 - 측면충돌,중앙선침범,건조,맑음,단일로 - 고가도로위,승용,남,18세,상해없음,승용,남,43세,경상
2019030600100135,2019년 3월 6일 08시,수요일,전라북도 남원시 보절면,중상사고,0,2,1,0,차대차 - 정면충돌,안전운전불이행,건조,흐림,교차로 - 교차로안,승용,남,72세,경상,승용,남,39세,중상
2019030600100165,2019년 3월 6일 09시,수요일,전라북도 전주시 덕진구 팔복동3가,경상사고,0,0,2,0,차대차 - 추돌,안전운전불이행,건조,맑음,단일로 - 기타,승용,남,50세,상해없음,승용,여,51세,경상
2019030600100166,2019년 3월 6일 09시,수요일,전라북도 군산시 신관동,경상사고,0,0,2,0,차대차 - 추돌,안전운전불이행,건조,맑음,단일로 - 기타,화물,남,55세,경상,승용,여,54세,경상
2019030600100199,2019년 3월 6일 10시,수요일,전라북도 김제시 요촌동,중상사고,0,1,0,0,차대사람 - 횡단중,보행자보호의무위반,건조,맑음,교차로 - 교차로안,승용,여,56세,상해없음,보행자,남,69세,중상
2019030600100225,2019년 3월 6일 11시,수요일,전라북도 완주군 소양면,중상사고,0,1,0,0,차대차 - 정면충돌,중앙선침범,건조,맑음,단일로 - 기타,승용,남,70세,상해없음,승용,남,58세,중상
2019030600100261,2019년 3월 6일 12시,수요일,전라북도 군산시 신창동,중상사고,0,1,0,0,차대차 - 측면충돌,안전운전불이행,건조,맑음,교차로 - 교차로안,승용,여,64세,상해없음,이륜,남,51세,중상
2019030600100284,2019년 3월 6일 13시,수요일,전라북도 전주시 덕진구 장동,중상사고,0,1,0,0,차대차 - 측면충돌,중앙선침범,건조,맑음,단일로 - 기타,승용,여,40세,상해없음,이륜,남,34세,중상
2019030600100317,2019년 3월 6일 14시,수요일,전라북도 임실군 임실읍,중상사고,0,1,0,0,차대사람 - 횡단중,보행자보호의무위반,건조,맑음,교차로 - 교차로횡단보도내,건설기계,남,56세,상해없음,보행자,여,84세,중상
2019030600100368,2019년 3월 6일 16시,수요일,전라북도 전주시 덕진구 금암동,경상사고,0,0,1,0,차대차 - 측면충돌,안전운전불이행,건조,맑음,교차로 - 교차로안,승용,여,38세,상해없음,자전거,여,66세,경상
2019030600100369,2019년 3월 6일 16시,수요일,전라북도 전주시 덕진구 중동,중상사고,0,1,0,0,차대사람 - 차도통행중,안전운전불이행,건조,맑음,단일로 - 기타,승용,남,41세,상해없음,보행자,남,82세,중상
2019030600100370,2019년 3월 6일 16시,수요일,전라북도 고창군 공음면,경상사고,0,0,1,0,차대차 - 측면충돌,신호위반,건조,맑음,교차로 - 교차로안,승용,남,74세,상해없음,승용,여,61세,경상
2019030600100397,2019년 3월 6일 17시,수요일,전라북도 전주시 완산구 효자동3가,경상사고,0,0,1,0,차대차 - 측면충돌,안전운전불이행,건조,흐림,교차로 - 교차로안,화물,남,38세,상해없음,승용,여,27세,경상
2019030600100437,2019년 3월 6일 18시,수요일,전라북도 전주시 완산구 효자동2가,경상사고,0,0,2,0,차대차 - 기타,안전운전불이행,건조,맑음,단일로 - 기타,승용,남,70세,상해없음,승용,남,51세,경상
2019030600100438,2019년 3월 6일 18시,수요일,전라북도 군산시 나운동,경상사고,0,0,2,0,차대차 - 측면충돌,교차로운행방법위반,건조,흐림,교차로 - 교차로안,승용,여,65세,경상,승용,여,55세,경상
2019030600100439,2019년 3월 6일 18시,수요일,전라북도 군산시 미장동,경상사고,0,0,4,0,차대차 - 정면충돌,교차로운행방법위반,건조,맑음,교차로 - 교차로안,승용,남,23세,상해없음,승용,남,49세,경상
2019030600100483,2019년 3월 6일 19시,수요일,전라북도 군산시 개정면,경상사고,0,0,3,0,차대차 - 추돌,안전운전불이행,건조,기타,교차로 - 교차로부근,승용,남,78세,상해없음,승용,여,64세,경상
2019030600100484,2019년 3월 6일 19시,수요일,전라북도 익산시 송학동,경상사고,0,0,1,0,차대차 - 기타,교차로운행방법위반,건조,맑음,교차로 - 교차로안,승용,남,43세,상해없음,이륜,남,26세,경상
2019030600100518,2019년 3월 6일 20시,수요일,전라북도 전주시 완산구 중화산동2가,경상사고,0,0,1,0,차대차 - 후진중충돌,불법유턴,건조,맑음,단일로 - 기타,승용,남,43세,상해없음,이륜,남,39세,경상
2019030600100551,2019년 3월 6일 21시,수요일,전라북도 군산시 구암동,경상사고,0,0,1,0,차대차 - 측면충돌,신호위반,건조,기타,교차로 - 교차로안,이륜,남,77세,상해없음,승용,여,49세,경상
2019030600100570,2019년 3월 6일 22시,수요일,전라북도 익산시 모현동1가,경상사고,0,0,2,0,차대차 - 측면충돌,직진우회전진행방해,건조,맑음,교차로 - 교차로안,승용,남,52세,상해없음,승용,여,60세,경상
2019030700100251,2019년 3월 7일 12시,목요일,전라북도 익산시 함열읍,경상사고,0,0,1,0,차대차 - 측면충돌,신호위반,건조,맑음,교차로 - 교차로안,승용,여,62세,상해없음,승용,남,57세,경상
2019030700100416,2019년 3월 7일 17시,목요일,전라북도 전주시 덕진구 팔복동3가,경상사고,0,0,1,0,차대차 - 측면충돌,안전운전불이행,건조,맑음,단일로 - 기타,승용,남,50세,기타불명,승용,남,43세,경상
2019030700100417,2019년 3월 7일 17시,목요일,전라북도 익산시 모현동2가,경상사고,0,0,1,0,차대차 - 측면충돌,안전운전불이행,건조,맑음,교차로 - 교차로안,승용,남,51세,상해없음,이륜,남,60세,경상
2019030700100456,2019년 3월 7일 18시,목요일,전라북도 군산시 명산동,경상사고,0,0,1,0,차대차 - 기타,차로위반,건조,맑음,단일로 - 기타,승용,여,26세,상해없음,이륜,남,50세,경상
2019030700100499,2019년 3월 7일 19시,목요일,전라북도 전주시 덕진구 송천동1가,중상사고,0,1,0,0,차대사람 - 차도통행중,안전운전불이행,건조,맑음,단일로 - 기타,이륜,남,54세,상해없음,보행자,남,49세,중상
2019030700100500,2019년 3월 7일 19시,목요일,전라북도 남원시 산내면,중상사고,0,1,0,0,차량단독 - 공작물충돌,안전운전불이행,건조,맑음,단일로 - 기타,승합,남,41세,상해없음,,,,
2019030700100570,2019년 3월 7일 21시,목요일,전라북도 군산시 나운동,경상사고,0,0,1,0,차대차 - 기타,안전운전불이행,건조,맑음,교차로 - 교차로안,승용,여,41세,상해없음,승용,여,51세,경상
2019030700100605,2019년 3월 7일 22시,목요일,전라북도 전주시 완산구 효자동2가,중상사고,0,1,0,0,차대차 - 추돌,안전운전불이행,건조,기타,기타 - 기타,승용,남,41세,상해없음,승용,남,41세,중상
2019030800100038,2019년 3월 8일 02시,금요일,전라북도 전주시 덕진구 덕진동1가,경상사고,0,0,1,0,차대차 - 측면충돌,교차로운행방법위반,건조,맑음,교차로 - 교차로안,승용,남,46세,상해없음,승용,남,46세,상해없음
2019030800100075,2019년 3월 8일 06시,금요일,전라북도 익산시 중앙동2가,경상사고,0,0,1,0,차대차 - 후진중충돌,안전운전불이행,건조,맑음,교차로 - 교차로횡단보도내,승용,남,44세,상해없음,자전거,여,57세,경상
2019030800100076,2019년 3월 8일 06시,금요일,전라북도 익산시 신동,경상사고,0,0,1,0,차대사람 - 횡단중,안전운전불이행,건조,맑음,단일로 - 기타,승용,남,65세,상해없음,보행자,남,71세,경상
2019030800100097,2019년 3월 8일 07시,금요일,전라북도 전주시 덕진구 덕진동2가,경상사고,0,0,1,0,차대차 - 기타,안전운전불이행,건조,맑음,교차로 - 교차로부근,승용,남,34세,상해없음,승용,여,24세,경상
2019030800100098,2019년 3월 8일 07시,금요일,전라북도 군산시 대명동,중상사고,0,1,0,0,차대사람 - 횡단중,보행자보호의무위반,건조,맑음,단일로 - 기타,화물,남,33세,상해없음,보행자,여,78세,중상
2019030800100148,2019년 3월 8일 08시,금요일,전라북도 전주시 완산구 다가동1가,경상사고,0,0,2,0,차대차 - 측면충돌,안전거리미확보,건조,맑음,단일로 - 교량,승용,여,29세,상해없음,승용,남,34세,경상
2019030800100149,2019년 3월 8일 08시,금요일,전라북도 전주시 덕진구 만성동,경상사고,0,0,1,0,차대차 - 측면충돌,신호위반,건조,맑음,교차로 - 교차로안,승용,남,33세,상해없음,승용,여,46세,경상
2019030800100150,2019년 3월 8일 08시,금요일,전라북도 정읍시 상동,중상사고,0,1,0,0,차대차 - 측면충돌,중앙선침범,건조,맑음,교차로 - 교차로횡단보도내,승용,남,63세,상해없음,승용,여,41세,중상
2019030800100188,2019년 3월 8일 09시,금요일,전라북도 정읍시 태인면,경상사고,0,0,2,0,차량단독 - 전도전복 - 전도,안전운전불이행,건조,맑음,교차로 - 교차로부근,화물,남,56세,경상,,,,
2019030800100229,2019년 3월 8일 10시,금요일,전라북도 전주시 덕진구 팔복동2가,경상사고,0,0,3,0,차대차 - 측면충돌,직진우회전진행방해,건조,맑음,교차로 - 교차로안,승용,남,60세,상해없음,승용,남,27세,경상
2019030800100230,2019년 3월 8일 10시,금요일,전라북도 전주시 덕진구 송천동2가,경상사고,0,0,1,0,차대차 - 측면충돌,안전운전불이행,건조,맑음,단일로 - 기타,승용,여,41세,상해없음,승용,여,45세,경상
2019030800100266,2019년 3월 8일 11시,금요일,전라북도 전주시 완산구 중화산동2가,경상사고,0,0,1,0,차대차 - 측면충돌,직진우회전진행방해,건조,맑음,교차로 - 교차로안,승용,남,35세,상해없음,승용,여,31세,경상
2019030800100307,2019년 3월 8일 12시,금요일,전라북도 전주시 완산구 효자동1가,경상사고,0,0,1,0,차대차 - 측면충돌,안전거리미확보,건조,맑음,교차로 - 교차로안,승용,남,58세,상해없음,승용,여,33세,경상
2019030800100308,2019년 3월 8일 12시,금요일,전라북도 전주시 덕진구 호성동1가,중상사고,0,1,1,0,차대사람 - 횡단중,안전운전불이행,건조,맑음,단일로 - 기타,화물,남,50세,상해없음,보행자,여,51세,경상
2019030800100345,2019년 3월 8일 13시,금요일,전라북도 정읍시 수성동,경상사고,0,0,1,0,차대차 - 정면충돌,신호위반,건조,맑음,교차로 - 교차로안,이륜,남,61세,경상,승용,여,23세,상해없음
2019030800100346,2019년 3월 8일 13시,금요일,전라북도 순창군 동계면,경상사고,0,0,1,0,차대차 - 정면충돌,중앙선침범,건조,맑음,단일로 - 기타,건설기계,남,57세,상해없음,승용,여,37세,경상
2019030800100383,2019년 3월 8일 14시,금요일,전라북도 익산시 왕궁면,경상사고,0,0,2,0,차대차 - 추돌,안전거리미확보,건조,맑음,단일로 - 기타,건설기계,남,53세,상해없음,화물,남,28세,경상
2019030800100419,2019년 3월 8일 15시,금요일,전라북도 전주시 완산구 효자동3가,경상사고,0,0,1,0,차대차 - 측면충돌,불법유턴,건조,맑음,교차로 - 교차로부근,승용,남,24세,상해없음,승용,여,38세,경상
2019030800100420,2019년 3월 8일 15시,금요일,전라북도 전주시 덕진구 용정동,경상사고,0,0,2,0,차대차 - 기타,기타,건조,맑음,단일로 - 기타,화물,남,62세,상해없음,승용,남,57세,경상
2019030800100454,2019년 3월 8일 16시,금요일,전라북도 전주시 완산구 효자동3가,경상사고,0,0,2,0,차대차 - 측면충돌,신호위반,건조,맑음,교차로 - 교차로안,승용,여,35세,상해없음,승용,남,58세,경상
2019030800100455,2019년 3월 8일 16시,금요일,전라북도 군산시 조촌동,경상사고,0,0,2,0,차대차 - 측면충돌,안전운전불이행,건조,맑음,교차로 - 교차로안,승용,여,21세,상해없음,승용,남,44세,경상
2019030800100456,2019년 3월 8일 16시,금요일,전라북도 군산시 나운동,중상사고,0,1,0,0,차대차 - 기타,중앙선침범,건조,맑음,단일로 - 기타,승용,남,52세,상해없음,이륜,남,50세,중상
2019030800100500,2019년 3월 8일 17시,금요일,전라북도 익산시 평화동,중상사고,0,1,3,0,차대차 - 측면충돌,안전운전불이행,건조,맑음,단일로 - 기타,승용,여,67세,상해없음,승용,남,68세,경상
2019030800100501,2019년 3월 8일 17시,금요일,전라북도 장수군 장계면,중상사고,0,1,1,0,차대차 - 추돌,교차로운행방법위반,건조,맑음,교차로 - 교차로부근,승용,남,47세,상해없음,자전거,남,68세,경상
2019030800100649,2019년 3월 8일 20시,금요일,전라북도 전주시 덕진구 송천동1가,경상사고,0,0,1,0,차대차 - 기타,기타,건조,맑음,단일로 - 기타,승용,남,52세,경상,승용,남,23세,상해없음
2019030800100650,2019년 3월 8일 20시,금요일,전라북도 부안군 행안면,경상사고,0,0,1,0,차대차 - 기타,중앙선침범,건조,맑음,단일로 - 기타,승용,남,47세,상해없음,승합,남,57세,상해없음
2019030800100651,2019년 3월 8일 20시,금요일,전라북도 완주군 삼례읍,중상사고,0,1,0,0,차대사람 - 횡단중,안전운전불이행,건조,맑음,단일로 - 기타,승용,여,24세,상해없음,보행자,남,59세,중상
2019030800100704,2019년 3월 8일 22시,금요일,전라북도 전주시 덕진구 우아동2가,경상사고,0,0,1,0,차대차 - 측면충돌,직진우회전진행방해,건조,맑음,교차로 - 교차로안,승용,남,24세,상해없음,이륜,남,17세,경상
2019030800100705,2019년 3월 8일 22시,금요일,전라북도 익산시 영등동,경상사고,0,0,1,0,차대차 - 추돌,안전운전불이행,건조,맑음,교차로 - 교차로부근,승용,남,19세,상해없음,승용,남,31세,경상
2019030800100726,2019년 3월 8일 23시,금요일,전라북도 정읍시 연지동,경상사고,0,0,4,0,차대차 - 측면충돌,안전운전불이행,건조,맑음,단일로 - 기타,승용,남,63세,상해없음,승용,남,22세,경상
2019030900100045,2019년 3월 9일 01시,토요일,전라북도 전주시 완산구 중화산동2가,경상사고,0,0,1,0,차대차 - 측면충돌,신호위반,건조,맑음,교차로 - 교차로안,승용,남,45세,상해없음,이륜,남,17세,경상
2019030900100113,2019년 3월 9일 06시,토요일,전라북도 군산시 미원동,중상사고,0,1,0,0,차대사람 - 횡단중,안전운전불이행,젖음/습기,비,교차로 - 교차로안,화물,남,53세,상해없음,보행자,여,84세,중상
2019030900100114,2019년 3월 9일 06시,토요일,전라북도 김제시 요촌동,경상사고,0,0,1,0,차대사람 - 차도통행중,안전운전불이행,건조,흐림,교차로 - 교차로부근,승용,여,53세,상해없음,보행자,여,74세,경상
2019030900100150,2019년 3월 9일 08시,토요일,전라북도 남원시 왕정동,경상사고,0,0,1,0,차대차 - 추돌,안전운전불이행,건조,맑음,교차로 - 교차로안,건설기계,남,58세,상해없음,자전거,여,64세,경상
2019030900100201,2019년 3월 9일 10시,토요일,전라북도 김제시 검산동,사망사고,1,0,1,0,차대차 - 측면충돌,안전운전불이행,건조,맑음,교차로 - 교차로안,이륜,남,77세,사망,화물,남,49세,경상
2019030900100233,2019년 3월 9일 11시,토요일,전라북도 전주시 완산구 효자동2가,경상사고,0,0,1,0,차대차 - 측면충돌,신호위반,건조,맑음,교차로 - 교차로안,승용,여,44세,상해없음,이륜,남,17세,경상
2019030900100303,2019년 3월 9일 13시,토요일,전라북도 군산시 개정면,경상사고,0,0,3,0,차대차 - 기타,교차로운행방법위반,건조,맑음,교차로 - 교차로부근,승용,여,56세,경상,승용,여,65세,경상
2019030900100304,2019년 3월 9일 13시,토요일,전라북도 군산시 소룡동,경상사고,0,0,1,0,차대차 - 추돌,안전운전불이행,건조,맑음,교차로 - 교차로안,승용,남,23세,상해없음,승용,여,38세,경상
2019030900100371,2019년 3월 9일 15시,토요일,전라북도 고창군 성내면,중상사고,0,1,0,0,차대사람 - 기타,불법유턴,건조,맑음,단일로 - 기타,화물,남,54세,상해없음,보행자,여,63세,중상
2019030900100482,2019년 3월 9일 18시,토요일,전라북도 전주시 덕진구 송천동1가,중상사고,0,1,0,0,차대사람 - 횡단중,보행자보호의무위반,건조,맑음,단일로 - 기타,승용,여,38세,상해없음,보행자,여,17세,중상
2019030900100483,2019년 3월 9일 18시,토요일,전라북도 완주군 삼례읍,중상사고,0,1,0,0,차대차 - 정면충돌,신호위반,건조,맑음,교차로 - 교차로안,승용,여,59세,상해없음,이륜,남,20세,중상
2019030900100523,2019년 3월 9일 19시,토요일,전라북도 전주시 완산구 평화동2가,경상사고,0,0,1,0,차대차 - 측면충돌,불법유턴,건조,맑음,단일로 - 지하차도(도로)내,승용,남,42세,상해없음,이륜,남,33세,경상
2019030900100524,2019년 3월 9일 19시,토요일,전라북도 군산시 미룡동,중상사고,0,1,0,0,차대차 - 기타,중앙선침범,건조,맑음,단일로 - 기타,승용,남,48세,상해없음,이륜,남,62세,중상
2019030900100525,2019년 3월 9일 19시,토요일,전라북도 완주군 용진읍,중상사고,0,1,1,0,차대차 - 정면충돌,안전운전불이행,건조,맑음,교차로 - 교차로안,승용,여,56세,상해없음,승용,남,42세,경상
2019030900100571,2019년 3월 9일 20시,토요일,전라북도 전주시 완산구 중화산동2가,경상사고,0,0,2,0,차대차 - 측면충돌,신호위반,건조,맑음,교차로 - 교차로안,승용,남,61세,상해없음,승용,남,59세,경상
2019030900100572,2019년 3월 9일 20시,토요일,전라북도 전주시 덕진구 진북동,중상사고,0,1,0,0,차대차 - 측면충돌,안전운전불이행,건조,맑음,교차로 - 교차로안,승용,남,22세,상해없음,이륜,남,55세,중상
2019030900100600,2019년 3월 9일 21시,토요일,전라북도 전주시 완산구 효자동2가,경상사고,0,0,1,0,차량단독 - 기타,안전운전불이행,건조,맑음,단일로 - 기타,승합,남,57세,상해없음,,,,
2019030900100628,2019년 3월 9일 22시,토요일,전라북도 정읍시 수성동,중상사고,0,1,0,0,차대차 - 측면충돌,신호위반,건조,맑음,교차로 - 교차로안,자전거,남,76세,중상,화물,남,19세,상해없음
2019031000100042,2019년 3월 10일 01시,일요일,전라북도 군산시 미룡동,경상사고,0,0,1,0,차대차 - 기타,안전운전불이행,건조,맑음,교차로 - 교차로안,승용,여,62세,상해없음,승용,남,31세,경상
2019031000100053,2019년 3월 10일 02시,일요일,전라북도 정읍시 시기동,경상사고,0,0,4,0,차대차 - 측면충돌,직진우회전진행방해,건조,맑음,교차로 - 교차로안,승용,여,59세,경상,승용,남,34세,경상
2019031000100069,2019년 3월 10일 03시,일요일,전라북도 군산시 나운동,경상사고,0,0,2,0,차대사람 - 길가장자리구역통행중,안전운전불이행,젖음/습기,비,주차장 - 주차장,기타불명,기타불명,미분류,기타불명,보행자,남,41세,경상
2019031000100077,2019년 3월 10일 04시,일요일,전라북도 익산시 동산동,경상사고,0,0,1,0,차대사람 - 횡단중,안전운전불이행,젖음/습기,흐림,교차로 - 교차로안,화물,남,59세,기타불명,보행자,여,50세,경상
2019031000100092,2019년 3월 10일 05시,일요일,전라북도 익산시 마동,중상사고,0,1,1,0,차대사람 - 보도통행중,보행자보호의무위반,젖음/습기,흐림,교차로 - 교차로횡단보도내,승용,남,33세,상해없음,보행자,남,40세,중상
2019031000100155,2019년 3월 10일 11시,일요일,전라북도 김제시 용지면,경상사고,0,0,1,0,차대차 - 측면충돌,안전운전불이행,젖음/습기,비,기타 - 기타,화물,남,50세,상해없음,화물,남,33세,경상
2019031000100198,2019년 3월 10일 13시,일요일,전라북도 전주시 완산구 중화산동2가,경상사고,0,0,2,0,차대차 - 측면충돌,안전운전불이행,젖음/습기,흐림,교차로 - 교차로안,승용,남,48세,상해없음,승용,남,53세,경상
2019031000100225,2019년 3월 10일 14시,일요일,전라북도 전주시 완산구 석구동,중상사고,0,1,2,0,차대차 - 추돌,안전거리미확보,건조,맑음,단일로 - 기타,승용,남,60세,상해없음,승용,여,42세,중상
2019031000100226,2019년 3월 10일 14시,일요일,전라북도 전주시 덕진구 송천동2가,중상사고,0,1,0,0,차대차 - 추돌,신호위반,건조,흐림,교차로 - 교차로안,승용,여,44세,상해없음,승용,남,42세,중상
2019031000100386,2019년 3월 10일 19시,일요일,전라북도 전주시 덕진구 호성동1가,경상사고,0,0,1,0,차대차 - 측면충돌,안전운전불이행,건조,맑음,단일로 - 기타,승용,남,26세,상해없음,승용,여,70세,경상
2019031000100418,2019년 3월 10일 20시,일요일,전라북도 전주시 완산구 서노송동,중상사고,0,1,0,0,차대사람 - 기타,안전운전불이행,젖음/습기,흐림,교차로 - 교차로안,승용,남,40세,상해없음,보행자,남,59세,중상
2019031000100419,2019년 3월 10일 20시,일요일,전라북도 전주시 완산구 대성동,중상사고,0,1,0,0,차대사람 - 기타,안전운전불이행,건조,맑음,단일로 - 기타,승합,남,55세,상해없음,보행자,여,79세,중상
2019031000100487,2019년 3월 10일 23시,일요일,전라북도 정읍시 공평동,경상사고,0,0,1,0,차량단독 - 공작물충돌,안전운전불이행,건조,맑음,교차로 - 교차로안,승용,남,29세,경상,,,,
2019031100100021,2019년 3월 11일 00시,월요일,전라북도 익산시 중앙동3가,중상사고,0,1,0,0,차대사람 - 횡단중,안전운전불이행,건조,맑음,교차로 - 교차로안,화물,남,62세,상해없음,보행자,여,44세,중상
2019031100100158,2019년 3월 11일 09시,월요일,전라북도 군산시 미장동,중상사고,0,1,1,0,차대차 - 측면충돌,안전운전불이행,건조,맑음,교차로 - 교차로안,승용,여,34세,상해없음,이륜,남,72세,경상
2019031100100159,2019년 3월 11일 09시,월요일,전라북도 김제시 요촌동,중상사고,0,1,2,0,차대차 - 기타,안전운전불이행,건조,맑음,단일로 - 기타,승용,여,24세,경상,승합,남,37세,기타불명
2019031100100261,2019년 3월 11일 13시,월요일,전라북도 전주시 덕진구 호성동1가,경상사고,0,0,1,0,차대차 - 측면충돌,안전운전불이행,건조,맑음,교차로 - 교차로부근,승용,남,64세,상해없음,이륜,남,42세,경상
2019031100100262,2019년 3월 11일 13시,월요일,전라북도 진안군 진안읍,중상사고,0,1,0,0,차대차 - 추돌,안전운전불이행,건조,맑음,교차로 - 교차로부근,화물,남,59세,상해없음,농기계,여,73세,중상
2019031100100295,2019년 3월 11일 14시,월요일,전라북도 익산시 신동,경상사고,0,0,1,0,차대차 - 측면충돌,중앙선침범,건조,맑음,단일로 - 기타,건설기계,남,57세,상해없음,승용,남,30세,경상
2019031100100326,2019년 3월 11일 15시,월요일,전라북도 전주시 완산구 서신동,중상사고,0,1,0,0,차대사람 - 횡단중,보행자보호의무위반,건조,맑음,단일로 - 기타,승용,여,47세,상해없음,보행자,여,84세,중상
2019031100100327,2019년 3월 11일 15시,월요일,전라북도 전주시 완산구 효자동1가,경상사고,0,0,1,0,차대차 - 측면충돌,안전거리미확보,건조,맑음,단일로 - 기타,승용,여,44세,상해없음,승합,남,49세,경상
2019031100100328,2019년 3월 11일 15시,월요일,전라북도 익산시 망성면,경상사고,0,0,2,0,차대차 - 추돌,안전운전불이행,젖음/습기,비,교차로 - 교차로부근,화물,남,41세,상해없음,화물,남,52세,경상
2019031100100364,2019년 3월 11일 16시,월요일,전라북도 전주시 완산구 평화동1가,경상사고,0,0,3,0,차대차 - 측면충돌,중앙선침범,젖음/습기,비,단일로 - 기타,승합,여,39세,상해없음,승용,여,33세,경상
2019031100100393,2019년 3월 11일 17시,월요일,전라북도 익산시 부송동,경상사고,0,0,1,0,차대사람 - 횡단중,보행자보호의무위반,젖음/습기,비,교차로 - 교차로횡단보도내,승용,남,62세,상해없음,보행자,여,17세,경상
2019031100100439,2019년 3월 11일 18시,월요일,전라북도 부안군 부안읍,경상사고,0,0,1,0,차대사람 - 횡단중,안전운전불이행,젖음/습기,비,교차로 - 교차로안,승용,남,52세,상해없음,보행자,여,48세,경상
2019031100100484,2019년 3월 11일 19시,월요일,전라북도 전주시 덕진구 동산동,경상사고,0,0,1,0,차대사람 - 기타,기타,건조,맑음,단일로 - 기타,승용,여,44세,상해없음,보행자,여,36세,경상
2019031100100549,2019년 3월 11일 21시,월요일,전라북도 익산시 부송동,경상사고,0,0,1,0,차대사람 - 횡단중,안전운전불이행,건조,맑음,단일로 - 기타,승용,남,47세,상해없음,보행자,남,17세,경상
2019031200100025,2019년 3월 12일 00시,화요일,전라북도 익산시 어양동,경상사고,0,0,1,0,차대사람 - 횡단중,안전운전불이행,건조,맑음,단일로 - 기타,승용,남,52세,상해없음,보행자,여,31세,경상
2019031200100046,2019년 3월 12일 03시,화요일,전라북도 전주시 완산구 삼천동1가,사망사고,1,0,0,0,차량단독 - 공작물충돌,안전운전불이행,젖음/습기,기타,교차로 - 교차로부근,승용,남,25세,사망,,,,
2019031200100056,2019년 3월 12일 05시,화요일,전라북도 전주시 덕진구 금암동,경상사고,0,0,1,0,차대차 - 측면충돌,신호위반,건조,맑음,교차로 - 교차로안,승용,남,49세,상해없음,승용,남,69세,경상
2019031200100057,2019년 3월 12일 05시,화요일,전라북도 전주시 덕진구 팔복동2가,경상사고,0,0,1,0,차대차 - 측면충돌,안전운전불이행,건조,맑음,단일로 - 기타,승용,남,57세,상해없음,화물,남,57세,상해없음
2019031200100087,2019년 3월 12일 07시,화요일,전라북도 익산시 성당면,경상사고,0,0,1,0,차대차 - 정면충돌,중앙선침범,건조,맑음,단일로 - 기타,화물,남,67세,상해없음,화물,남,66세,경상
2019031200100116,2019년 3월 12일 08시,화요일,전라북도 전주시 덕진구 송천동2가,경상사고,0,0,1,0,차대차 - 기타,안전운전불이행,건조,맑음,교차로 - 교차로부근,승용,남,33세,상해없음,승용,여,52세,경상
2019031200100117,2019년 3월 12일 08시,화요일,전라북도 전주시 덕진구 팔복동3가,경상사고,0,0,1,0,차대차 - 추돌,안전거리미확보,건조,맑음,교차로 - 교차로부근,승용,남,22세,상해없음,승용,남,55세,경상
2019031200100118,2019년 3월 12일 08시,화요일,전라북도 군산시 사정동,중상사고,0,1,0,0,차대차 - 측면충돌,신호위반,건조,맑음,교차로 - 교차로횡단보도내,이륜,남,80세,중상,승용,여,40세,상해없음
2019031200100119,2019년 3월 12일 08시,화요일,전라북도 익산시 신흥동,경상사고,0,0,1,0,차대차 - 측면충돌,차로위반,건조,맑음,단일로 - 기타,화물,남,69세,상해없음,승용,남,31세,경상
2019031200100120,2019년 3월 12일 08시,화요일,전라북도 익산시 어양동,경상사고,0,0,1,0,차대차 - 정면충돌,신호위반,건조,맑음,교차로 - 교차로안,승용,남,68세,상해없음,승용,남,23세,경상
2019031200100121,2019년 3월 12일 08시,화요일,전라북도 정읍시 시기동,경상사고,0,0,1,0,차대차 - 측면충돌,불법유턴,건조,맑음,단일로 - 기타,자전거,여,71세,경상,승용,남,64세,상해없음
2019031200100173,2019년 3월 12일 10시,화요일,전라북도 전주시 완산구 중화산동2가,사망사고,1,0,0,0,차대사람 - 횡단중,안전운전불이행,건조,맑음,교차로 - 교차로안,화물,남,58세,상해없음,보행자,여,75세,사망
2019031200100174,2019년 3월 12일 10시,화요일,전라북도 부안군 부안읍,중상사고,0,1,3,0,차대차 - 측면충돌,신호위반,건조,맑음,교차로 - 교차로안,화물,남,60세,상해없음,승용,여,51세,중상
2019031200100213,2019년 3월 12일 11시,화요일,전라북도 완주군 고산면,중상사고,0,1,0,0,차대사람 - 차도통행중,안전운전불이행,건조,맑음,교차로 - 교차로안,화물,남,75세,상해없음,보행자,여,83세,중상
2019031200100236,2019년 3월 12일 12시,화요일,전라북도 완주군 삼례읍,경상사고,0,0,1,0,차대차 - 측면충돌,안전운전불이행,건조,맑음,교차로 - 교차로안,사륜오토바이(ATV),남,72세,경상,승용,남,54세,상해없음