사고번호,사고일시,요일,시군구,사고내용,사망자수,중상자수,경상자수,부상신고자수,사고유형,법규위반,노면상태,기상상태,도로형태,가해운전자 차종,가해운전자 성별,가해운전자 연령,가해운전자 상해정도,피해운전자 차종,피해운전자 성별,피해운전자 연령,피해운전자 상해정도
2019031200100260,2019년 3월 12일 13시,화요일,전라북도 전주시 덕진구 우아동3가,경상사고,0,0,1,0,차대사람 - 차도통행중,안전운전불이행,건조,맑음,교차로 - 교차로안,승용,남,47세,상해없음,보행자,여,61세,경상
2019031200100261,2019년 3월 12일 13시,화요일,전라북도 진안군 진안읍,사망사고,1,1,3,0,차대차 - 기타,안전운전불이행,건조,맑음,단일로 - 기타,승용,남,56세,경상,승용,여,28세,경상
2019031200100301,2019년 3월 12일 14시,화요일,전라북도 김제시 검산동,경상사고,0,0,2,0,차대차 - 측면충돌,안전거리미확보,건조,맑음,교차로 - 교차로안,이륜,남,71세,상해없음,승용,여,53세,경상
2019031200100361,2019년 3월 12일 16시,화요일,전라북도 정읍시 시기동,경상사고,0,0,2,0,차대차 - 측면충돌,신호위반,건조,맑음,교차로 - 교차로안,승용,남,27세,상해없음,승용,남,35세,경상
2019031200100399,2019년 3월 12일 17시,화요일,전라북도 김제시 서암동,경상사고,0,0,1,0,차대차 - 추돌,안전운전불이행,젖음/습기,비,단일로 - 기타,승용,남,58세,상해없음,승용,남,52세,경상
2019031200100440,2019년 3월 12일 18시,화요일,전라북도 군산시 나운동,경상사고,0,0,2,0,차대차 - 측면충돌,직진우회전진행방해,젖음/습기,비,교차로 - 교차로안,승합,여,60세,상해없음,승용,여,51세,경상
2019031200100441,2019년 3월 12일 18시,화요일,전라북도 익산시 왕궁면,경상사고,0,0,2,0,차대차 - 측면충돌,안전운전불이행,건조,맑음,교차로 - 교차로안,승용,남,20세,상해없음,승용,남,47세,경상
2019031200100442,2019년 3월 12일 18시,화요일,전라북도 정읍시 수성동,경상사고,0,0,2,0,차대차 - 측면충돌,신호위반,젖음/습기,비,교차로 - 교차로안,승용,남,52세,상해없음,승용,남,68세,경상
2019031200100443,2019년 3월 12일 18시,화요일,전라북도 순창군 복흥면,경상사고,0,0,1,0,차량단독 - 기타,안전운전불이행,건조,흐림,단일로 - 기타,이륜,남,76세,경상,,,,
2019031200100484,2019년 3월 12일 19시,화요일,전라북도 정읍시 수성동,경상사고,0,0,1,0,차대차 - 측면충돌,안전거리미확보,젖음/습기,흐림,교차로 - 교차로안,화물,남,60세,상해없음,승용,남,60세,경상
2019031200100519,2019년 3월 12일 20시,화요일,전라북도 군산시 미룡동,중상사고,0,1,0,0,차대사람 - 길가장자리구역통행중,안전운전불이행,건조,맑음,단일로 - 지하차도(도로)내,승용,남,59세,상해없음,보행자,남,38세,중상
2019031200100520,2019년 3월 12일 20시,화요일,전라북도 완주군 삼례읍,경상사고,0,0,1,0,차대차 - 기타,안전운전불이행,건조,맑음,교차로 - 교차로부근,화물,남,75세,상해없음,승용,남,46세,경상
2019031200100581,2019년 3월 12일 22시,화요일,전라북도 전주시 덕진구 팔복동1가,경상사고,0,0,1,0,차대차 - 정면충돌,중앙선침범,건조,맑음,단일로 - 기타,승용,남,52세,상해없음,승용,남,31세,상해없음
2019031200100582,2019년 3월 12일 22시,화요일,전라북도 익산시 어양동,경상사고,0,0,1,0,차대차 - 측면충돌,신호위반,건조,맑음,교차로 - 교차로안,승용,남,28세,상해없음,승용,남,60세,경상
2019031200100601,2019년 3월 12일 23시,화요일,전라북도 군산시 지곡동,경상사고,0,0,1,0,차대차 - 추돌,안전운전불이행,건조,맑음,단일로 - 기타,승용,여,35세,상해없음,승용,남,31세,경상
2019031300100082,2019년 3월 13일 07시,수요일,전라북도 익산시 영등동,사망사고,1,0,3,0,차대차 - 정면충돌,신호위반,건조,맑음,교차로 - 교차로안,승용,남,20세,상해없음,승용,여,50세,경상
2019031300100158,2019년 3월 13일 09시,수요일,전라북도 전주시 완산구 효자동2가,경상사고,0,0,1,0,차대차 - 추돌,안전운전불이행,건조,맑음,단일로 - 기타,승용,남,67세,상해없음,이륜,남,41세,경상
2019031300100159,2019년 3월 13일 09시,수요일,전라북도 전주시 덕진구 덕진동1가,부상신고사고,0,0,0,1,차대사람 - 기타,안전운전불이행,건조,맑음,단일로 - 기타,승합,남,53세,상해없음,보행자,여,23세,부상신고
2019031300100196,2019년 3월 13일 10시,수요일,전라북도 군산시 미룡동,중상사고,0,3,1,0,차대차 - 정면충돌,중앙선침범,건조,맑음,단일로 - 기타,승용,남,19세,상해없음,승용,남,59세,중상
2019031300100233,2019년 3월 13일 11시,수요일,전라북도 부안군 부안읍,경상사고,0,0,1,0,차대사람 - 횡단중,신호위반,건조,맑음,교차로 - 교차로횡단보도내,승용,남,86세,상해없음,보행자,여,50세,경상
2019031300100270,2019년 3월 13일 12시,수요일,전라북도 익산시 어양동,중상사고,0,1,0,0,차대차 - 측면충돌,신호위반,건조,맑음,교차로 - 교차로횡단보도내,승용,여,36세,상해없음,자전거,남,79세,중상
2019031300100271,2019년 3월 13일 12시,수요일,전라북도 김제시 만경읍,경상사고,0,0,1,0,차대차 - 측면충돌,신호위반,건조,맑음,교차로 - 교차로안,승용,여,20세,상해없음,화물,남,45세,경상
2019031300100272,2019년 3월 13일 12시,수요일,전라북도 무주군 설천면,경상사고,0,0,2,0,차대차 - 추돌,안전운전불이행,건조,맑음,단일로 - 기타,화물,남,53세,상해없음,승용,남,65세,경상
2019031300100290,2019년 3월 13일 13시,수요일,전라북도 전주시 덕진구 인후동1가,중상사고,0,1,0,0,차대사람 - 횡단중,신호위반,건조,맑음,단일로 - 기타,승용,남,50세,상해없음,보행자,여,7세,중상
2019031300100291,2019년 3월 13일 13시,수요일,전라북도 군산시 소룡동,중상사고,0,1,0,0,차대사람 - 기타,안전운전불이행,건조,맑음,기타 - 기타,화물,남,57세,상해없음,보행자,남,50세,중상
2019031300100292,2019년 3월 13일 13시,수요일,전라북도 남원시 주천면,사망사고,1,0,0,0,차량단독 - 공작물충돌,안전운전불이행,건조,맑음,단일로 - 기타,화물,남,65세,사망,,,,
2019031300100293,2019년 3월 13일 13시,수요일,전라북도 부안군 하서면,경상사고,0,0,3,0,차대차 - 추돌,안전운전불이행,건조,맑음,교차로 - 교차로부근,화물,남,52세,상해없음,승용,남,58세,경상
2019031300100334,2019년 3월 13일 14시,수요일,전라북도 전주시 완산구 중화산동2가,경상사고,0,0,1,0,차대차 - 추돌,안전거리미확보,건조,맑음,단일로 - 기타,승용,남,62세,상해없음,승용,여,44세,경상
2019031300100335,2019년 3월 13일 14시,수요일,전라북도 고창군 무장면,경상사고,0,0,2,0,차대차 - 측면충돌,신호위반,건조,맑음,교차로 - 교차로안,화물,남,60세,상해없음,화물,여,51세,경상
2019031300100367,2019년 3월 13일 15시,수요일,전라북도 남원시 동충동,중상사고,0,1,0,0,차대사람 - 차도통행중,안전운전불이행,건조,맑음,교차로 - 교차로안,승용,여,64세,상해없음,보행자,남,79세,중상
2019031300100405,2019년 3월 13일 16시,수요일,전라북도 전주시 완산구 서완산동2가,경상사고,0,0,2,0,차대차 - 측면충돌,신호위반,건조,맑음,단일로 - 기타,승용,남,45세,상해없음,승용,남,68세,경상
2019031300100450,2019년 3월 13일 17시,수요일,전라북도 익산시 모현동1가,경상사고,0,0,1,0,차대차 - 기타,안전거리미확보,건조,맑음,교차로 - 교차로안,승용,여,51세,상해없음,승용,남,29세,경상
2019031300100451,2019년 3월 13일 17시,수요일,전라북도 김제시 금구면,경상사고,0,0,1,0,차대차 - 측면충돌,신호위반,건조,맑음,단일로 - 기타,승용,남,57세,상해없음,승용,남,38세,경상
2019031300100484,2019년 3월 13일 18시,수요일,전라북도 전주시 덕진구 금암동,경상사고,0,0,1,0,차대사람 - 길가장자리구역통행중,안전운전불이행,건조,맑음,단일로 - 기타,승용,남,62세,상해없음,보행자,여,14세,경상
2019031300100485,2019년 3월 13일 18시,수요일,전라북도 익산시 인화동1가,경상사고,0,0,1,0,차대차 - 측면충돌,직진우회전진행방해,건조,흐림,교차로 - 교차로안,화물,남,62세,상해없음,승용,남,65세,경상
2019031300100562,2019년 3월 13일 20시,수요일,전라북도 군산시 소룡동,경상사고,0,0,1,0,차대차 - 측면충돌,직진우회전진행방해,건조,맑음,교차로 - 교차로안,승용,남,51세,상해없음,승용,남,57세,상해없음
2019031300100563,2019년 3월 13일 20시,수요일,전라북도 정읍시 시기동,경상사고,0,0,1,0,차대차 - 측면충돌,안전운전불이행,건조,맑음,교차로 - 교차로부근,승용,여,59세,상해없음,자전거,남,79세,경상
2019031300100596,2019년 3월 13일 21시,수요일,전라북도 군산시 나운동,중상사고,0,1,1,0,차대차 - 추돌,안전운전불이행,건조,맑음,단일로 - 기타,승용,남,28세,상해없음,승용,남,56세,경상
2019031300100597,2019년 3월 13일 21시,수요일,전라북도 부안군 부안읍,사망사고,1,0,0,0,차대차 - 측면충돌,안전운전불이행,건조,맑음,단일로 - 기타,화물,남,34세,상해없음,원동기,남,74세,사망
2019031300100598,2019년 3월 13일 21시,수요일,전라북도 완주군 삼례읍,경상사고,0,0,1,0,차대사람 - 기타,안전운전불이행,건조,맑음,단일로 - 기타,승용,남,22세,상해없음,보행자,남,22세,경상
2019031300100626,2019년 3월 13일 22시,수요일,전라북도 익산시 남중동,중상사고,0,1,0,0,차대차 - 추돌,안전거리미확보,건조,흐림,교차로 - 교차로부근,승용,남,26세,상해없음,승용,남,21세,중상
2019031300100627,2019년 3월 13일 22시,수요일,전라북도 익산시 남중동,중상사고,0,1,0,0,차대사람 - 횡단중,안전운전불이행,건조,흐림,단일로 - 기타,승용,남,61세,상해없음,보행자,남,55세,중상
2019031300100658,2019년 3월 13일 23시,수요일,전라북도 전주시 완산구 상림동,경상사고,0,0,1,0,차대차 - 추돌,안전운전불이행,건조,맑음,단일로 - 기타,승용,남,49세,상해없음,승용,남,48세,경상
2019031400100097,2019년 3월 14일 07시,목요일,전라북도 군산시 미장동,경상사고,0,0,1,0,차대사람 - 횡단중,안전운전불이행,건조,맑음,교차로 - 교차로안,승용,여,28세,상해없음,보행자,여,13세,경상
2019031400100141,2019년 3월 14일 08시,목요일,전라북도 전주시 완산구 원당동,경상사고,0,0,4,0,차대차 - 추돌,안전거리미확보,건조,맑음,단일로 - 기타,승용,남,34세,상해없음,승용,남,46세,경상
2019031400100142,2019년 3월 14일 08시,목요일,전라북도 완주군 이서면,경상사고,0,0,2,0,차대차 - 측면충돌,직진우회전진행방해,건조,맑음,교차로 - 교차로안,승용,남,55세,상해없음,승용,남,38세,경상
2019031400100245,2019년 3월 14일 11시,목요일,전라북도 전주시 완산구 중화산동2가,중상사고,0,1,0,0,차대차 - 측면충돌,신호위반,건조,맑음,교차로 - 교차로안,승용,여,47세,상해없음,승용,여,61세,중상
2019031400100272,2019년 3월 14일 12시,목요일,전라북도 정읍시 하북동,중상사고,0,1,0,0,차대차 - 측면충돌,안전운전불이행,건조,맑음,단일로 - 기타,자전거,남,78세,중상,승용,여,47세,상해없음
2019031400100364,2019년 3월 14일 15시,목요일,전라북도 군산시 경장동,경상사고,0,0,1,0,차대차 - 측면충돌,안전운전불이행,건조,맑음,단일로 - 기타,승용,남,56세,상해없음,승용,여,66세,경상
2019031400100401,2019년 3월 14일 16시,목요일,전라북도 익산시 영등동,경상사고,0,0,1,0,차대사람 - 차도통행중,안전운전불이행,건조,맑음,단일로 - 기타,승용,남,35세,상해없음,보행자,여,60세,경상
2019031400100430,2019년 3월 14일 17시,목요일,전라북도 전주시 완산구 효자동1가,중상사고,0,1,1,0,차대차 - 측면충돌,신호위반,건조,맑음,교차로 - 교차로안,승용,여,43세,중상,승용,여,46세,경상
2019031400100511,2019년 3월 14일 19시,목요일,전라북도 군산시 소룡동,중상사고,0,1,0,0,차대차 - 기타,신호위반,건조,맑음,교차로 - 교차로안,승합,남,61세,상해없음,승용,남,62세,중상
2019031400100553,2019년 3월 14일 20시,목요일,전라북도 익산시 창인동1가,중상사고,0,1,1,0,차대차 - 측면충돌,교차로운행방법위반,건조,맑음,교차로 - 교차로안,승용,남,56세,상해없음,승용,남,49세,경상
2019031400100574,2019년 3월 14일 21시,목요일,전라북도 전주시 덕진구 덕진동2가,경상사고,0,0,1,0,차대차 - 측면충돌,안전운전불이행,건조,맑음,교차로 - 교차로안,승용,남,56세,상해없음,승용,남,37세,경상
2019031400100607,2019년 3월 14일 22시,목요일,전라북도 전주시 덕진구 금암동,중상사고,0,1,0,0,차대차 - 측면충돌,불법유턴,건조,맑음,단일로 - 기타,승용,남,29세,상해없음,이륜,남,36세,중상
2019031400100633,2019년 3월 14일 23시,목요일,전라북도 전주시 완산구 효자동1가,경상사고,0,0,2,0,차대차 - 추돌,안전운전불이행,건조,맑음,단일로 - 기타,승용,남,30세,상해없음,승용,남,48세,상해없음
2019031400100634,2019년 3월 14일 23시,목요일,전라북도 김제시 만경읍,중상사고,0,1,0,0,차대사람 - 길가장자리구역통행중,안전운전불이행,건조,맑음,단일로 - 기타,화물,남,54세,상해없음,보행자,여,30세,중상
2019031500100069,2019년 3월 15일 05시,금요일,전라북도 부안군 부안읍,중상사고,0,1,0,0,차대사람 - 기타,안전운전불이행,젖음/습기,비,단일로 - 기타,화물,남,52세,상해없음,보행자,남,63세,중상
2019031500100107,2019년 3월 15일 07시,금요일,전라북도 남원시 주생면,경상사고,0,0,4,0,차대차 - 추돌,안전운전불이행,젖음/습기,비,단일로 - 기타,승용,남,54세,상해없음,승용,남,36세,상해없음
2019031500100145,2019년 3월 15일 08시,금요일,전라북도 전주시 덕진구 호성동1가,경상사고,0,0,1,0,차대차 - 기타,안전운전불이행,젖음/습기,흐림,단일로 - 기타,승용,남,28세,상해없음,승용,남,31세,경상
2019031500100146,2019년 3월 15일 08시,금요일,전라북도 익산시 낭산면,경상사고,0,0,1,0,차대차 - 측면충돌,직진우회전진행방해,건조,맑음,교차로 - 교차로안,승용,남,60세,상해없음,승용,남,57세,경상
2019031500100147,2019년 3월 15일 08시,금요일,전라북도 김제시 흥사동,경상사고,0,0,1,0,차대차 - 추돌,안전거리미확보,젖음/습기,비,교차로 - 교차로부근,승용,남,28세,상해없음,승용,남,44세,경상
2019031500100148,2019년 3월 15일 08시,금요일,전라북도 남원시 신정동,중상사고,0,1,1,0,차대차 - 추돌,안전운전불이행,젖음/습기,비,교차로 - 교차로안,승용,남,69세,상해없음,승용,여,46세,중상
2019031500100173,2019년 3월 15일 09시,금요일,전라북도 군산시 소룡동,경상사고,0,0,1,0,차대차 - 측면충돌,중앙선침범,건조,맑음,단일로 - 지하차도(도로)내,승용,남,71세,상해없음,건설기계,남,52세,경상
2019031500100201,2019년 3월 15일 10시,금요일,전라북도 전주시 완산구 삼천동1가,경상사고,0,0,1,0,차대사람 - 기타,안전운전불이행,건조,맑음,교차로 - 교차로안,승용,남,75세,상해없음,보행자,여,19세,경상
2019031500100265,2019년 3월 15일 12시,금요일,전라북도 전주시 완산구 중화산동2가,경상사고,0,0,1,0,차대차 - 측면충돌,안전운전불이행,건조,맑음,단일로 - 기타,승용,남,62세,상해없음,승용,남,24세,경상
2019031500100266,2019년 3월 15일 12시,금요일,전라북도 군산시 대명동,경상사고,0,0,1,0,차대차 - 추돌,신호위반,건조,맑음,교차로 - 교차로안,화물,남,64세,상해없음,승용,남,56세,상해없음
2019031500100294,2019년 3월 15일 13시,금요일,전라북도 익산시 남중동,경상사고,0,0,1,0,차대차 - 측면충돌,안전운전불이행,건조,맑음,단일로 - 기타,승용,남,79세,상해없음,승용,남,63세,경상
2019031500100325,2019년 3월 15일 14시,금요일,전라북도 전주시 완산구 중화산동2가,경상사고,0,0,3,0,차대차 - 측면충돌,과속,건조,맑음,단일로 - 기타,승용,남,24세,상해없음,승용,남,70세,경상
2019031500100326,2019년 3월 15일 14시,금요일,전라북도 군산시 수송동,중상사고,0,1,2,0,차대차 - 측면충돌,중앙선침범,건조,맑음,단일로 - 지하차도(도로)내,화물,남,74세,상해없음,승용,남,62세,경상
2019031500100362,2019년 3월 15일 15시,금요일,전라북도 전주시 덕진구 호성동2가,경상사고,0,0,1,0,차대차 - 추돌,안전거리미확보,건조,맑음,교차로 - 교차로부근,화물,남,45세,상해없음,화물,남,60세,경상
2019031500100363,2019년 3월 15일 15시,금요일,전라북도 익산시 목천동,경상사고,0,0,1,0,차대차 - 측면충돌,안전운전불이행,건조,맑음,단일로 - 기타,화물,남,46세,상해없음,승용,남,44세,경상
2019031500100364,2019년 3월 15일 15시,금요일,전라북도 김제시 요촌동,경상사고,0,0,1,0,차대사람 - 차도통행중,안전운전불이행,건조,흐림,교차로 - 교차로부근,화물,남,56세,상해없음,보행자,여,77세,경상
2019031500100408,2019년 3월 15일 16시,금요일,전라북도 전주시 완산구 평화동1가,경상사고,0,0,1,0,차대사람 - 기타,안전운전불이행,건조,맑음,단일로 - 기타,승용,여,58세,상해없음,보행자,여,64세,경상
2019031500100409,2019년 3월 15일 16시,금요일,전라북도 전주시 덕진구 송천동2가,경상사고,0,0,1,0,차대차 - 측면충돌,안전운전불이행,건조,맑음,단일로 - 기타,승용,남,76세,상해없음,승용,남,49세,경상
2019031500100410,2019년 3월 15일 16시,금요일,전라북도 군산시 대야면,경상사고,0,0,1,0,차대차 - 측면충돌,신호위반,건조,맑음,교차로 - 교차로안,승용,여,62세,상해없음,승용,남,62세,경상
2019031500100569,2019년 3월 15일 19시,금요일,전라북도 전주시 덕진구 팔복동4가,경상사고,0,0,1,0,차대차 - 추돌,안전운전불이행,건조,맑음,단일로 - 기타,승용,여,50세,상해없음,승용,남,37세,경상
2019031500100570,2019년 3월 15일 19시,금요일,전라북도 익산시 영등동,경상사고,0,0,3,0,차대차 - 측면충돌,신호위반,건조,맑음,교차로 - 교차로안,승용,남,59세,상해없음,승용,남,47세,경상
2019031500100625,2019년 3월 15일 20시,금요일,전라북도 군산시 경암동,경상사고,0,0,2,0,차대차 - 측면충돌,신호위반,젖음/습기,비,교차로 - 교차로안,승용,남,50세,상해없음,승용,여,36세,경상
2019031500100626,2019년 3월 15일 20시,금요일,전라북도 군산시 산북동,경상사고,0,0,1,0,차대사람 - 기타,안전운전불이행,젖음/습기,비,교차로 - 교차로안,승용,남,46세,상해없음,보행자,여,69세,경상
2019031500100627,2019년 3월 15일 20시,금요일,전라북도 남원시 쌍교동,경상사고,0,0,1,0,차대사람 - 횡단중,보행자보호의무위반,젖음/습기,흐림,교차로 - 교차로횡단보도내,승용,남,66세,상해없음,보행자,여,58세,경상
2019031500100659,2019년 3월 15일 21시,금요일,전라북도 군산시 경암동,경상사고,0,0,1,0,차대차 - 기타,차로위반,젖음/습기,비,단일로 - 기타,승용,남,53세,상해없음,화물,남,50세,경상
2019031500100728,2019년 3월 15일 23시,금요일,전라북도 익산시 부송동,경상사고,0,0,1,0,차대차 - 측면충돌,직진우회전진행방해,건조,맑음,교차로 - 교차로안,이륜,남,40세,상해없음,승용,남,43세,경상
2019031500100729,2019년 3월 15일 23시,금요일,전라북도 김제시 금구면,경상사고,0,0,4,0,차대차 - 추돌,안전운전불이행,젖음/습기,흐림,교차로 - 교차로부근,승용,남,37세,상해없음,승용,남,45세,경상
2019031600100058,2019년 3월 16일 01시,토요일,전라북도 전주시 완산구 효자동3가,경상사고,0,0,1,0,차대차 - 정면충돌,중앙선침범,건조,기타,단일로 - 기타,승용,남,63세,상해없음,이륜,남,24세,경상
2019031600100059,2019년 3월 16일 01시,토요일,전라북도 익산시 인화동1가,경상사고,0,0,2,0,차대차 - 측면충돌,직진우회전진행방해,건조,맑음,교차로 - 교차로안,승용,여,49세,상해없음,승용,남,52세,경상
2019031600100103,2019년 3월 16일 05시,토요일,전라북도 익산시 남중동,경상사고,0,0,1,0,차대차 - 측면충돌,안전운전불이행,건조,맑음,교차로 - 교차로부근,승용,남,24세,상해없음,승용,여,50세,경상
2019031600100112,2019년 3월 16일 06시,토요일,전라북도 익산시 마동,경상사고,0,0,1,0,차대차 - 측면충돌,중앙선침범,건조,맑음,교차로 - 교차로부근,승용,남,33세,상해없음,자전거,남,73세,경상
2019031600100149,2019년 3월 16일 08시,토요일,전라북도 군산시 경암동,경상사고,0,0,1,0,차대차 - 기타,안전운전불이행,건조,맑음,단일로 - 기타,승용,남,52세,상해없음,승용,남,71세,경상
2019031600100150,2019년 3월 16일 08시,토요일,전라북도 익산시 영등동,경상사고,0,0,1,0,차대차 - 정면충돌,신호위반,건조,맑음,교차로 - 교차로안,승용,남,58세,상해없음,승용,남,32세,경상
2019031600100179,2019년 3월 16일 09시,토요일,전라북도 전주시 완산구 서신동,중상사고,0,2,3,0,차대차 - 측면충돌,신호위반,건조,맑음,교차로 - 교차로부근,승용,남,79세,상해없음,화물,남,58세,경상
2019031600100207,2019년 3월 16일 10시,토요일,전라북도 전주시 완산구 효자동2가,경상사고,0,0,1,0,차대차 - 측면충돌,교차로운행방법위반,건조,맑음,교차로 - 교차로안,승용,남,53세,상해없음,승용,여,22세,경상
2019031600100208,2019년 3월 16일 10시,토요일,전라북도 전주시 완산구 효자동1가,경상사고,0,0,1,0,차대차 - 측면충돌,교차로운행방법위반,건조,맑음,교차로 - 교차로안,승용,남,30세,상해없음,이륜,남,69세,경상
2019031600100242,2019년 3월 16일 11시,토요일,전라북도 전주시 완산구 삼천동1가,경상사고,0,0,1,0,차대사람 - 횡단중,안전운전불이행,건조,맑음,교차로 - 교차로안,승용,남,54세,상해없음,보행자,여,72세,경상
2019031600100243,2019년 3월 16일 11시,토요일,전라북도 전주시 완산구 평화동2가,경상사고,0,0,1,0,차대차 - 추돌,안전거리미확보,건조,맑음,단일로 - 지하차도(도로)내,승용,남,53세,상해없음,승용,남,64세,경상
2019031600100244,2019년 3월 16일 11시,토요일,전라북도 전주시 덕진구 인후동1가,경상사고,0,0,1,0,차대차 - 측면충돌,신호위반,건조,맑음,단일로 - 기타,승용,여,51세,상해없음,승용,여,34세,경상
2019031600100280,2019년 3월 16일 12시,토요일,전라북도 전주시 덕진구 송천동2가,경상사고,0,0,1,0,차대차 - 측면충돌,직진우회전진행방해,건조,맑음,교차로 - 교차로안,승용,여,47세,상해없음,화물,남,23세,경상
2019031600100281,2019년 3월 16일 12시,토요일,전라북도 군산시 미룡동,경상사고,0,0,1,0,차대사람 - 기타,안전운전불이행,건조,맑음,단일로 - 기타,이륜,남,28세,상해없음,보행자,여,16세,경상
2019031600100322,2019년 3월 16일 13시,토요일,전라북도 남원시 동충동,경상사고,0,0,1,0,차대차 - 측면충돌,직진우회전진행방해,건조,맑음,교차로 - 교차로안,승용,남,61세,상해없음,승합,여,63세,상해없음
2019031600100394,2019년 3월 16일 15시,토요일,전라북도 익산시 송학동,경상사고,0,0,1,0,차대차 - 측면충돌,직진우회전진행방해,건조,맑음,교차로 - 교차로안,승용,남,68세,상해없음,승용,남,22세,경상
2019031600100466,2019년 3월 16일 17시,토요일,전라북도 김제시 요촌동,경상사고,0,0,1,0,차대사람 - 기타,안전운전불이행,건조,맑음,단일로 - 기타,승용,여,49세,상해없음,보행자,남,86세,경상
2019031600100520,2019년 3월 16일 19시,토요일,전라북도 전주시 덕진구 여의동,중상사고,0,1,0,0,차대사람 - 횡단중,보행자보호의무위반,건조,맑음,교차로 - 교차로횡단보도내,승용,남,43세,상해없음,보행자,여,53세,중상
2019031600100521,2019년 3월 16일 19시,토요일,전라북도 전주시 덕진구 우아동2가,경상사고,0,0,3,0,차대차 - 측면충돌,신호위반,건조,맑음,교차로 - 교차로안,승용,여,52세,상해없음,승용,여,32세,경상
2019031600100522,2019년 3월 16일 19시,토요일,전라북도 정읍시 상동,중상사고,0,1,0,0,차대사람 - 횡단중,보행자보호의무위반,건조,맑음,교차로 - 교차로부근,승용,남,41세,기타불명,보행자,여,65세,중상
2019031600100553,2019년 3월 16일 20시,토요일,전라북도 전주시 덕진구 전미동1가,경상사고,0,0,4,0,차대차 - 측면충돌,신호위반,건조,맑음,교차로 - 교차로안,승용,여,49세,상해없음,승용,남,38세,경상
2019031600100554,2019년 3월 16일 20시,토요일,전라북도 익산시 남중동,경상사고,0,0,1,0,차대차 - 측면충돌,안전운전불이행,건조,맑음,단일로 - 기타,승용,남,61세,상해없음,승합,남,48세,상해없음
2019031600100578,2019년 3월 16일 21시,토요일,전라북도 전주시 완산구 중노송동,경상사고,0,0,1,0,차대차 - 추돌,안전거리미확보,건조,맑음,단일로 - 기타,승용,남,57세,상해없음,승용,여,45세,경상
2019031600100579,2019년 3월 16일 21시,토요일,전라북도 남원시 인월면,중상사고,0,1,0,0,차대사람 - 길가장자리구역통행중,안전운전불이행,건조,맑음,단일로 - 기타,승용,여,37세,상해없음,보행자,남,58세,중상
2019031600100595,2019년 3월 16일 22시,토요일,전라북도 전주시 완산구 서신동,경상사고,0,0,1,0,차대차 - 측면충돌,신호위반,건조,맑음,교차로 - 교차로안,승용,남,20세,상해없음,승용,여,46세,경상
2019031600100596,2019년 3월 16일 22시,토요일,전라북도 전주시 덕진구 호성동1가,중상사고,0,1,2,0,차대차 - 측면충돌,신호위반,건조,맑음,교차로 - 교차로안,승용,남,49세,경상,승용,남,63세,경상
2019031700100029,2019년 3월 17일 00시,일요일,전라북도 전주시 덕진구 덕진동2가,중상사고,0,2,0,0,차대차 - 측면충돌,안전운전불이행,건조,맑음,교차로 - 교차로안,승용,남,33세,상해없음,승용,남,39세,중상
2019031700100041,2019년 3월 17일 01시,일요일,전라북도 전주시 덕진구 금암동,경상사고,0,0,1,0,차대차 - 측면충돌,불법유턴,건조,맑음,단일로 - 기타,승용,남,69세,상해없음,승용,남,26세,경상
2019031700100042,2019년 3월 17일 01시,일요일,전라북도 김제시 요촌동,경상사고,0,0,1,0,차대차 - 측면충돌,안전거리미확보,건조,맑음,교차로 - 교차로부근,특수,남,46세,상해없음,특수,남,40세,경상
2019031700100043,2019년 3월 17일 01시,일요일,전라북도 김제시 신풍동,경상사고,0,0,1,0,차대차 - 측면충돌,직진우회전진행방해,건조,맑음,교차로 - 교차로안,승용,남,29세,상해없음,승용,남,68세,경상
2019031700100057,2019년 3월 17일 02시,일요일,전라북도 정읍시 시기동,경상사고,0,0,3,1,차대차 - 측면충돌,직진우회전진행방해,건조,맑음,교차로 - 교차로안,승용,여,23세,상해없음,승용,여,44세,경상
2019031700100072,2019년 3월 17일 03시,일요일,전라북도 익산시 신동,경상사고,0,0,1,0,차대사람 - 차도통행중,안전운전불이행,건조,맑음,단일로 - 기타,승용,남,21세,상해없음,보행자,남,21세,경상
2019031700100073,2019년 3월 17일 03시,일요일,전라북도 익산시 부송동,중상사고,0,1,0,0,차대사람 - 횡단중,안전운전불이행,건조,맑음,교차로 - 교차로횡단보도내,승용,남,25세,기타불명,보행자,남,44세,중상
2019031700100118,2019년 3월 17일 08시,일요일,전라북도 전주시 덕진구 덕진동1가,중상사고,0,1,0,0,차대사람 - 횡단중,보행자보호의무위반,건조,맑음,단일로 - 기타,승용,남,56세,상해없음,보행자,여,73세,중상
2019031700100151,2019년 3월 17일 10시,일요일,전라북도 군산시 경장동,경상사고,0,0,1,0,차대차 - 기타,안전운전불이행,건조,맑음,단일로 - 기타,이륜,남,80세,경상,승용,여,43세,상해없음
2019031700100243,2019년 3월 17일 13시,일요일,전라북도 군산시 사정동,경상사고,0,0,1,1,차대차 - 측면충돌,신호위반,건조,맑음,교차로 - 교차로안,승용,남,81세,상해없음,승용,남,30세,부상신고
2019031700100307,2019년 3월 17일 15시,일요일,전라북도 전주시 덕진구 금암동,경상사고,0,0,2,0,차대차 - 추돌,안전운전불이행,건조,맑음,단일로 - 기타,승용,남,50세,상해없음,승용,남,41세,경상