사고번호,사고일시,요일,시군구,사고내용,사망자수,중상자수,경상자수,부상신고자수,사고유형,법규위반,노면상태,기상상태,도로형태,가해운전자 차종,가해운전자 성별,가해운전자 연령,가해운전자 상해정도,피해운전자 차종,피해운전자 성별,피해운전자 연령,피해운전자 상해정도
2019032300100250,2019년 3월 23일 12시,토요일,전라북도 전주시 완산구 효자동3가,경상사고,0,0,6,0,차대차 - 추돌,안전운전불이행,건조,맑음,기타 - 기타,승용,남,59세,상해없음,승용,남,37세,경상
2019032300100251,2019년 3월 23일 12시,토요일,전라북도 정읍시 시기동,중상사고,0,1,0,0,차대사람 - 기타,안전운전불이행,건조,맑음,주차장 - 주차장,승용,여,63세,상해없음,보행자,여,48세,중상
2019032300100292,2019년 3월 23일 13시,토요일,전라북도 익산시 영등동,경상사고,0,0,2,0,차대차 - 후진중충돌,안전운전불이행,젖음/습기,비,단일로 - 기타,승용,여,49세,상해없음,승용,여,40세,경상
2019032300100293,2019년 3월 23일 13시,토요일,전라북도 익산시 모현동1가,중상사고,0,1,0,0,차대차 - 측면충돌,안전운전불이행,건조,맑음,단일로 - 기타,승용,남,44세,상해없음,승용,남,29세,중상
2019032300100294,2019년 3월 23일 13시,토요일,전라북도 진안군 부귀면,경상사고,0,0,2,0,차대차 - 측면충돌,안전운전불이행,건조,맑음,교차로 - 교차로안,화물,남,63세,상해없음,승용,남,75세,경상
2019032300100337,2019년 3월 23일 14시,토요일,전라북도 전주시 완산구 효자동3가,경상사고,0,0,2,0,차대차 - 추돌,안전운전불이행,젖음/습기,비,단일로 - 기타,승용,남,22세,상해없음,승용,남,31세,경상
2019032300100510,2019년 3월 23일 19시,토요일,전라북도 전주시 완산구 효자동3가,경상사고,0,0,1,0,차대차 - 추돌,안전운전불이행,건조,기타,교차로 - 교차로안,승용,남,53세,상해없음,승용,남,59세,경상
2019032300100601,2019년 3월 23일 22시,토요일,전라북도 군산시 수송동,중상사고,0,1,0,0,차대차 - 기타,기타,건조,맑음,단일로 - 기타,승용,남,53세,상해없음,원동기,남,38세,중상
2019032300100623,2019년 3월 23일 23시,토요일,전라북도 전주시 덕진구 금암동,경상사고,0,0,2,0,차대차 - 추돌,안전운전불이행,건조,맑음,단일로 - 기타,승용,여,31세,상해없음,승용,남,32세,경상
2019032400100075,2019년 3월 24일 03시,일요일,전라북도 군산시 수송동,경상사고,0,0,3,0,차대차 - 기타,신호위반,건조,맑음,교차로 - 교차로안,승용,남,50세,상해없음,승용,남,40세,경상
2019032400100099,2019년 3월 24일 06시,일요일,전라북도 군산시 조촌동,경상사고,0,0,2,0,차대차 - 추돌,안전운전불이행,건조,맑음,교차로 - 교차로부근,승용,남,25세,경상,승용,남,59세,경상
2019032400100314,2019년 3월 24일 15시,일요일,전라북도 전주시 덕진구 송천동2가,경상사고,0,0,2,0,차대차 - 측면충돌,신호위반,건조,맑음,교차로 - 교차로안,승용,남,30세,상해없음,승용,여,52세,경상
2019032400100315,2019년 3월 24일 15시,일요일,전라북도 정읍시 쌍암동,경상사고,0,0,1,0,차대차 - 측면충돌,직진우회전진행방해,건조,맑음,교차로 - 교차로안,자전거,남,66세,경상,승용,여,58세,상해없음
2019032400100346,2019년 3월 24일 16시,일요일,전라북도 전주시 덕진구 진북동,경상사고,0,0,1,0,차대사람 - 기타,안전운전불이행,건조,맑음,단일로 - 기타,승용,남,59세,상해없음,보행자,여,68세,경상
2019032400100347,2019년 3월 24일 16시,일요일,전라북도 군산시 나운동,경상사고,0,0,1,0,차대차 - 기타,안전운전불이행,건조,맑음,단일로 - 기타,승용,남,69세,상해없음,승용,남,71세,경상
2019032400100378,2019년 3월 24일 17시,일요일,전라북도 전주시 완산구 중화산동2가,경상사고,0,0,2,0,차대차 - 추돌,안전운전불이행,건조,맑음,단일로 - 지하차도(도로)내,승용,여,58세,상해없음,승용,여,35세,경상
2019032400100406,2019년 3월 24일 18시,일요일,전라북도 고창군 고창읍,경상사고,0,0,3,0,차대차 - 측면충돌,신호위반,건조,맑음,교차로 - 교차로안,승합,남,56세,상해없음,승용,남,55세,경상
2019032400100455,2019년 3월 24일 20시,일요일,전라북도 군산시 나운동,경상사고,0,0,1,0,차대차 - 추돌,안전운전불이행,건조,맑음,단일로 - 지하차도(도로)내,이륜,남,65세,상해없음,자전거,남,58세,경상
2019032400100488,2019년 3월 24일 21시,일요일,전라북도 익산시 모현동1가,중상사고,0,1,0,0,차대차 - 측면충돌,신호위반,건조,맑음,교차로 - 교차로안,승용,남,56세,상해없음,자전거,남,62세,중상
2019032500100075,2019년 3월 25일 07시,월요일,전라북도 익산시 낭산면,경상사고,0,0,1,0,차대차 - 측면충돌,직진우회전진행방해,건조,맑음,교차로 - 교차로안,승용,남,32세,상해없음,승용,여,27세,경상
2019032500100119,2019년 3월 25일 08시,월요일,전라북도 익산시 부송동,중상사고,0,1,0,0,차대사람 - 기타,안전운전불이행,건조,맑음,교차로 - 교차로안,승용,여,64세,상해없음,보행자,남,71세,중상
2019032500100120,2019년 3월 25일 08시,월요일,전라북도 순창군 순창읍,경상사고,0,0,1,0,차대차 - 측면충돌,교차로운행방법위반,건조,맑음,교차로 - 교차로안,승용,여,45세,경상,승용,여,56세,상해없음
2019032500100158,2019년 3월 25일 09시,월요일,전라북도 전주시 덕진구 금암동,경상사고,0,0,1,0,차대차 - 측면충돌,안전운전불이행,건조,맑음,교차로 - 교차로안,승합,남,58세,상해없음,승용,여,48세,경상
2019032500100185,2019년 3월 25일 10시,월요일,전라북도 전주시 완산구 효자동1가,중상사고,0,1,0,0,차대사람 - 길가장자리구역통행중,안전운전불이행,건조,맑음,교차로 - 교차로안,승용,남,81세,상해없음,보행자,여,76세,중상
2019032500100186,2019년 3월 25일 10시,월요일,전라북도 전주시 덕진구 장동,경상사고,0,0,1,0,차대차 - 측면충돌,교차로운행방법위반,건조,맑음,교차로 - 교차로안,화물,남,66세,상해없음,승용,남,41세,경상
2019032500100187,2019년 3월 25일 10시,월요일,전라북도 군산시 소룡동,경상사고,0,0,1,0,차대차 - 기타,안전운전불이행,건조,맑음,단일로 - 기타,화물,남,44세,상해없음,승용,남,49세,경상
2019032500100188,2019년 3월 25일 10시,월요일,전라북도 부안군 부안읍,중상사고,0,1,0,0,차대사람 - 횡단중,보행자보호의무위반,건조,맑음,교차로 - 교차로횡단보도내,화물,남,51세,상해없음,보행자,여,57세,중상
2019032500100241,2019년 3월 25일 12시,월요일,전라북도 전주시 덕진구 호성동1가,중상사고,0,1,0,0,차량단독 - 공작물충돌,안전운전불이행,건조,맑음,단일로 - 기타,자전거,남,13세,중상,,,,
2019032500100242,2019년 3월 25일 12시,월요일,전라북도 군산시 명산동,경상사고,0,0,3,0,차대차 - 기타,안전운전불이행,건조,맑음,교차로 - 교차로부근,승용,남,68세,상해없음,승용,여,57세,상해없음
2019032500100243,2019년 3월 25일 12시,월요일,전라북도 부안군 부안읍,중상사고,0,1,1,0,차대차 - 측면충돌,중앙선침범,건조,맑음,단일로 - 기타,원동기,남,73세,중상,승용,여,60세,경상
2019032500100267,2019년 3월 25일 13시,월요일,전라북도 군산시 지곡동,중상사고,0,1,0,0,차대차 - 기타,신호위반,건조,맑음,단일로 - 기타,승용,남,20세,상해없음,이륜,남,44세,중상
2019032500100268,2019년 3월 25일 13시,월요일,전라북도 익산시 금마면,중상사고,0,1,1,0,차대차 - 측면충돌,안전운전불이행,건조,맑음,단일로 - 기타,승용,남,71세,상해없음,사륜오토바이(ATV),남,84세,경상
2019032500100269,2019년 3월 25일 13시,월요일,전라북도 남원시 왕정동,중상사고,0,1,0,0,차대차 - 측면충돌,안전운전불이행,건조,맑음,교차로 - 교차로안,승용,남,64세,상해없음,자전거,남,69세,중상
2019032500100302,2019년 3월 25일 14시,월요일,전라북도 군산시 서흥남동,중상사고,0,1,0,0,차대차 - 기타,교차로운행방법위반,건조,맑음,교차로 - 교차로안,승용,여,56세,상해없음,자전거,남,28세,중상
2019032500100331,2019년 3월 25일 15시,월요일,전라북도 전주시 덕진구 여의동,경상사고,0,0,1,0,차대사람 - 차도통행중,안전운전불이행,건조,맑음,단일로 - 기타,승용,여,54세,상해없음,보행자,여,70세,경상
2019032500100332,2019년 3월 25일 15시,월요일,전라북도 군산시 수송동,경상사고,0,0,2,0,차대차 - 기타,교차로운행방법위반,건조,맑음,교차로 - 교차로안,승용,여,44세,경상,승용,남,46세,경상
2019032500100369,2019년 3월 25일 16시,월요일,전라북도 김제시 요촌동,경상사고,0,0,1,0,차대사람 - 길가장자리구역통행중,안전운전불이행,건조,맑음,기타 - 기타,승용,남,76세,상해없음,보행자,여,58세,경상
2019032500100370,2019년 3월 25일 16시,월요일,전라북도 남원시 천거동,중상사고,0,1,0,0,차대차 - 측면충돌,안전운전불이행,건조,맑음,단일로 - 기타,승용,남,25세,상해없음,자전거,남,63세,중상
2019032500100457,2019년 3월 25일 18시,월요일,전라북도 익산시 삼기면,경상사고,0,0,1,0,차대차 - 측면충돌,안전운전불이행,건조,맑음,단일로 - 기타,화물,남,56세,상해없음,승용,남,26세,경상
2019032500100498,2019년 3월 25일 19시,월요일,전라북도 남원시 도통동,경상사고,0,0,1,0,차대차 - 기타,안전운전불이행,건조,맑음,교차로 - 교차로횡단보도내,승용,여,55세,상해없음,자전거,여,49세,경상
2019032500100527,2019년 3월 25일 20시,월요일,전라북도 정읍시 옹동면,중상사고,0,1,0,0,차대차 - 추돌,안전운전불이행,건조,맑음,단일로 - 기타,승용,남,36세,상해없음,사륜오토바이(ATV),남,70세,중상
2019032500100563,2019년 3월 25일 21시,월요일,전라북도 전주시 덕진구 덕진동2가,경상사고,0,0,1,0,차대차 - 측면충돌,안전운전불이행,건조,맑음,교차로 - 교차로안,승용,남,50세,상해없음,승용,남,30세,경상
2019032500100564,2019년 3월 25일 21시,월요일,전라북도 익산시 마동,경상사고,0,0,1,0,차대차 - 추돌,안전거리미확보,건조,흐림,교차로 - 교차로부근,승용,남,23세,상해없음,승용,남,58세,경상
2019032500100592,2019년 3월 25일 22시,월요일,전라북도 군산시 나운동,경상사고,0,0,2,0,차대차 - 기타,안전운전불이행,건조,맑음,단일로 - 기타,승용,남,34세,상해없음,승용,남,47세,경상
2019032500100610,2019년 3월 25일 23시,월요일,전라북도 전주시 완산구 효자동2가,중상사고,0,1,0,0,차대차 - 측면충돌,안전운전불이행,건조,맑음,교차로 - 교차로안,승용,남,22세,상해없음,이륜,남,37세,중상
2019032600100063,2019년 3월 26일 04시,화요일,전라북도 전주시 덕진구 우아동3가,중상사고,0,1,0,0,차대사람 - 횡단중,안전운전불이행,건조,맑음,단일로 - 기타,승용,남,43세,상해없음,보행자,여,76세,중상
2019032600100091,2019년 3월 26일 06시,화요일,전라북도 익산시 삼기면,중상사고,0,2,2,0,차대차 - 측면충돌,신호위반,건조,맑음,교차로 - 교차로안,승용,남,62세,상해없음,화물,남,53세,경상
2019032600100231,2019년 3월 26일 11시,화요일,전라북도 전주시 덕진구 진북동,중상사고,0,1,0,0,차대사람 - 횡단중,안전운전불이행,건조,맑음,단일로 - 기타,승용,남,40세,상해없음,보행자,여,85세,중상
2019032600100289,2019년 3월 26일 13시,화요일,전라북도 군산시 대야면,사망사고,1,0,1,0,차대차 - 기타,중앙선침범,건조,맑음,단일로 - 기타,이륜,남,72세,사망,승용,여,44세,경상
2019032600100290,2019년 3월 26일 13시,화요일,전라북도 진안군 진안읍,경상사고,0,0,1,0,차대사람 - 횡단중,안전운전불이행,건조,맑음,교차로 - 교차로안,승합,남,61세,상해없음,보행자,여,46세,경상
2019032600100439,2019년 3월 26일 17시,화요일,전라북도 군산시 옥산면,경상사고,0,0,3,0,차대차 - 기타,안전운전불이행,건조,맑음,단일로 - 기타,승용,남,32세,상해없음,승용,남,58세,경상
2019032600100440,2019년 3월 26일 17시,화요일,전라북도 익산시 용동면,중상사고,0,1,0,0,차대차 - 측면충돌,직진우회전진행방해,건조,맑음,교차로 - 교차로안,이륜,여,60세,중상,화물,남,28세,상해없음
2019032600100516,2019년 3월 26일 19시,화요일,전라북도 정읍시 연지동,중상사고,0,1,0,0,차대사람 - 보도통행중,보행자보호의무위반,건조,맑음,교차로 - 교차로횡단보도내,화물,남,59세,상해없음,보행자,여,30세,중상
2019032600100517,2019년 3월 26일 19시,화요일,전라북도 김제시 검산동,경상사고,0,0,1,0,차대차 - 추돌,안전운전불이행,건조,맑음,교차로 - 교차로안,승용,남,52세,상해없음,승용,여,60세,경상
2019032600100605,2019년 3월 26일 22시,화요일,전라북도 군산시 소룡동,경상사고,0,0,2,0,차대사람 - 기타,안전운전불이행,건조,맑음,단일로 - 기타,이륜,남,45세,경상,보행자,남,44세,경상
2019032600100630,2019년 3월 26일 23시,화요일,전라북도 정읍시 정우면,중상사고,0,1,0,0,차대차 - 추돌,안전운전불이행,건조,맑음,단일로 - 기타,승용,남,32세,상해없음,화물,남,41세,중상
2019032700100024,2019년 3월 27일 00시,수요일,전라북도 전주시 덕진구 우아동1가,경상사고,0,0,1,0,차대차 - 후진중충돌,안전운전불이행,건조,맑음,단일로 - 기타,승용,여,35세,상해없음,승용,남,41세,경상
2019032700100034,2019년 3월 27일 01시,수요일,전라북도 전주시 덕진구 인후동2가,경상사고,0,0,1,0,차대사람 - 기타,안전운전불이행,건조,맑음,단일로 - 기타,승용,남,65세,상해없음,보행자,남,37세,경상
2019032700100078,2019년 3월 27일 06시,수요일,전라북도 김제시 금구면,경상사고,0,0,1,0,차대차 - 측면충돌,신호위반,건조,맑음,교차로 - 교차로안,건설기계,남,50세,상해없음,화물,남,67세,경상
2019032700100256,2019년 3월 27일 12시,수요일,전라북도 전주시 완산구 효자동3가,경상사고,0,0,1,0,차대차 - 측면충돌,교차로운행방법위반,건조,맑음,교차로 - 교차로안,승용,여,43세,상해없음,승용,여,49세,경상
2019032700100306,2019년 3월 27일 14시,수요일,전라북도 김제시 공덕면,중상사고,0,1,2,0,차량단독 - 공작물충돌,안전운전불이행,건조,맑음,단일로 - 기타,승용,여,53세,경상,,,,
2019032700100365,2019년 3월 27일 16시,수요일,전라북도 익산시 중앙동1가,경상사고,0,0,1,0,차대차 - 기타,신호위반,건조,맑음,교차로 - 교차로안,승용,남,43세,상해없음,자전거,여,57세,경상
2019032700100395,2019년 3월 27일 17시,수요일,전라북도 전주시 완산구 교동,경상사고,0,0,1,0,차대차 - 측면충돌,안전운전불이행,건조,맑음,교차로 - 교차로부근,승용,남,53세,상해없음,이륜,남,62세,경상
2019032700100396,2019년 3월 27일 17시,수요일,전라북도 전주시 덕진구 인후동1가,경상사고,0,0,1,0,차대사람 - 기타,보행자보호의무위반,건조,흐림,교차로 - 교차로횡단보도내,이륜,남,16세,상해없음,보행자,남,45세,경상
2019032700100397,2019년 3월 27일 17시,수요일,전라북도 전주시 덕진구 송천동1가,경상사고,0,0,1,0,차대사람 - 횡단중,보행자보호의무위반,건조,맑음,교차로 - 교차로횡단보도내,승용,여,63세,상해없음,보행자,여,4세,경상
2019032700100398,2019년 3월 27일 17시,수요일,전라북도 전주시 덕진구 우아동2가,경상사고,0,0,1,0,차대차 - 기타,안전거리미확보,건조,맑음,단일로 - 기타,승용,남,45세,상해없음,승용,남,24세,경상
2019032700100472,2019년 3월 27일 19시,수요일,전라북도 전주시 덕진구 인후동1가,경상사고,0,0,1,0,차대차 - 측면충돌,안전운전불이행,건조,맑음,단일로 - 기타,이륜,남,16세,상해없음,승용,남,66세,경상
2019032700100473,2019년 3월 27일 19시,수요일,전라북도 익산시 인화동2가,중상사고,0,1,0,0,차대차 - 측면충돌,신호위반,건조,맑음,교차로 - 교차로안,승용,여,63세,상해없음,승용,남,47세,중상
2019032700100474,2019년 3월 27일 19시,수요일,전라북도 김제시 금구면,경상사고,0,0,1,0,차대차 - 기타,안전운전불이행,건조,맑음,교차로 - 교차로안,승용,여,60세,상해없음,자전거,남,14세,경상
2019032700100500,2019년 3월 27일 20시,수요일,전라북도 전주시 완산구 삼천동1가,경상사고,0,0,1,0,차대차 - 측면충돌,신호위반,건조,맑음,교차로 - 교차로안,이륜,남,53세,상해없음,승용,남,68세,경상
2019032700100501,2019년 3월 27일 20시,수요일,전라북도 전주시 덕진구 송천동1가,중상사고,0,1,0,0,차대차 - 측면충돌,신호위반,건조,맑음,교차로 - 교차로안,승합,남,55세,상해없음,승용,남,62세,중상
2019032700100551,2019년 3월 27일 22시,수요일,전라북도 전주시 완산구 다가동4가,경상사고,0,0,1,0,차대차 - 측면충돌,신호위반,건조,맑음,교차로 - 교차로부근,승용,여,26세,상해없음,승용,남,48세,경상
2019032700100552,2019년 3월 27일 22시,수요일,전라북도 익산시 영등동,경상사고,0,0,2,0,차대차 - 측면충돌,신호위반,건조,맑음,교차로 - 교차로부근,승용,남,38세,상해없음,승용,남,27세,경상
2019032800100032,2019년 3월 28일 00시,목요일,전라북도 전주시 완산구 서노송동,경상사고,0,0,2,0,차대차 - 측면충돌,안전운전불이행,건조,맑음,기타 - 기타,승용,남,59세,상해없음,승용,남,33세,경상
2019032800100055,2019년 3월 28일 03시,목요일,전라북도 군산시 경암동,경상사고,0,0,2,0,차대차 - 기타,안전운전불이행,건조,맑음,교차로 - 교차로부근,승용,여,56세,상해없음,승용,남,54세,경상
2019032800100097,2019년 3월 28일 07시,목요일,전라북도 순창군 구림면,경상사고,0,0,1,1,차대차 - 기타,안전운전불이행,건조,맑음,교차로 - 교차로부근,승용,남,46세,부상신고,승용,남,36세,경상
2019032800100193,2019년 3월 28일 10시,목요일,전라북도 전주시 완산구 효자동3가,경상사고,0,0,1,0,차대사람 - 횡단중,보행자보호의무위반,건조,맑음,단일로 - 기타,승용,남,40세,상해없음,보행자,여,20세,경상
2019032800100194,2019년 3월 28일 10시,목요일,전라북도 전주시 덕진구 인후동1가,중상사고,0,1,0,0,차대사람 - 보도통행중,기타,건조,맑음,교차로 - 교차로부근,승용,남,40세,상해없음,보행자,여,67세,중상
2019032800100236,2019년 3월 28일 11시,목요일,전라북도 남원시 향교동,경상사고,0,0,2,0,차대차 - 측면충돌,중앙선침범,건조,맑음,단일로 - 기타,화물,남,79세,경상,화물,남,45세,경상
2019032800100316,2019년 3월 28일 14시,목요일,전라북도 남원시 동충동,경상사고,0,0,1,0,차대차 - 기타,안전운전불이행,건조,맑음,교차로 - 교차로안,승용,남,73세,상해없음,자전거,여,68세,경상
2019032800100317,2019년 3월 28일 14시,목요일,전라북도 장수군 산서면,중상사고,0,1,1,0,차대차 - 추돌,교차로운행방법위반,건조,맑음,교차로 - 교차로안,승용,여,66세,중상,승용,여,54세,경상
2019032800100351,2019년 3월 28일 15시,목요일,전라북도 전주시 완산구 삼천동1가,중상사고,0,4,3,0,차대차 - 측면충돌,신호위반,건조,맑음,교차로 - 교차로안,승용,여,63세,경상,승용,남,35세,경상
2019032800100352,2019년 3월 28일 15시,목요일,전라북도 군산시 문화동,중상사고,0,1,0,0,차대차 - 측면충돌,중앙선침범,건조,맑음,단일로 - 기타,승용,여,60세,상해없음,이륜,남,44세,중상
2019032800100398,2019년 3월 28일 16시,목요일,전라북도 정읍시 칠보면,중상사고,0,1,0,0,차대차 - 측면충돌,안전운전불이행,건조,맑음,단일로 - 기타,화물,남,43세,상해없음,이륜,남,71세,중상
2019032800100439,2019년 3월 28일 17시,목요일,전라북도 군산시 내초동,경상사고,0,0,1,0,차대차 - 추돌,안전거리미확보,건조,맑음,교차로 - 교차로부근,화물,남,48세,상해없음,승용,여,54세,경상
2019032800100440,2019년 3월 28일 17시,목요일,전라북도 완주군 이서면,경상사고,0,0,2,0,차대차 - 기타,중앙선침범,건조,맑음,단일로 - 기타,기타불명,기타불명,미분류,기타불명,승용,남,65세,경상
2019032800100528,2019년 3월 28일 19시,목요일,전라북도 익산시 용안면,사망사고,1,0,0,0,차량단독 - 공작물충돌,안전운전불이행,건조,맑음,단일로 - 기타,승용,남,45세,사망,,,,
2019032800100529,2019년 3월 28일 19시,목요일,전라북도 익산시 마동,경상사고,0,0,1,0,차대사람 - 횡단중,안전운전불이행,건조,맑음,교차로 - 교차로횡단보도내,승용,남,37세,상해없음,보행자,남,52세,경상
2019032800100618,2019년 3월 28일 22시,목요일,전라북도 익산시 왕궁면,경상사고,0,0,1,0,차량단독 - 도로외이탈 - 추락,안전운전불이행,건조,맑음,교차로 - 교차로안,승용,남,72세,상해없음,,,,
2019032900100029,2019년 3월 29일 00시,금요일,전라북도 전주시 완산구 서신동,경상사고,0,0,1,0,차대차 - 기타,교차로운행방법위반,건조,맑음,교차로 - 교차로안,승용,여,30세,상해없음,승용,남,26세,경상
2019032900100037,2019년 3월 29일 01시,금요일,전라북도 전주시 완산구 효자동1가,중상사고,0,1,0,0,차대사람 - 횡단중,안전운전불이행,건조,맑음,단일로 - 기타,이륜,남,63세,상해없음,보행자,남,78세,중상
2019032900100074,2019년 3월 29일 06시,금요일,전라북도 전주시 덕진구 송천동1가,중상사고,0,1,0,0,차대차 - 측면충돌,신호위반,건조,맑음,교차로 - 교차로안,화물,남,30세,상해없음,화물,남,53세,중상
2019032900100121,2019년 3월 29일 08시,금요일,전라북도 익산시 금마면,경상사고,0,0,1,0,차대차 - 측면충돌,안전거리미확보,건조,맑음,단일로 - 기타,화물,남,48세,상해없음,화물,남,31세,경상
2019032900100122,2019년 3월 29일 08시,금요일,전라북도 익산시 황등면,경상사고,0,0,1,0,차대차 - 측면충돌,신호위반,건조,맑음,교차로 - 교차로안,승용,여,50세,상해없음,승용,여,51세,경상
2019032900100123,2019년 3월 29일 08시,금요일,전라북도 익산시 모현동2가,경상사고,0,0,1,0,차대차 - 측면충돌,교차로운행방법위반,건조,맑음,교차로 - 교차로안,승용,여,54세,상해없음,자전거,남,35세,경상
2019032900100124,2019년 3월 29일 08시,금요일,전라북도 익산시 신동,경상사고,0,0,1,0,차대차 - 측면충돌,안전운전불이행,건조,맑음,단일로 - 기타,승용,남,25세,상해없음,승용,남,23세,경상
2019032900100125,2019년 3월 29일 08시,금요일,전라북도 정읍시 수성동,중상사고,0,1,0,0,차대사람 - 횡단중,보행자보호의무위반,건조,맑음,단일로 - 기타,승합,남,58세,상해없음,보행자,여,73세,중상
2019032900100163,2019년 3월 29일 09시,금요일,전라북도 김제시 백산면,중상사고,0,1,0,0,차대차 - 측면충돌,교차로운행방법위반,건조,맑음,교차로 - 교차로안,농기계,남,34세,상해없음,이륜,남,59세,중상
2019032900100238,2019년 3월 29일 11시,금요일,전라북도 정읍시 공평동,경상사고,0,0,1,0,차대차 - 추돌,안전운전불이행,건조,맑음,단일로 - 고가도로위,승용,여,29세,상해없음,승용,남,62세,경상
2019032900100239,2019년 3월 29일 11시,금요일,전라북도 김제시 용지면,중상사고,0,1,1,0,차대차 - 측면충돌,신호위반,건조,맑음,교차로 - 교차로안,승용,여,55세,상해없음,승용,남,62세,중상
2019032900100240,2019년 3월 29일 11시,금요일,전라북도 고창군 고창읍,경상사고,0,0,3,0,차대차 - 정면충돌,중앙선침범,건조,맑음,단일로 - 기타,승용,여,59세,상해없음,승용,남,37세,경상
2019032900100276,2019년 3월 29일 12시,금요일,전라북도 전주시 완산구 효자동1가,중상사고,0,1,0,0,차대사람 - 횡단중,보행자보호의무위반,건조,맑음,교차로 - 교차로안,승용,남,57세,상해없음,보행자,여,20세,중상
2019032900100277,2019년 3월 29일 12시,금요일,전라북도 정읍시 시기동,중상사고,0,1,0,0,차대사람 - 횡단중,직진우회전진행방해,건조,맑음,교차로 - 교차로안,승용,여,72세,상해없음,보행자,남,72세,중상
2019032900100278,2019년 3월 29일 12시,금요일,전라북도 정읍시 하북동,중상사고,0,1,3,0,차대차 - 추돌,안전운전불이행,건조,맑음,단일로 - 기타,승용,남,74세,중상,승용,남,48세,경상
2019032900100279,2019년 3월 29일 12시,금요일,전라북도 완주군 봉동읍,경상사고,0,0,1,0,차대차 - 측면충돌,신호위반,건조,맑음,교차로 - 교차로안,화물,남,55세,기타불명,화물,남,33세,경상
2019032900100313,2019년 3월 29일 13시,금요일,전라북도 익산시 남중동,경상사고,0,0,1,0,차대차 - 추돌,안전거리미확보,건조,맑음,교차로 - 교차로안,건설기계,남,46세,상해없음,승용,여,40세,경상
2019032900100436,2019년 3월 29일 16시,금요일,전라북도 군산시 중앙로1가,경상사고,0,0,2,0,차대차 - 측면충돌,직진우회전진행방해,건조,맑음,교차로 - 교차로안,승용,남,71세,상해없음,승용,여,41세,경상
2019032900100437,2019년 3월 29일 16시,금요일,전라북도 완주군 삼례읍,중상사고,0,1,0,0,차대차 - 측면충돌,안전운전불이행,건조,맑음,단일로 - 기타,승용,여,38세,상해없음,이륜,남,66세,중상
2019032900100475,2019년 3월 29일 17시,금요일,전라북도 전주시 덕진구 덕진동2가,경상사고,0,0,2,0,차대차 - 추돌,안전운전불이행,건조,맑음,교차로 - 교차로안,승합,남,63세,상해없음,승용,여,39세,경상
2019032900100476,2019년 3월 29일 17시,금요일,전라북도 부안군 행안면,경상사고,0,0,1,0,차대차 - 측면충돌,안전운전불이행,건조,맑음,교차로 - 교차로부근,승용,남,67세,상해없음,이륜,남,68세,경상
2019032900100534,2019년 3월 29일 18시,금요일,전라북도 군산시 사정동,경상사고,0,0,2,0,차대차 - 추돌,안전운전불이행,건조,맑음,단일로 - 기타,승용,여,41세,상해없음,승용,남,40세,경상
2019032900100535,2019년 3월 29일 18시,금요일,전라북도 완주군 삼례읍,경상사고,0,0,1,0,차대차 - 측면충돌,안전운전불이행,건조,맑음,교차로 - 교차로안,승용,남,51세,상해없음,승용,여,36세,경상
2019032900100576,2019년 3월 29일 19시,금요일,전라북도 군산시 소룡동,경상사고,0,0,1,0,차대차 - 측면충돌,안전운전불이행,건조,맑음,단일로 - 기타,승용,남,57세,상해없음,승용,남,52세,경상
2019032900100618,2019년 3월 29일 20시,금요일,전라북도 장수군 산서면,사망사고,1,0,0,0,차량단독 - 도로외이탈 - 추락,안전거리미확보,건조,맑음,단일로 - 기타,화물,남,57세,사망,,,,
2019032900100652,2019년 3월 29일 21시,금요일,전라북도 군산시 산북동,경상사고,0,0,1,0,차대사람 - 기타,안전운전불이행,건조,맑음,단일로 - 기타,기타불명,기타불명,미분류,기타불명,보행자,여,73세,경상
2019032900100653,2019년 3월 29일 21시,금요일,전라북도 익산시 모현동1가,경상사고,0,0,1,0,차대차 - 측면충돌,안전운전불이행,건조,흐림,단일로 - 기타,승용,여,47세,상해없음,원동기,남,40세,경상
2019032900100713,2019년 3월 29일 23시,금요일,전라북도 전주시 완산구 효자동3가,경상사고,0,0,2,0,차대차 - 추돌,안전운전불이행,건조,맑음,교차로 - 교차로부근,승용,남,27세,상해없음,승합,남,47세,경상
2019032900100714,2019년 3월 29일 23시,금요일,전라북도 군산시 수송동,경상사고,0,0,1,0,차대차 - 측면충돌,안전운전불이행,젖음/습기,비,교차로 - 교차로부근,승용,남,36세,상해없음,승용,남,58세,경상
2019033000100038,2019년 3월 30일 00시,토요일,전라북도 완주군 이서면,경상사고,0,0,1,0,차대차 - 추돌,안전운전불이행,건조,맑음,단일로 - 기타,화물,남,50세,상해없음,승용,남,39세,경상
2019033000100069,2019년 3월 30일 01시,토요일,전라북도 전주시 완산구 삼천동1가,경상사고,0,0,1,0,차대사람 - 횡단중,안전운전불이행,젖음/습기,흐림,교차로 - 교차로안,승용,남,50세,상해없음,보행자,남,25세,경상
2019033000100070,2019년 3월 30일 01시,토요일,전라북도 완주군 소양면,경상사고,0,0,1,0,차대차 - 추돌,안전운전불이행,건조,맑음,단일로 - 기타,승용,남,52세,상해없음,화물,남,58세,경상