사고번호,사고일시,요일,시군구,사고내용,사망자수,중상자수,경상자수,부상신고자수,사고유형,법규위반,노면상태,기상상태,도로형태,가해운전자 차종,가해운전자 성별,가해운전자 연령,가해운전자 상해정도,피해운전자 차종,피해운전자 성별,피해운전자 연령,피해운전자 상해정도
2019040400100292,2019년 4월 4일 12시,목요일,전라북도 익산시 갈산동,경상사고,0,0,1,0,차대차 - 측면충돌,안전운전불이행,건조,맑음,교차로 - 교차로안,승용,여,22세,상해없음,승용,여,39세,경상
2019040400100317,2019년 4월 4일 13시,목요일,전라북도 김제시 요촌동,중상사고,0,1,0,0,차대사람 - 횡단중,안전운전불이행,건조,맑음,단일로 - 기타,승용,여,62세,상해없음,보행자,여,53세,중상
2019040400100347,2019년 4월 4일 14시,목요일,전라북도 무주군 적상면,경상사고,0,0,1,0,차대차 - 측면충돌,안전운전불이행,건조,맑음,교차로 - 교차로안,승용,여,49세,상해없음,승합,남,36세,경상
2019040400100377,2019년 4월 4일 15시,목요일,전라북도 익산시 신동,경상사고,0,0,1,0,차량단독 - 기타,안전운전불이행,건조,맑음,단일로 - 기타,승합,남,67세,상해없음,,,,
2019040400100378,2019년 4월 4일 15시,목요일,전라북도 정읍시 북면,경상사고,0,0,5,0,차대차 - 측면충돌,안전거리미확보,건조,맑음,단일로 - 기타,승용,여,64세,경상,승용,여,58세,경상
2019040400100420,2019년 4월 4일 16시,목요일,전라북도 전주시 완산구 풍남동2가,경상사고,0,0,1,0,차대사람 - 차도통행중,안전운전불이행,건조,맑음,교차로 - 교차로안,승용,여,49세,상해없음,보행자,여,27세,경상
2019040400100461,2019년 4월 4일 17시,목요일,전라북도 전주시 덕진구 인후동1가,경상사고,0,0,1,0,차대사람 - 기타,신호위반,건조,기타,교차로 - 교차로횡단보도내,승용,여,60세,상해없음,보행자,여,12세,경상
2019040400100462,2019년 4월 4일 17시,목요일,전라북도 군산시 개정면,중상사고,0,1,0,0,차대사람 - 기타,직진우회전진행방해,건조,맑음,단일로 - 기타,승용,남,57세,상해없음,보행자,여,68세,중상
2019040400100509,2019년 4월 4일 18시,목요일,전라북도 전주시 완산구 서노송동,경상사고,0,0,1,0,차대차 - 기타,신호위반,건조,맑음,교차로 - 교차로안,이륜,남,56세,기타불명,승용,남,24세,상해없음
2019040400100510,2019년 4월 4일 18시,목요일,전라북도 남원시 노암동,경상사고,0,0,1,0,차대차 - 측면충돌,중앙선침범,건조,맑음,단일로 - 기타,승용,남,61세,상해없음,승용,여,36세,경상
2019040400100586,2019년 4월 4일 20시,목요일,전라북도 군산시 장미동,중상사고,0,1,2,0,차대차 - 추돌,안전거리미확보,건조,맑음,단일로 - 기타,승용,남,18세,상해없음,승용,여,45세,중상
2019040400100587,2019년 4월 4일 20시,목요일,전라북도 익산시 남중동,경상사고,0,0,1,0,차대차 - 측면충돌,안전운전불이행,건조,맑음,교차로 - 교차로안,승용,여,59세,상해없음,승용,남,67세,경상
2019040500100045,2019년 4월 5일 00시,금요일,전라북도 전주시 완산구 서신동,경상사고,0,0,1,0,차대차 - 추돌,안전운전불이행,건조,맑음,교차로 - 교차로안,승용,남,33세,상해없음,승용,여,29세,경상
2019040500100173,2019년 4월 5일 09시,금요일,전라북도 군산시 경암동,경상사고,0,0,1,0,차대차 - 측면충돌,직진우회전진행방해,건조,맑음,교차로 - 교차로안,화물,남,53세,상해없음,승용,남,37세,경상
2019040500100195,2019년 4월 5일 10시,금요일,전라북도 익산시 남중동,경상사고,0,0,1,0,차대차 - 측면충돌,안전운전불이행,건조,맑음,단일로 - 기타,화물,남,58세,상해없음,승용,여,63세,경상
2019040500100196,2019년 4월 5일 10시,금요일,전라북도 고창군 부안면,경상사고,0,0,1,0,차대차 - 추돌,안전운전불이행,건조,맑음,교차로 - 교차로부근,화물,남,44세,상해없음,화물,남,50세,경상
2019040500100220,2019년 4월 5일 11시,금요일,전라북도 군산시 수송동,경상사고,0,0,3,0,차대차 - 측면충돌,안전거리미확보,건조,맑음,교차로 - 교차로부근,승용,남,73세,상해없음,승용,남,35세,경상
2019040500100221,2019년 4월 5일 11시,금요일,전라북도 정읍시 농소동,중상사고,0,3,0,0,차대차 - 추돌,신호위반,건조,맑음,단일로 - 기타,승용,남,34세,상해없음,화물,남,48세,중상
2019040500100247,2019년 4월 5일 12시,금요일,전라북도 전주시 완산구 서완산동1가,중상사고,0,2,11,0,차대차 - 측면충돌,신호위반,건조,맑음,교차로 - 교차로안,승합,남,60세,경상,승용,남,75세,중상
2019040500100284,2019년 4월 5일 13시,금요일,전라북도 군산시 나운동,경상사고,0,0,1,0,차대차 - 측면충돌,안전운전불이행,건조,맑음,교차로 - 교차로횡단보도내,승용,남,33세,상해없음,자전거,남,53세,경상
2019040500100285,2019년 4월 5일 13시,금요일,전라북도 군산시 임피면,중상사고,0,1,1,0,차대차 - 측면충돌,기타,건조,맑음,교차로 - 교차로안,승용,남,60세,중상,승용,남,40세,경상
2019040500100310,2019년 4월 5일 14시,금요일,전라북도 전주시 덕진구 우아동2가,경상사고,0,0,3,0,차대차 - 측면충돌,직진우회전진행방해,건조,맑음,교차로 - 교차로부근,승용,남,65세,상해없음,승용,남,42세,경상
2019040500100311,2019년 4월 5일 14시,금요일,전라북도 남원시 금동,경상사고,0,0,1,0,차량단독 - 기타,안전운전불이행,건조,맑음,단일로 - 기타,기타불명,기타불명,미분류,기타불명,,,,
2019040500100400,2019년 4월 5일 16시,금요일,전라북도 전주시 덕진구 도도동,경상사고,0,0,1,0,차대차 - 측면충돌,안전거리미확보,건조,맑음,단일로 - 기타,화물,남,43세,상해없음,승용,남,38세,경상
2019040500100401,2019년 4월 5일 16시,금요일,전라북도 진안군 진안읍,중상사고,0,1,0,0,차량단독 - 기타,안전운전불이행,건조,맑음,기타 - 기타,농기계,남,78세,중상,,,,
2019040500100448,2019년 4월 5일 17시,금요일,전라북도 군산시 서흥남동,경상사고,0,0,1,0,차대사람 - 횡단중,보행자보호의무위반,건조,맑음,교차로 - 교차로횡단보도내,승용,여,32세,상해없음,보행자,남,41세,경상
2019040500100449,2019년 4월 5일 17시,금요일,전라북도 익산시 신흥동,경상사고,0,0,1,0,차대차 - 추돌,안전거리미확보,건조,맑음,단일로 - 기타,승용,남,51세,상해없음,승용,여,69세,경상
2019040500100450,2019년 4월 5일 17시,금요일,전라북도 무주군 무주읍,중상사고,0,1,0,0,차대차 - 측면충돌,안전운전불이행,건조,맑음,교차로 - 교차로안,승용,여,54세,상해없음,승용,여,58세,중상
2019040500100502,2019년 4월 5일 18시,금요일,전라북도 전주시 완산구 서신동,경상사고,0,0,1,0,차대차 - 측면충돌,교차로운행방법위반,건조,맑음,교차로 - 교차로부근,화물,남,33세,상해없음,자전거,여,14세,경상
2019040500100560,2019년 4월 5일 19시,금요일,전라북도 전주시 완산구 서신동,경상사고,0,0,1,0,차대차 - 측면충돌,차로위반,건조,맑음,단일로 - 교량,승용,남,30세,상해없음,승합,남,41세,경상
2019040500100612,2019년 4월 5일 20시,금요일,전라북도 전주시 완산구 효자동3가,경상사고,0,0,1,0,차대차 - 추돌,안전거리미확보,건조,맑음,단일로 - 기타,승합,남,49세,상해없음,승용,남,37세,경상
2019040500100613,2019년 4월 5일 20시,금요일,전라북도 임실군 성수면,중상사고,0,1,4,0,차대차 - 기타,기타,건조,맑음,단일로 - 기타,화물,남,65세,상해없음,승용,남,49세,경상
2019040500100643,2019년 4월 5일 21시,금요일,전라북도 군산시 산북동,경상사고,0,0,3,0,차대차 - 기타,안전운전불이행,건조,맑음,단일로 - 기타,승용,남,59세,상해없음,승용,여,44세,경상
2019040500100685,2019년 4월 5일 22시,금요일,전라북도 전주시 완산구 효자동1가,경상사고,0,0,1,0,차대차 - 측면충돌,교차로운행방법위반,건조,맑음,교차로 - 교차로안,승용,남,57세,상해없음,승용,남,27세,경상
2019040500100686,2019년 4월 5일 22시,금요일,전라북도 익산시 오산면,경상사고,0,0,2,0,차대차 - 추돌,안전운전불이행,건조,맑음,교차로 - 교차로안,승용,남,28세,상해없음,승용,남,44세,경상
2019040500100712,2019년 4월 5일 23시,금요일,전라북도 전주시 완산구 서신동,경상사고,0,0,1,0,차대차 - 추돌,안전운전불이행,건조,맑음,교차로 - 교차로부근,승용,남,45세,상해없음,승용,남,23세,경상
2019040600100119,2019년 4월 6일 07시,토요일,전라북도 군산시 옥산면,사망사고,1,1,0,0,차대차 - 추돌,안전운전불이행,건조,맑음,단일로 - 지하차도(도로)내,승합,남,19세,중상,화물,남,49세,기타불명
2019040600100167,2019년 4월 6일 09시,토요일,전라북도 군산시 미장동,경상사고,0,0,2,0,차대차 - 측면충돌,안전운전불이행,건조,맑음,교차로 - 교차로안,승용,여,41세,상해없음,화물,남,59세,경상
2019040600100168,2019년 4월 6일 09시,토요일,전라북도 완주군 구이면,경상사고,0,0,1,0,차대차 - 측면충돌,안전운전불이행,건조,맑음,교차로 - 교차로부근,화물,남,57세,상해없음,이륜,남,75세,경상
2019040600100198,2019년 4월 6일 10시,토요일,전라북도 군산시 옥산면,경상사고,0,0,1,0,차대차 - 추돌,차로위반,건조,흐림,단일로 - 기타,승용,여,56세,상해없음,특수,남,51세,경상
2019040600100199,2019년 4월 6일 10시,토요일,전라북도 익산시 신동,중상사고,0,2,0,0,차대차 - 측면충돌,신호위반,건조,맑음,교차로 - 교차로안,이륜,남,64세,중상,화물,남,29세,상해없음
2019040600100200,2019년 4월 6일 10시,토요일,전라북도 부안군 줄포면,경상사고,0,0,3,0,차대차 - 추돌,안전운전불이행,건조,맑음,단일로 - 기타,승용,여,37세,상해없음,승용,여,38세,경상
2019040600100270,2019년 4월 6일 12시,토요일,전라북도 전주시 완산구 중화산동2가,중상사고,0,1,3,0,차대차 - 기타,교차로운행방법위반,건조,맑음,교차로 - 교차로안,승용,여,39세,경상,승용,남,55세,중상
2019040600100314,2019년 4월 6일 13시,토요일,전라북도 전주시 완산구 서신동,경상사고,0,0,1,0,차대차 - 기타,교차로운행방법위반,건조,맑음,교차로 - 교차로안,승용,여,38세,상해없음,이륜,남,25세,경상
2019040600100353,2019년 4월 6일 14시,토요일,전라북도 익산시 여산면,경상사고,0,0,2,0,차대차 - 측면충돌,교차로운행방법위반,건조,맑음,교차로 - 교차로안,승용,남,39세,상해없음,승용,남,45세,경상
2019040600100391,2019년 4월 6일 15시,토요일,전라북도 정읍시 감곡면,경상사고,0,0,5,0,차대차 - 측면충돌,기타,건조,맑음,단일로 - 기타,승용,여,58세,상해없음,승용,남,58세,경상
2019040600100463,2019년 4월 6일 17시,토요일,전라북도 군산시 경암동,경상사고,0,0,1,0,차대사람 - 횡단중,안전운전불이행,건조,맑음,기타 - 기타,승용,여,66세,상해없음,보행자,여,39세,경상
2019040600100536,2019년 4월 6일 19시,토요일,전라북도 전주시 덕진구 송천동2가,경상사고,0,0,3,0,차대차 - 측면충돌,안전운전불이행,건조,맑음,교차로 - 교차로부근,승용,남,54세,상해없음,승용,남,38세,경상
2019040600100568,2019년 4월 6일 20시,토요일,전라북도 김제시 백구면,경상사고,0,0,2,0,차대차 - 추돌,안전운전불이행,건조,맑음,단일로 - 기타,승용,남,48세,상해없음,승용,남,27세,상해없음
2019040600100592,2019년 4월 6일 21시,토요일,전라북도 익산시 춘포면,경상사고,0,0,1,0,차대차 - 추돌,안전거리미확보,건조,흐림,교차로 - 교차로부근,승용,여,53세,상해없음,승용,남,44세,경상
2019040600100593,2019년 4월 6일 21시,토요일,전라북도 익산시 갈산동,사망사고,1,0,0,0,차대사람 - 보도통행중,보행자보호의무위반,건조,흐림,교차로 - 교차로횡단보도내,승합,남,50세,상해없음,보행자,남,66세,사망
2019040600100625,2019년 4월 6일 22시,토요일,전라북도 군산시 금암동,중상사고,0,1,2,0,차대차 - 측면충돌,신호위반,건조,맑음,교차로 - 교차로안,승용,여,52세,중상,승용,여,43세,경상
2019040600100639,2019년 4월 6일 23시,토요일,전라북도 전주시 덕진구 송천동2가,중상사고,0,1,0,0,차대차 - 정면충돌,신호위반,건조,맑음,교차로 - 교차로안,승용,여,55세,상해없음,이륜,남,35세,중상
2019040600100640,2019년 4월 6일 23시,토요일,전라북도 정읍시 수성동,경상사고,0,0,2,0,차대차 - 추돌,안전운전불이행,건조,맑음,교차로 - 교차로안,승용,남,48세,상해없음,승용,남,36세,경상
2019040700100071,2019년 4월 7일 03시,일요일,전라북도 군산시 수송동,중상사고,0,1,0,0,차대차 - 측면충돌,직진우회전진행방해,건조,맑음,교차로 - 교차로안,승용,남,28세,상해없음,승용,남,22세,중상
2019040700100072,2019년 4월 7일 03시,일요일,전라북도 군산시 나운동,중상사고,0,1,0,0,차대차 - 측면충돌,신호위반,건조,맑음,교차로 - 교차로안,승용,남,23세,상해없음,이륜,남,19세,중상
2019040700100073,2019년 4월 7일 03시,일요일,전라북도 군산시 나운동,경상사고,0,0,1,0,차대사람 - 횡단중,중앙선침범,젖음/습기,비,교차로 - 교차로횡단보도내,승용,남,55세,상해없음,보행자,남,25세,경상
2019040700100100,2019년 4월 7일 06시,일요일,전라북도 익산시 신동,중상사고,0,1,1,0,차대차 - 측면충돌,신호위반,건조,흐림,교차로 - 교차로안,승용,남,26세,상해없음,화물,남,55세,경상
2019040700100101,2019년 4월 7일 06시,일요일,전라북도 부안군 줄포면,중상사고,0,1,0,0,차량단독 - 도로외이탈 - 기타,안전운전불이행,젖음/습기,맑음,단일로 - 기타,승합,남,61세,중상,,,,
2019040700100117,2019년 4월 7일 08시,일요일,전라북도 익산시 동산동,경상사고,0,0,1,0,차대차 - 추돌,안전운전불이행,건조,맑음,교차로 - 교차로부근,승용,남,74세,상해없음,승용,남,61세,경상
2019040700100129,2019년 4월 7일 09시,일요일,전라북도 군산시 문화동,경상사고,0,0,5,0,차대차 - 측면충돌,직진우회전진행방해,건조,맑음,교차로 - 교차로안,승용,남,56세,상해없음,승용,남,42세,경상
2019040700100182,2019년 4월 7일 11시,일요일,전라북도 군산시 수송동,경상사고,0,0,3,0,차대차 - 기타,안전운전불이행,건조,맑음,교차로 - 교차로안,승용,남,58세,상해없음,승용,남,39세,경상
2019040700100183,2019년 4월 7일 11시,일요일,전라북도 김제시 부량면,경상사고,0,0,1,0,차대차 - 측면충돌,안전운전불이행,건조,맑음,교차로 - 교차로안,화물,남,65세,상해없음,화물,남,67세,경상
2019040700100235,2019년 4월 7일 13시,일요일,전라북도 군산시 비응도동,중상사고,0,1,0,0,차대차 - 기타,안전운전불이행,건조,맑음,교차로 - 교차로안,승용,남,64세,상해없음,이륜,남,47세,중상
2019040700100236,2019년 4월 7일 13시,일요일,전라북도 정읍시 송산동,경상사고,0,0,1,0,차대차 - 측면충돌,중앙선침범,건조,맑음,단일로 - 기타,승용,남,53세,상해없음,승용,남,34세,경상
2019040700100237,2019년 4월 7일 13시,일요일,전라북도 김제시 서암동,경상사고,0,0,4,0,차대차 - 측면충돌,중앙선침범,건조,맑음,단일로 - 기타,승용,여,25세,상해없음,승용,남,74세,경상
2019040700100238,2019년 4월 7일 13시,일요일,전라북도 고창군 무장면,중상사고,0,4,2,0,차대차 - 기타,신호위반,건조,맑음,교차로 - 교차로안,승용,남,53세,상해없음,승용,여,59세,경상
2019040700100239,2019년 4월 7일 13시,일요일,전라북도 부안군 변산면,중상사고,0,1,0,0,차대사람 - 기타,안전운전불이행,건조,흐림,교차로 - 교차로안,화물,남,62세,상해없음,보행자,남,19세,중상
2019040700100302,2019년 4월 7일 15시,일요일,전라북도 전주시 완산구 중노송동,중상사고,0,1,0,0,차대차 - 측면충돌,신호위반,건조,맑음,교차로 - 교차로안,승용,남,76세,상해없음,승용,남,67세,중상
2019040700100303,2019년 4월 7일 15시,일요일,전라북도 전주시 완산구 태평동,경상사고,0,0,2,0,차대차 - 측면충돌,중앙선침범,건조,맑음,단일로 - 기타,승용,남,52세,상해없음,승용,남,49세,경상
2019040700100304,2019년 4월 7일 15시,일요일,전라북도 군산시 비응도동,경상사고,0,0,1,0,차대차 - 측면충돌,신호위반,건조,맑음,교차로 - 교차로부근,승용,남,76세,상해없음,승용,남,34세,경상
2019040700100305,2019년 4월 7일 15시,일요일,전라북도 남원시 주천면,중상사고,0,1,0,0,차량단독 - 공작물충돌,안전운전불이행,젖음/습기,비,단일로 - 기타,승합,남,53세,상해없음,,,,
2019040700100306,2019년 4월 7일 15시,일요일,전라북도 순창군 금과면,중상사고,0,2,0,0,차대차 - 측면충돌,신호위반,젖음/습기,비,교차로 - 교차로안,승용,남,76세,상해없음,화물,남,71세,중상
2019040700100307,2019년 4월 7일 15시,일요일,전라북도 완주군 화산면,중상사고,0,1,0,0,차대차 - 측면충돌,안전운전불이행,건조,맑음,단일로 - 기타,승용,여,62세,상해없음,이륜,남,54세,중상
2019040700100345,2019년 4월 7일 16시,일요일,전라북도 전주시 덕진구 우아동3가,중상사고,0,1,0,0,차대차 - 측면충돌,직진우회전진행방해,건조,흐림,교차로 - 교차로안,승용,남,31세,상해없음,승용,여,49세,중상
2019040700100346,2019년 4월 7일 16시,일요일,전라북도 군산시 나운동,경상사고,0,0,9,0,차대차 - 추돌,안전운전불이행,건조,맑음,단일로 - 기타,승용,남,55세,상해없음,승합,남,52세,경상
2019040700100429,2019년 4월 7일 19시,일요일,전라북도 정읍시 수성동,중상사고,0,1,0,0,차대차 - 측면충돌,직진우회전진행방해,건조,맑음,교차로 - 교차로안,승합,남,61세,상해없음,승용,여,59세,중상
2019040700100485,2019년 4월 7일 21시,일요일,전라북도 전주시 덕진구 인후동1가,경상사고,0,0,1,0,차대차 - 추돌,안전운전불이행,건조,맑음,단일로 - 기타,승용,남,49세,상해없음,승용,남,39세,경상
2019040700100486,2019년 4월 7일 21시,일요일,전라북도 익산시 영등동,경상사고,0,0,1,0,차대차 - 측면충돌,차로위반,건조,맑음,단일로 - 기타,승용,남,41세,상해없음,이륜,남,37세,경상
2019040700100487,2019년 4월 7일 21시,일요일,전라북도 김제시 신풍동,중상사고,0,1,1,0,차대차 - 측면충돌,직진우회전진행방해,건조,맑음,교차로 - 교차로안,승용,남,37세,상해없음,승용,여,46세,경상
2019040800100074,2019년 4월 8일 06시,월요일,전라북도 순창군 팔덕면,중상사고,0,1,0,0,차대차 - 측면충돌,신호위반,건조,맑음,교차로 - 교차로안,화물,남,62세,상해없음,이륜,남,81세,중상
2019040800100145,2019년 4월 8일 08시,월요일,전라북도 전주시 완산구 중앙동3가,경상사고,0,0,1,0,차대차 - 측면충돌,불법유턴,건조,맑음,단일로 - 기타,승용,남,63세,상해없음,승용,여,23세,경상
2019040800100146,2019년 4월 8일 08시,월요일,전라북도 정읍시 태인면,중상사고,0,1,0,0,차대차 - 측면충돌,신호위반,건조,맑음,교차로 - 교차로안,승용,여,57세,상해없음,이륜,남,71세,중상
2019040800100193,2019년 4월 8일 09시,월요일,전라북도 전주시 덕진구 여의동,경상사고,0,0,1,0,차대차 - 기타,불법유턴,건조,맑음,단일로 - 기타,승용,여,47세,상해없음,승용,남,41세,경상
2019040800100194,2019년 4월 8일 09시,월요일,전라북도 고창군 고창읍,경상사고,0,0,1,0,차대차 - 측면충돌,교차로운행방법위반,건조,맑음,교차로 - 교차로부근,화물,남,58세,상해없음,이륜,남,77세,경상
2019040800100195,2019년 4월 8일 09시,월요일,전라북도 완주군 삼례읍,부상신고사고,0,0,0,1,차대차 - 추돌,안전거리미확보,건조,맑음,교차로 - 교차로부근,승용,남,62세,상해없음,화물,남,65세,부상신고
2019040800100260,2019년 4월 8일 11시,월요일,전라북도 완주군 화산면,경상사고,0,0,1,0,차량단독 - 도로외이탈 - 추락,안전운전불이행,건조,맑음,단일로 - 기타,화물,남,60세,상해없음,,,,
2019040800100292,2019년 4월 8일 12시,월요일,전라북도 전주시 덕진구 팔복동2가,경상사고,0,0,1,0,차대차 - 기타,기타,건조,맑음,교차로 - 교차로안,승용,여,29세,상해없음,승용,남,57세,경상
2019040800100293,2019년 4월 8일 12시,월요일,전라북도 정읍시 고부면,경상사고,0,0,1,0,차대차 - 측면충돌,신호위반,건조,맑음,교차로 - 교차로안,승용,여,52세,상해없음,이륜,남,67세,경상
2019040800100294,2019년 4월 8일 12시,월요일,전라북도 부안군 동진면,경상사고,0,0,3,0,차대차 - 측면충돌,안전운전불이행,건조,맑음,교차로 - 교차로안,승용,남,51세,경상,승용,남,66세,경상
2019040800100326,2019년 4월 8일 13시,월요일,전라북도 고창군 아산면,중상사고,0,1,0,0,차대차 - 측면충돌,안전운전불이행,건조,맑음,단일로 - 기타,승용,남,30세,상해없음,승용,남,51세,중상
2019040800100354,2019년 4월 8일 14시,월요일,전라북도 전주시 완산구 평화동1가,중상사고,0,1,0,0,차대차 - 기타,안전운전불이행,건조,맑음,기타 - 기타,원동기,남,66세,상해없음,승용,남,39세,상해없음
2019040800100419,2019년 4월 8일 16시,월요일,전라북도 전주시 완산구 동서학동,중상사고,0,1,0,0,차대사람 - 횡단중,교차로운행방법위반,건조,맑음,단일로 - 기타,승용,남,46세,기타불명,보행자,여,79세,중상
2019040800100420,2019년 4월 8일 16시,월요일,전라북도 순창군 순창읍,경상사고,0,0,1,0,차대차 - 측면충돌,직진우회전진행방해,건조,맑음,교차로 - 교차로안,승용,남,60세,상해없음,승용,남,60세,경상
2019040800100460,2019년 4월 8일 17시,월요일,전라북도 남원시 금동,중상사고,0,1,0,0,차대사람 - 기타,안전운전불이행,건조,맑음,단일로 - 기타,승합,남,50세,상해없음,보행자,여,65세,중상
2019040800100504,2019년 4월 8일 18시,월요일,전라북도 전주시 완산구 중화산동2가,중상사고,0,1,0,0,차대차 - 측면충돌,신호위반,건조,맑음,교차로 - 교차로안,이륜,남,63세,중상,승용,여,63세,상해없음
2019040800100547,2019년 4월 8일 19시,월요일,전라북도 익산시 영등동,경상사고,0,0,1,0,차대차 - 측면충돌,직진우회전진행방해,건조,맑음,교차로 - 교차로안,승용,여,27세,상해없음,이륜,남,23세,경상
2019040800100548,2019년 4월 8일 19시,월요일,전라북도 남원시 금동,경상사고,0,0,1,0,차대차 - 기타,안전운전불이행,건조,맑음,단일로 - 기타,승용,남,58세,상해없음,승용,남,46세,경상
2019040800100549,2019년 4월 8일 19시,월요일,전라북도 완주군 삼례읍,중상사고,0,2,0,0,차대차 - 측면충돌,신호위반,건조,맑음,교차로 - 교차로안,승용,남,53세,중상,농기계,남,75세,중상
2019040800100583,2019년 4월 8일 20시,월요일,전라북도 정읍시 연지동,중상사고,0,1,0,0,차대차 - 측면충돌,안전운전불이행,건조,맑음,교차로 - 교차로안,승용,남,64세,상해없음,자전거,남,50세,중상
2019040800100608,2019년 4월 8일 21시,월요일,전라북도 익산시 마동,경상사고,0,0,2,0,차대차 - 측면충돌,직진우회전진행방해,건조,맑음,교차로 - 교차로안,승용,여,55세,상해없음,승용,남,43세,경상
2019040800100609,2019년 4월 8일 21시,월요일,전라북도 익산시 부송동,경상사고,0,0,1,0,차대사람 - 횡단중,안전운전불이행,건조,맑음,단일로 - 기타,승용,남,56세,상해없음,보행자,남,52세,경상
2019040800100650,2019년 4월 8일 23시,월요일,전라북도 정읍시 연지동,경상사고,0,0,2,0,차대차 - 측면충돌,신호위반,건조,맑음,교차로 - 교차로안,승용,남,22세,상해없음,승용,남,58세,경상
2019040900100164,2019년 4월 9일 09시,화요일,전라북도 익산시 금강동,경상사고,0,0,1,0,차대차 - 측면충돌,안전운전불이행,건조,맑음,교차로 - 교차로안,승용,남,51세,상해없음,승용,여,43세,경상
2019040900100165,2019년 4월 9일 09시,화요일,전라북도 정읍시 금붕동,경상사고,0,0,1,0,차대차 - 측면충돌,중앙선침범,건조,맑음,단일로 - 기타,화물,남,73세,상해없음,화물,남,64세,경상
2019040900100191,2019년 4월 9일 10시,화요일,전라북도 고창군 무장면,경상사고,0,0,1,0,차대차 - 측면충돌,신호위반,건조,맑음,교차로 - 교차로안,건설기계,남,29세,상해없음,승용,여,70세,경상
2019040900100331,2019년 4월 9일 15시,화요일,전라북도 김제시 진봉면,경상사고,0,0,4,0,차대차 - 추돌,안전운전불이행,건조,흐림,교차로 - 교차로부근,승용,남,70세,상해없음,승용,남,61세,경상
2019040900100332,2019년 4월 9일 15시,화요일,전라북도 장수군 천천면,경상사고,0,0,1,0,차대사람 - 길가장자리구역통행중,안전운전불이행,젖음/습기,비,단일로 - 기타,화물,남,76세,상해없음,보행자,여,75세,경상
2019040900100360,2019년 4월 9일 16시,화요일,전라북도 군산시 내초동,경상사고,0,0,6,0,차대차 - 추돌,안전운전불이행,젖음/습기,비,교차로 - 교차로부근,화물,남,29세,상해없음,화물,남,57세,경상
2019040900100361,2019년 4월 9일 16시,화요일,전라북도 남원시 천거동,중상사고,0,1,0,0,차대사람 - 횡단중,안전운전불이행,젖음/습기,비,단일로 - 기타,승용,남,41세,상해없음,보행자,여,75세,중상
2019040900100395,2019년 4월 9일 17시,화요일,전라북도 전주시 완산구 중화산동2가,중상사고,0,1,0,0,차대차 - 추돌,안전운전불이행,젖음/습기,비,단일로 - 지하차도(도로)내,승용,남,26세,상해없음,승용,여,29세,중상
2019040900100443,2019년 4월 9일 18시,화요일,전라북도 군산시 나운동,중상사고,0,1,0,0,차대차 - 추돌,안전운전불이행,젖음/습기,비,단일로 - 기타,이륜,남,22세,상해없음,승용,여,48세,중상
2019040900100559,2019년 4월 9일 20시,화요일,전라북도 군산시 나운동,중상사고,0,1,0,0,차대차 - 추돌,안전운전불이행,젖음/습기,비,단일로 - 지하차도(도로)내,화물,남,70세,상해없음,이륜,남,36세,중상
2019040900100615,2019년 4월 9일 21시,화요일,전라북도 전주시 완산구 효자동2가,경상사고,0,0,3,0,차대차 - 추돌,안전운전불이행,젖음/습기,비,단일로 - 기타,승용,남,53세,상해없음,승용,여,64세,경상
2019040900100616,2019년 4월 9일 21시,화요일,전라북도 전주시 덕진구 덕진동1가,경상사고,0,0,2,0,차대차 - 측면충돌,안전운전불이행,젖음/습기,비,교차로 - 교차로횡단보도내,승용,남,68세,상해없음,승용,여,28세,경상
2019040900100617,2019년 4월 9일 21시,화요일,전라북도 군산시 나운동,경상사고,0,0,1,0,차대차 - 추돌,교차로운행방법위반,젖음/습기,비,교차로 - 교차로안,승용,여,30세,상해없음,이륜,남,23세,경상
2019040900100618,2019년 4월 9일 21시,화요일,전라북도 군산시 지곡동,경상사고,0,0,2,0,차대차 - 측면충돌,교차로운행방법위반,젖음/습기,비,교차로 - 교차로안,승합,남,42세,상해없음,승용,남,28세,경상
2019040900100676,2019년 4월 9일 22시,화요일,전라북도 전주시 완산구 경원동1가,경상사고,0,0,2,0,차대차 - 측면충돌,중앙선침범,젖음/습기,비,교차로 - 교차로부근,승용,여,26세,상해없음,승용,남,56세,경상
2019040900100738,2019년 4월 9일 23시,화요일,전라북도 전주시 완산구 효자동1가,중상사고,0,1,1,0,차대차 - 측면충돌,신호위반,젖음/습기,비,교차로 - 교차로안,화물,남,42세,상해없음,승용,남,25세,중상
2019041000100081,2019년 4월 10일 03시,수요일,전라북도 익산시 신동,부상신고사고,0,0,0,1,차대차 - 측면충돌,안전운전불이행,젖음/습기,비,단일로 - 기타,기타불명,기타불명,미분류,기타불명,승용,남,65세,부상신고
2019041000100150,2019년 4월 10일 08시,수요일,전라북도 남원시 이백면,중상사고,0,1,0,0,차대차 - 측면충돌,교차로운행방법위반,건조,흐림,교차로 - 교차로부근,이륜,여,75세,중상,승용,여,63세,상해없음
2019041000100218,2019년 4월 10일 10시,수요일,전라북도 전주시 덕진구 인후동1가,중상사고,0,1,0,0,차대사람 - 횡단중,보행자보호의무위반,젖음/습기,비,교차로 - 교차로안,승용,남,78세,상해없음,보행자,남,77세,중상