사고번호,사고일시,요일,시군구,사고내용,사망자수,중상자수,경상자수,부상신고자수,사고유형,법규위반,노면상태,기상상태,도로형태,가해운전자 차종,가해운전자 성별,가해운전자 연령,가해운전자 상해정도,피해운전자 차종,피해운전자 성별,피해운전자 연령,피해운전자 상해정도
2019050500100300,2019년 5월 5일 14시,일요일,전라북도 김제시 순동,경상사고,0,0,2,0,차대차 - 측면충돌,신호위반,건조,맑음,교차로 - 교차로안,승용,남,23세,상해없음,승용,남,55세,경상
2019050500100344,2019년 5월 5일 15시,일요일,전라북도 익산시 모현동1가,경상사고,0,0,1,0,차대차 - 측면충돌,직진우회전진행방해,건조,맑음,교차로 - 교차로안,승용,남,36세,상해없음,승용,여,33세,상해없음
2019050500100390,2019년 5월 5일 16시,일요일,전라북도 남원시 금지면,사망사고,1,0,0,0,차대차 - 측면충돌,과속,건조,맑음,교차로 - 교차로안,승용,남,52세,상해없음,이륜,남,55세,사망
2019050500100425,2019년 5월 5일 17시,일요일,전라북도 전주시 덕진구 송천동2가,경상사고,0,0,2,0,차대차 - 측면충돌,불법유턴,건조,맑음,교차로 - 교차로횡단보도내,승용,남,71세,상해없음,승용,남,60세,경상
2019050500100426,2019년 5월 5일 17시,일요일,전라북도 전주시 덕진구 덕진동1가,경상사고,0,0,1,0,차대차 - 측면충돌,신호위반,건조,맑음,교차로 - 교차로안,승용,남,59세,상해없음,승용,남,46세,경상
2019050500100460,2019년 5월 5일 18시,일요일,전라북도 군산시 산북동,경상사고,0,0,2,0,차대차 - 측면충돌,교차로운행방법위반,건조,맑음,교차로 - 교차로안,승용,여,55세,상해없음,승용,남,28세,경상
2019050500100461,2019년 5월 5일 18시,일요일,전라북도 익산시 모현동1가,경상사고,0,0,1,0,차대사람 - 기타,안전운전불이행,건조,맑음,단일로 - 기타,승용,남,41세,상해없음,보행자,남,38세,경상
2019050500100462,2019년 5월 5일 18시,일요일,전라북도 남원시 인월면,경상사고,0,0,2,0,차대차 - 추돌,안전운전불이행,건조,맑음,교차로 - 교차로부근,화물,남,57세,경상,이륜,남,50세,경상
2019050500100494,2019년 5월 5일 19시,일요일,전라북도 고창군 성내면,중상사고,0,2,1,0,차대차 - 측면충돌,신호위반,건조,맑음,교차로 - 교차로안,화물,남,55세,상해없음,화물,남,70세,중상
2019050500100525,2019년 5월 5일 20시,일요일,전라북도 전주시 덕진구 덕진동1가,경상사고,0,0,1,0,차대차 - 추돌,안전운전불이행,건조,맑음,단일로 - 기타,승용,남,62세,상해없음,승용,남,31세,경상
2019050500100558,2019년 5월 5일 21시,일요일,전라북도 전주시 완산구 효자동3가,경상사고,0,0,2,0,차대차 - 측면충돌,중앙선침범,건조,맑음,교차로 - 교차로안,승합,남,46세,상해없음,승용,남,19세,경상
2019050500100559,2019년 5월 5일 21시,일요일,전라북도 군산시 옥도면,경상사고,0,0,5,0,차대차 - 기타,안전운전불이행,건조,맑음,교차로 - 교차로안,승용,여,57세,상해없음,승용,남,43세,경상
2019050600100100,2019년 5월 6일 07시,월요일,전라북도 전주시 완산구 중앙동1가,중상사고,0,1,0,0,차대차 - 측면충돌,차로위반,건조,맑음,단일로 - 기타,승용,여,22세,상해없음,승합,남,50세,중상
2019050600100115,2019년 5월 6일 08시,월요일,전라북도 정읍시 시기동,중상사고,0,1,0,0,차대사람 - 기타,안전운전불이행,건조,맑음,교차로 - 교차로안,승용,남,48세,상해없음,보행자,남,85세,중상
2019050600100159,2019년 5월 6일 10시,월요일,전라북도 익산시 남중동,경상사고,0,0,1,0,차대차 - 측면충돌,안전운전불이행,건조,맑음,단일로 - 기타,승용,여,53세,상해없음,이륜,남,38세,경상
2019050600100160,2019년 5월 6일 10시,월요일,전라북도 부안군 주산면,경상사고,0,0,1,0,차대차 - 기타,안전운전불이행,건조,맑음,단일로 - 기타,승용,남,76세,상해없음,승용,여,53세,경상
2019050600100181,2019년 5월 6일 11시,월요일,전라북도 익산시 인화동2가,경상사고,0,0,1,0,차대차 - 측면충돌,신호위반,건조,맑음,교차로 - 교차로안,승용,여,40세,상해없음,화물,남,45세,경상
2019050600100182,2019년 5월 6일 11시,월요일,전라북도 완주군 소양면,중상사고,0,1,0,0,차대차 - 기타,중앙선침범,건조,맑음,단일로 - 기타,승용,남,60세,상해없음,자전거,여,48세,중상
2019050600100215,2019년 5월 6일 12시,월요일,전라북도 전주시 덕진구 금암동,경상사고,0,0,3,0,차대차 - 기타,안전운전불이행,건조,맑음,단일로 - 기타,건설기계,남,58세,상해없음,승용,남,42세,경상
2019050600100216,2019년 5월 6일 12시,월요일,전라북도 김제시 흥사동,중상사고,0,1,2,0,차대차 - 측면충돌,신호위반,건조,맑음,교차로 - 교차로안,승용,남,54세,경상,승용,남,70세,경상
2019050600100249,2019년 5월 6일 13시,월요일,전라북도 익산시 오산면,경상사고,0,0,1,0,차대차 - 추돌,안전운전불이행,건조,맑음,교차로 - 교차로부근,승용,남,46세,상해없음,승용,남,55세,경상
2019050600100250,2019년 5월 6일 13시,월요일,전라북도 정읍시 시기동,경상사고,0,0,1,0,차대차 - 측면충돌,안전운전불이행,건조,맑음,교차로 - 교차로안,승용,남,51세,상해없음,화물,남,68세,경상
2019050600100296,2019년 5월 6일 14시,월요일,전라북도 전주시 덕진구 용정동,경상사고,0,0,4,0,차대차 - 기타,안전운전불이행,건조,맑음,단일로 - 기타,승합,남,54세,상해없음,승용,남,61세,경상
2019050600100297,2019년 5월 6일 14시,월요일,전라북도 김제시 금산면,경상사고,0,0,2,0,차대차 - 기타,안전거리미확보,건조,맑음,단일로 - 기타,특수,남,60세,상해없음,승용,남,67세,경상
2019050600100380,2019년 5월 6일 16시,월요일,전라북도 익산시 마동,경상사고,0,0,1,0,차대사람 - 횡단중,보행자보호의무위반,건조,맑음,교차로 - 교차로안,승용,남,35세,상해없음,보행자,여,31세,경상
2019050600100425,2019년 5월 6일 17시,월요일,전라북도 익산시 황등면,경상사고,0,0,2,0,차대차 - 측면충돌,직진우회전진행방해,건조,맑음,교차로 - 교차로안,승용,남,32세,상해없음,승용,여,32세,경상
2019050600100468,2019년 5월 6일 18시,월요일,전라북도 익산시 어양동,중상사고,0,1,0,0,차대차 - 측면충돌,안전운전불이행,건조,맑음,단일로 - 기타,승용,남,63세,상해없음,자전거,남,44세,중상
2019050600100469,2019년 5월 6일 18시,월요일,전라북도 부안군 부안읍,중상사고,0,2,0,0,차대사람 - 횡단중,보행자보호의무위반,건조,맑음,교차로 - 교차로부근,승용,여,41세,상해없음,보행자,여,46세,중상
2019050600100504,2019년 5월 6일 19시,월요일,전라북도 군산시 수송동,경상사고,0,0,1,0,차대차 - 측면충돌,중앙선침범,건조,맑음,교차로 - 교차로부근,이륜,남,18세,경상,승용,남,48세,상해없음
2019050600100505,2019년 5월 6일 19시,월요일,전라북도 익산시 신흥동,경상사고,0,0,1,0,차대차 - 측면충돌,신호위반,건조,맑음,교차로 - 교차로안,승용,여,49세,상해없음,승용,남,21세,경상
2019050600100506,2019년 5월 6일 19시,월요일,전라북도 부안군 부안읍,중상사고,0,1,0,0,차대차 - 측면충돌,직진우회전진행방해,건조,맑음,교차로 - 교차로안,승용,남,42세,상해없음,자전거,여,50세,중상
2019050600100562,2019년 5월 6일 21시,월요일,전라북도 전주시 덕진구 덕진동2가,중상사고,0,1,0,0,차대차 - 측면충돌,신호위반,건조,맑음,교차로 - 교차로안,화물,남,46세,상해없음,승용,여,45세,중상
2019050600100563,2019년 5월 6일 21시,월요일,전라북도 익산시 여산면,부상신고사고,0,0,0,1,차량단독 - 기타,안전운전불이행,건조,맑음,단일로 - 기타,이륜,남,36세,부상신고,,,,
2019050600100585,2019년 5월 6일 22시,월요일,전라북도 익산시 어양동,경상사고,0,0,2,0,차대차 - 측면충돌,신호위반,건조,맑음,교차로 - 교차로부근,이륜,남,20세,상해없음,승용,남,43세,상해없음
2019050600100586,2019년 5월 6일 22시,월요일,전라북도 익산시 신동,경상사고,0,0,1,0,차대차 - 측면충돌,직진우회전진행방해,건조,맑음,교차로 - 교차로안,승용,여,27세,상해없음,승용,남,19세,상해없음
2019050700100047,2019년 5월 7일 01시,화요일,전라북도 전주시 완산구 중화산동2가,경상사고,0,0,1,0,차대차 - 정면충돌,신호위반,건조,기타,교차로 - 교차로안,승용,남,48세,상해없음,승용,여,56세,경상
2019050700100066,2019년 5월 7일 05시,화요일,전라북도 전주시 완산구 삼천동2가,중상사고,0,1,0,0,차대차 - 측면충돌,신호위반,건조,기타,교차로 - 교차로안,승용,남,57세,상해없음,승용,여,53세,중상
2019050700100077,2019년 5월 7일 06시,화요일,전라북도 전주시 덕진구 인후동1가,중상사고,0,1,0,0,차대차 - 측면충돌,직진우회전진행방해,건조,맑음,교차로 - 교차로안,승용,남,44세,상해없음,승용,남,58세,중상
2019050700100078,2019년 5월 7일 06시,화요일,전라북도 군산시 수송동,경상사고,0,0,3,0,차대차 - 측면충돌,신호위반,건조,맑음,교차로 - 교차로안,승용,여,49세,경상,승용,남,71세,경상
2019050700100097,2019년 5월 7일 07시,화요일,전라북도 전주시 완산구 중노송동,경상사고,0,0,1,0,차대사람 - 보도통행중,신호위반,건조,맑음,교차로 - 교차로횡단보도내,승용,여,24세,상해없음,보행자,여,16세,경상
2019050700100098,2019년 5월 7일 07시,화요일,전라북도 부안군 동진면,사망사고,1,0,0,0,차량단독 - 공작물충돌,안전운전불이행,건조,맑음,단일로 - 기타,화물,남,71세,상해없음,,,,
2019050700100143,2019년 5월 7일 08시,화요일,전라북도 전주시 덕진구 진북동,경상사고,0,0,1,0,차대사람 - 기타,안전운전불이행,건조,맑음,교차로 - 교차로안,승용,남,36세,상해없음,보행자,남,30세,경상
2019050700100144,2019년 5월 7일 08시,화요일,전라북도 익산시 신동,경상사고,0,0,2,0,차대차 - 추돌,안전거리미확보,건조,맑음,교차로 - 교차로부근,승용,남,23세,상해없음,승용,남,46세,경상
2019050700100195,2019년 5월 7일 09시,화요일,전라북도 전주시 완산구 효자동1가,경상사고,0,0,1,0,차대사람 - 횡단중,신호위반,건조,맑음,교차로 - 교차로안,승용,남,50세,상해없음,보행자,여,69세,경상
2019050700100196,2019년 5월 7일 09시,화요일,전라북도 군산시 산북동,중상사고,0,1,0,0,차대사람 - 차도통행중,안전운전불이행,건조,맑음,교차로 - 교차로안,승용,여,41세,상해없음,보행자,여,55세,중상
2019050700100197,2019년 5월 7일 09시,화요일,전라북도 진안군 진안읍,경상사고,0,0,4,0,차대차 - 측면충돌,안전운전불이행,건조,맑음,교차로 - 교차로부근,화물,남,76세,상해없음,승용,남,73세,경상
2019050700100238,2019년 5월 7일 10시,화요일,전라북도 군산시 개정면,사망사고,1,0,0,0,차대차 - 측면충돌,직진우회전진행방해,건조,맑음,교차로 - 교차로부근,농기계,남,67세,사망,화물,남,67세,상해없음
2019050700100239,2019년 5월 7일 10시,화요일,전라북도 군산시 옥산면,경상사고,0,0,1,0,차대차 - 측면충돌,안전운전불이행,건조,맑음,기타 - 기타,건설기계,남,45세,상해없음,승용,남,34세,경상
2019050700100308,2019년 5월 7일 12시,화요일,전라북도 정읍시 수성동,경상사고,0,0,1,0,차대차 - 측면충돌,신호위반,건조,맑음,교차로 - 교차로안,화물,남,43세,상해없음,승용,남,37세,경상
2019050700100309,2019년 5월 7일 12시,화요일,전라북도 무주군 무주읍,중상사고,0,1,0,0,차대차 - 측면충돌,안전운전불이행,건조,맑음,교차로 - 교차로안,승용,남,38세,상해없음,승용,남,25세,중상
2019050700100391,2019년 5월 7일 14시,화요일,전라북도 군산시 옥구읍,중상사고,0,1,0,0,차대차 - 측면충돌,직진우회전진행방해,건조,맑음,교차로 - 교차로안,이륜,남,71세,중상,승용,여,74세,상해없음
2019050700100433,2019년 5월 7일 15시,화요일,전라북도 완주군 용진읍,경상사고,0,0,2,0,차대차 - 측면충돌,안전운전불이행,건조,맑음,단일로 - 기타,승용,남,81세,경상,승용,남,43세,경상
2019050700100436,2019년 5월 7일 15시,화요일,전라북도 익산시 왕궁면,중상사고,0,1,0,0,차대사람 - 기타,안전운전불이행,건조,맑음,단일로 - 기타,화물,남,26세,상해없음,보행자,남,46세,중상
2019050700100477,2019년 5월 7일 16시,화요일,전라북도 익산시 마동,경상사고,0,0,2,0,차대차 - 추돌,안전거리미확보,건조,맑음,단일로 - 기타,승용,남,63세,상해없음,승용,남,47세,경상
2019050700100518,2019년 5월 7일 17시,화요일,전라북도 전주시 완산구 효자동3가,경상사고,0,0,2,0,차대차 - 추돌,안전운전불이행,건조,맑음,단일로 - 기타,승용,남,67세,상해없음,화물,남,54세,경상
2019050700100519,2019년 5월 7일 17시,화요일,전라북도 익산시 용제동,경상사고,0,0,1,0,차대차 - 측면충돌,교차로운행방법위반,건조,맑음,교차로 - 교차로안,승용,남,60세,상해없음,원동기,남,55세,경상
2019050700100520,2019년 5월 7일 17시,화요일,전라북도 김제시 요촌동,경상사고,0,0,1,0,차대차 - 측면충돌,신호위반,건조,맑음,교차로 - 교차로안,승용,남,38세,상해없음,사륜오토바이(ATV),남,21세,상해없음
2019050700100521,2019년 5월 7일 17시,화요일,전라북도 진안군 동향면,중상사고,0,1,0,0,차량단독 - 기타,안전운전불이행,건조,맑음,기타 - 기타,농기계,남,80세,중상,,,,
2019050700100629,2019년 5월 7일 19시,화요일,전라북도 군산시 문화동,경상사고,0,0,1,0,차대차 - 추돌,안전운전불이행,건조,맑음,단일로 - 지하차도(도로)내,승용,여,42세,상해없음,승용,여,56세,경상
2019050700100667,2019년 5월 7일 20시,화요일,전라북도 전주시 완산구 효자동1가,경상사고,0,0,1,0,차대사람 - 기타,안전운전불이행,건조,맑음,기타 - 기타,승용,남,41세,상해없음,보행자,여,52세,경상
2019050700100712,2019년 5월 7일 22시,화요일,전라북도 군산시 서흥남동,경상사고,0,0,1,0,차대사람 - 차도통행중,안전운전불이행,건조,맑음,교차로 - 교차로안,승합,남,57세,상해없음,보행자,남,59세,경상
2019050800100038,2019년 5월 8일 00시,수요일,전라북도 군산시 문화동,중상사고,0,1,0,0,차대사람 - 길가장자리구역통행중,안전운전불이행,건조,맑음,단일로 - 지하차도(도로)내,승용,남,73세,상해없음,보행자,남,62세,중상
2019050800100093,2019년 5월 8일 07시,수요일,전라북도 군산시 나운동,중상사고,0,2,0,0,차대차 - 측면충돌,신호위반,건조,맑음,교차로 - 교차로안,승용,남,68세,중상,승용,남,24세,중상
2019050800100094,2019년 5월 8일 07시,수요일,전라북도 정읍시 입암면,경상사고,0,0,1,0,차대차 - 기타,중앙선침범,건조,맑음,기타 - 기타,승용,남,57세,상해없음,승용,남,29세,경상
2019050800100095,2019년 5월 8일 07시,수요일,전라북도 정읍시 소성면,경상사고,0,0,2,0,차대차 - 추돌,안전운전불이행,건조,맑음,기타 - 기타,승용,남,49세,상해없음,승용,여,50세,경상
2019050800100096,2019년 5월 8일 07시,수요일,전라북도 김제시 죽산면,경상사고,0,0,4,0,차대차 - 측면충돌,직진우회전진행방해,건조,맑음,교차로 - 교차로안,화물,남,37세,경상,화물,남,74세,경상
2019050800100097,2019년 5월 8일 07시,수요일,전라북도 부안군 부안읍,중상사고,0,1,0,0,차대차 - 측면충돌,기타,건조,맑음,단일로 - 기타,승용,여,52세,상해없음,이륜,여,56세,중상
2019050800100141,2019년 5월 8일 08시,수요일,전라북도 군산시 조촌동,경상사고,0,0,1,0,차대차 - 측면충돌,신호위반,건조,맑음,교차로 - 교차로안,승용,남,50세,상해없음,승용,남,34세,경상
2019050800100142,2019년 5월 8일 08시,수요일,전라북도 익산시 삼기면,경상사고,0,0,1,0,차대차 - 정면충돌,신호위반,건조,맑음,교차로 - 교차로안,화물,남,60세,상해없음,승용,여,26세,경상
2019050800100143,2019년 5월 8일 08시,수요일,전라북도 익산시 팔봉동,중상사고,0,1,0,0,차대차 - 기타,교차로운행방법위반,건조,맑음,교차로 - 교차로안,승용,남,21세,상해없음,이륜,남,43세,중상
2019050800100144,2019년 5월 8일 08시,수요일,전라북도 완주군 운주면,중상사고,0,1,0,0,차량단독 - 기타,기타,건조,맑음,단일로 - 기타,승합,남,67세,상해없음,,,,
2019050800100175,2019년 5월 8일 09시,수요일,전라북도 군산시 임피면,경상사고,0,0,1,0,차대차 - 측면충돌,안전운전불이행,건조,맑음,교차로 - 교차로안,화물,남,59세,기타불명,승용,여,45세,경상
2019050800100176,2019년 5월 8일 09시,수요일,전라북도 순창군 순창읍,중상사고,0,1,0,0,차대차 - 기타,안전운전불이행,건조,맑음,단일로 - 기타,승용,여,35세,상해없음,화물,남,29세,중상
2019050800100228,2019년 5월 8일 10시,수요일,전라북도 부안군 주산면,경상사고,0,0,2,0,차대차 - 측면충돌,신호위반,건조,맑음,교차로 - 교차로안,승용,남,38세,경상,화물,남,63세,경상
2019050800100297,2019년 5월 8일 12시,수요일,전라북도 익산시 함열읍,중상사고,0,1,0,0,차대차 - 측면충돌,교차로운행방법위반,건조,맑음,교차로 - 교차로안,승용,남,76세,상해없음,승용,남,73세,중상
2019050800100328,2019년 5월 8일 13시,수요일,전라북도 전주시 덕진구 덕진동2가,경상사고,0,0,1,0,차대차 - 측면충돌,신호위반,건조,맑음,교차로 - 교차로안,승용,여,34세,상해없음,승용,남,38세,경상
2019050800100329,2019년 5월 8일 13시,수요일,전라북도 군산시 오식도동,경상사고,0,0,2,0,차대차 - 측면충돌,중앙선침범,건조,맑음,단일로 - 기타,승용,여,41세,상해없음,승용,남,39세,경상
2019050800100330,2019년 5월 8일 13시,수요일,전라북도 정읍시 하북동,중상사고,0,1,0,0,차대차 - 측면충돌,차로위반,건조,맑음,단일로 - 기타,화물,남,51세,상해없음,이륜,남,77세,중상
2019050800100361,2019년 5월 8일 14시,수요일,전라북도 전주시 완산구 효자동1가,중상사고,0,1,1,0,차대사람 - 횡단중,신호위반,건조,맑음,단일로 - 기타,승용,여,52세,경상,보행자,여,44세,중상
2019050800100397,2019년 5월 8일 15시,수요일,전라북도 남원시 향교동,중상사고,0,1,0,0,차대차 - 추돌,안전운전불이행,건조,맑음,단일로 - 기타,이륜,남,81세,상해없음,승용,남,59세,상해없음
2019050800100448,2019년 5월 8일 16시,수요일,전라북도 군산시 중앙로1가,중상사고,0,1,0,0,차대사람 - 차도통행중,안전운전불이행,건조,맑음,단일로 - 기타,승용,남,56세,상해없음,보행자,여,35세,중상
2019050800100449,2019년 5월 8일 16시,수요일,전라북도 군산시 나운동,경상사고,0,0,1,0,차대차 - 측면충돌,신호위반,건조,맑음,교차로 - 교차로안,승용,여,57세,상해없음,승용,여,55세,경상
2019050800100492,2019년 5월 8일 17시,수요일,전라북도 김제시 신풍동,중상사고,0,1,0,0,차대사람 - 기타,안전운전불이행,건조,맑음,기타 - 기타,승용,남,61세,상해없음,보행자,남,64세,중상
2019050800100542,2019년 5월 8일 18시,수요일,전라북도 김제시 성덕면,경상사고,0,0,3,0,차대차 - 측면충돌,안전운전불이행,건조,맑음,교차로 - 교차로안,화물,남,49세,상해없음,화물,남,48세,경상
2019050800100585,2019년 5월 8일 19시,수요일,전라북도 전주시 완산구 중화산동2가,경상사고,0,0,2,0,차대차 - 측면충돌,신호위반,건조,맑음,교차로 - 교차로안,승용,남,76세,상해없음,승용,남,43세,경상
2019050800100586,2019년 5월 8일 19시,수요일,전라북도 완주군 용진읍,경상사고,0,0,4,0,차대차 - 추돌,안전거리미확보,건조,맑음,단일로 - 기타,승용,남,34세,상해없음,승용,남,40세,경상
2019050800100627,2019년 5월 8일 20시,수요일,전라북도 군산시 개정동,경상사고,0,0,3,0,차대차 - 추돌,안전운전불이행,건조,맑음,단일로 - 기타,승용,여,23세,경상,승용,남,71세,경상
2019050800100663,2019년 5월 8일 21시,수요일,전라북도 전주시 완산구 효자동1가,경상사고,0,0,2,0,차대차 - 기타,차로위반,건조,맑음,단일로 - 기타,승용,남,37세,상해없음,승용,여,48세,경상
2019050800100664,2019년 5월 8일 21시,수요일,전라북도 군산시 수송동,경상사고,0,0,1,0,차대차 - 측면충돌,기타,건조,맑음,단일로 - 기타,승용,남,45세,상해없음,이륜,남,23세,경상
2019050800100687,2019년 5월 8일 22시,수요일,전라북도 군산시 미장동,부상신고사고,0,0,0,1,차대사람 - 횡단중,안전운전불이행,건조,기타,교차로 - 교차로안,승용,여,55세,상해없음,보행자,남,61세,부상신고
2019050900100033,2019년 5월 9일 00시,목요일,전라북도 고창군 고창읍,중상사고,0,1,3,0,차대차 - 측면충돌,신호위반,건조,맑음,교차로 - 교차로안,승용,여,24세,경상,승용,남,30세,중상
2019050900100074,2019년 5월 9일 06시,목요일,전라북도 정읍시 영원면,중상사고,0,1,0,0,차대차 - 측면충돌,직진우회전진행방해,건조,맑음,교차로 - 교차로안,이륜,남,77세,중상,승용,여,32세,상해없음
2019050900100100,2019년 5월 9일 07시,목요일,전라북도 군산시 소룡동,경상사고,0,0,5,0,차대차 - 측면충돌,직진우회전진행방해,건조,맑음,교차로 - 교차로안,승용,남,42세,경상,승용,남,44세,경상
2019050900100101,2019년 5월 9일 07시,목요일,전라북도 익산시 덕기동,경상사고,0,0,3,0,차대차 - 측면충돌,안전거리미확보,건조,맑음,단일로 - 기타,화물,남,67세,상해없음,승용,남,50세,경상
2019050900100186,2019년 5월 9일 09시,목요일,전라북도 익산시 남중동,경상사고,0,0,1,0,차대차 - 측면충돌,신호위반,건조,맑음,교차로 - 교차로횡단보도내,승용,여,61세,상해없음,자전거,남,59세,경상
2019050900100219,2019년 5월 9일 10시,목요일,전라북도 군산시 나운동,경상사고,0,0,2,0,차대차 - 측면충돌,안전운전불이행,건조,맑음,교차로 - 교차로안,승용,여,48세,상해없음,승용,남,73세,경상
2019050900100248,2019년 5월 9일 11시,목요일,전라북도 전주시 완산구 중화산동1가,부상신고사고,0,0,0,1,차대사람 - 횡단중,기타,건조,맑음,교차로 - 교차로횡단보도내,승용,남,70세,상해없음,보행자,여,19세,부상신고
2019050900100249,2019년 5월 9일 11시,목요일,전라북도 남원시 왕정동,경상사고,0,0,2,0,차대차 - 추돌,안전거리미확보,건조,맑음,단일로 - 기타,승용,남,56세,기타불명,화물,여,33세,경상
2019050900100282,2019년 5월 9일 12시,목요일,전라북도 익산시 남중동,경상사고,0,0,2,0,차대차 - 추돌,안전운전불이행,건조,맑음,교차로 - 교차로부근,승용,여,62세,상해없음,승용,여,38세,경상
2019050900100317,2019년 5월 9일 13시,목요일,전라북도 익산시 동산동,경상사고,0,0,1,0,차대사람 - 길가장자리구역통행중,안전운전불이행,건조,맑음,단일로 - 기타,승용,남,49세,상해없음,보행자,남,60세,경상
2019050900100318,2019년 5월 9일 13시,목요일,전라북도 진안군 진안읍,경상사고,0,0,2,0,차대차 - 측면충돌,직진우회전진행방해,건조,맑음,교차로 - 교차로안,이륜,남,68세,경상,승용,남,72세,경상
2019050900100360,2019년 5월 9일 14시,목요일,전라북도 군산시 조촌동,경상사고,0,0,1,0,차대차 - 기타,안전운전불이행,건조,맑음,교차로 - 교차로안,승용,남,47세,상해없음,농기계,남,64세,경상
2019050900100361,2019년 5월 9일 14시,목요일,전라북도 익산시 동산동,중상사고,0,1,0,0,차대사람 - 횡단중,보행자보호의무위반,건조,맑음,단일로 - 기타,승용,남,33세,상해없음,보행자,남,7세,중상
2019050900100388,2019년 5월 9일 15시,목요일,전라북도 익산시 어양동,경상사고,0,0,1,0,차대사람 - 횡단중,보행자보호의무위반,건조,맑음,교차로 - 교차로횡단보도내,승용,여,36세,상해없음,보행자,여,59세,경상
2019050900100423,2019년 5월 9일 16시,목요일,전라북도 전주시 완산구 서완산동1가,경상사고,0,0,1,0,차대차 - 측면충돌,안전운전불이행,건조,맑음,단일로 - 기타,승용,여,45세,상해없음,자전거,남,78세,경상
2019050900100424,2019년 5월 9일 16시,목요일,전라북도 전주시 덕진구 덕진동1가,중상사고,0,1,0,0,차대차 - 측면충돌,안전운전불이행,건조,맑음,단일로 - 기타,승용,남,25세,상해없음,자전거,여,75세,중상
2019050900100425,2019년 5월 9일 16시,목요일,전라북도 군산시 미장동,경상사고,0,0,1,0,차대사람 - 기타,보행자보호의무위반,건조,맑음,교차로 - 교차로안,승용,여,57세,상해없음,보행자,남,7세,경상
2019050900100426,2019년 5월 9일 16시,목요일,전라북도 군산시 개정면,경상사고,0,0,1,0,차대차 - 기타,안전운전불이행,건조,맑음,교차로 - 교차로안,승용,여,55세,상해없음,승용,남,59세,경상
2019050900100427,2019년 5월 9일 16시,목요일,전라북도 익산시 어양동,중상사고,0,1,0,0,차대사람 - 횡단중,보행자보호의무위반,건조,맑음,교차로 - 교차로부근,화물,남,57세,상해없음,보행자,남,7세,중상
2019050900100428,2019년 5월 9일 16시,목요일,전라북도 남원시 향교동,사망사고,1,0,0,0,차대차 - 기타,안전운전불이행,건조,맑음,단일로 - 기타,승합,남,54세,상해없음,자전거,남,13세,사망
2019050900100470,2019년 5월 9일 17시,목요일,전라북도 군산시 미룡동,경상사고,0,0,2,0,차대차 - 기타,안전거리미확보,건조,맑음,교차로 - 교차로부근,화물,남,64세,상해없음,승용,여,25세,상해없음
2019050900100471,2019년 5월 9일 17시,목요일,전라북도 군산시 송창동,경상사고,0,0,1,0,차대차 - 기타,직진우회전진행방해,건조,흐림,교차로 - 교차로안,승용,남,74세,상해없음,승용,남,65세,경상
2019050900100472,2019년 5월 9일 17시,목요일,전라북도 익산시 황등면,경상사고,0,0,1,0,차대차 - 측면충돌,신호위반,건조,맑음,교차로 - 교차로안,화물,남,66세,상해없음,승용,남,57세,경상
2019050900100625,2019년 5월 9일 21시,목요일,전라북도 전주시 덕진구 팔복동2가,중상사고,0,1,0,0,차대차 - 측면충돌,신호위반,건조,맑음,교차로 - 교차로안,승용,여,59세,상해없음,승용,남,60세,중상
2019050900100650,2019년 5월 9일 22시,목요일,전라북도 전주시 덕진구 금암동,경상사고,0,0,1,0,차대사람 - 기타,안전운전불이행,건조,맑음,단일로 - 기타,승용,남,85세,상해없음,보행자,남,24세,경상
2019051000100073,2019년 5월 10일 04시,금요일,전라북도 군산시 대명동,중상사고,0,1,1,0,차대차 - 정면충돌,안전운전불이행,건조,맑음,교차로 - 교차로안,승용,남,18세,경상,승용,여,28세,중상
2019051000100074,2019년 5월 10일 04시,금요일,전라북도 김제시 금구면,중상사고,0,1,0,0,차량단독 - 공작물충돌,안전운전불이행,건조,맑음,단일로 - 기타,승용,남,37세,상해없음,,,,
2019051000100160,2019년 5월 10일 08시,금요일,전라북도 익산시 함열읍,경상사고,0,0,1,0,차대차 - 측면충돌,안전운전불이행,건조,맑음,단일로 - 기타,승용,남,27세,상해없음,이륜,남,47세,경상
2019051000100161,2019년 5월 10일 08시,금요일,전라북도 익산시 영등동,경상사고,0,0,2,0,차대차 - 측면충돌,직진우회전진행방해,건조,맑음,교차로 - 교차로안,승용,여,47세,상해없음,승용,여,35세,경상
2019051000100199,2019년 5월 10일 09시,금요일,전라북도 완주군 용진읍,경상사고,0,0,1,0,차대차 - 측면충돌,신호위반,건조,맑음,교차로 - 교차로안,승용,남,53세,상해없음,승용,여,48세,경상
2019051000100232,2019년 5월 10일 10시,금요일,전라북도 남원시 향교동,중상사고,0,1,0,0,차대차 - 측면충돌,안전운전불이행,건조,맑음,교차로 - 교차로안,승용,여,40세,상해없음,이륜,남,82세,중상
2019051000100260,2019년 5월 10일 11시,금요일,전라북도 부안군 줄포면,중상사고,0,2,3,0,차대차 - 측면충돌,직진우회전진행방해,건조,맑음,교차로 - 교차로안,승용,남,56세,경상,화물,남,66세,중상