사고번호,사고일시,요일,시군구,사고내용,사망자수,중상자수,경상자수,부상신고자수,사고유형,법규위반,노면상태,기상상태,도로형태,가해운전자 차종,가해운전자 성별,가해운전자 연령,가해운전자 상해정도,피해운전자 차종,피해운전자 성별,피해운전자 연령,피해운전자 상해정도
2019051000100288,2019년 5월 10일 12시,금요일,전라북도 전주시 완산구 고사동,경상사고,0,0,1,0,차대사람 - 기타,안전운전불이행,건조,맑음,단일로 - 기타,승용,여,22세,상해없음,보행자,여,20세,경상
2019051000100289,2019년 5월 10일 12시,금요일,전라북도 전주시 완산구 효자동3가,경상사고,0,0,1,0,차대차 - 추돌,안전운전불이행,건조,맑음,단일로 - 기타,승용,남,68세,상해없음,승용,여,35세,경상
2019051000100290,2019년 5월 10일 12시,금요일,전라북도 군산시 신풍동,중상사고,0,1,0,0,차대사람 - 횡단중,신호위반,건조,맑음,교차로 - 교차로횡단보도내,승용,남,45세,상해없음,보행자,여,69세,중상
2019051000100291,2019년 5월 10일 12시,금요일,전라북도 김제시 황산면,경상사고,0,0,2,0,차대차 - 측면충돌,중앙선침범,건조,맑음,교차로 - 교차로부근,화물,남,31세,상해없음,승용,여,34세,경상
2019051000100336,2019년 5월 10일 13시,금요일,전라북도 익산시 송학동,경상사고,0,0,2,0,차대차 - 추돌,안전운전불이행,건조,맑음,교차로 - 교차로부근,승용,남,26세,상해없음,승용,남,58세,경상
2019051000100337,2019년 5월 10일 13시,금요일,전라북도 정읍시 상동,경상사고,0,0,1,0,차대차 - 측면충돌,중앙선침범,건조,맑음,교차로 - 교차로부근,승용,남,49세,상해없음,이륜,남,24세,경상
2019051000100367,2019년 5월 10일 14시,금요일,전라북도 군산시 조촌동,중상사고,0,1,1,0,차대차 - 추돌,안전거리미확보,건조,맑음,교차로 - 교차로안,승용,여,26세,상해없음,이륜,남,63세,중상
2019051000100368,2019년 5월 10일 14시,금요일,전라북도 김제시 요촌동,경상사고,0,0,1,0,차대차 - 측면충돌,교차로운행방법위반,건조,맑음,교차로 - 교차로안,승용,여,28세,상해없음,원동기,남,76세,경상
2019051000100425,2019년 5월 10일 15시,금요일,전라북도 전주시 덕진구 진북동,중상사고,0,1,0,0,차대차 - 측면충돌,신호위반,건조,맑음,단일로 - 기타,승용,남,34세,상해없음,자전거,남,87세,중상
2019051000100426,2019년 5월 10일 15시,금요일,전라북도 무주군 무주읍,사망사고,1,0,0,0,차대차 - 정면충돌,중앙선침범,건조,맑음,단일로 - 기타,화물,남,46세,상해없음,원동기,남,57세,사망
2019051000100469,2019년 5월 10일 16시,금요일,전라북도 전주시 덕진구 덕진동1가,경상사고,0,0,4,0,차대차 - 측면충돌,안전운전불이행,건조,맑음,단일로 - 기타,이륜,남,47세,상해없음,승용,남,24세,경상
2019051000100470,2019년 5월 10일 16시,금요일,전라북도 군산시 신흥동,경상사고,0,0,2,0,차대차 - 추돌,중앙선침범,건조,맑음,단일로 - 지하차도(도로)내,이륜,남,59세,상해없음,승용,여,36세,경상
2019051000100506,2019년 5월 10일 17시,금요일,전라북도 전주시 덕진구 호성동1가,경상사고,0,0,3,0,차대차 - 측면충돌,교차로운행방법위반,건조,맑음,교차로 - 교차로부근,승용,여,59세,상해없음,승용,남,50세,경상
2019051000100507,2019년 5월 10일 17시,금요일,전라북도 순창군 순창읍,경상사고,0,0,2,0,차대차 - 기타,안전운전불이행,건조,맑음,단일로 - 기타,승용,남,72세,상해없음,승용,남,54세,경상
2019051000100560,2019년 5월 10일 18시,금요일,전라북도 전주시 덕진구 진북동,경상사고,0,0,1,0,차대차 - 측면충돌,직진우회전진행방해,건조,맑음,교차로 - 교차로안,이륜,남,65세,상해없음,승용,여,42세,경상
2019051000100651,2019년 5월 10일 20시,금요일,전라북도 정읍시 망제동,경상사고,0,0,1,0,차대사람 - 횡단중,보행자보호의무위반,건조,맑음,교차로 - 교차로안,승용,남,30세,상해없음,보행자,여,72세,경상
2019051000100735,2019년 5월 10일 23시,금요일,전라북도 군산시 수송동,경상사고,0,0,1,0,차대차 - 추돌,안전운전불이행,건조,맑음,교차로 - 교차로부근,승용,남,18세,상해없음,승용,남,30세,경상
2019051100100057,2019년 5월 11일 01시,토요일,전라북도 고창군 흥덕면,중상사고,0,2,0,0,차대차 - 기타,차로위반,건조,맑음,단일로 - 기타,건설기계,남,62세,상해없음,승용,여,38세,중상
2019051100100074,2019년 5월 11일 02시,토요일,전라북도 익산시 마동,경상사고,0,0,3,0,차대차 - 기타,신호위반,건조,맑음,교차로 - 교차로안,승용,남,24세,경상,승용,여,59세,경상
2019051100100192,2019년 5월 11일 09시,토요일,전라북도 전주시 완산구 중화산동2가,경상사고,0,0,2,0,차대차 - 추돌,안전운전불이행,건조,맑음,단일로 - 기타,승용,남,22세,상해없음,승용,여,43세,경상
2019051100100221,2019년 5월 11일 10시,토요일,전라북도 전주시 완산구 서신동,중상사고,0,2,3,0,차대차 - 기타,안전운전불이행,건조,맑음,교차로 - 교차로안,승용,남,34세,경상,화물,남,59세,경상
2019051100100267,2019년 5월 11일 11시,토요일,전라북도 전주시 덕진구 우아동3가,경상사고,0,0,1,0,차대차 - 측면충돌,안전거리미확보,건조,맑음,교차로 - 교차로안,승용,남,61세,상해없음,승합,남,55세,경상
2019051100100268,2019년 5월 11일 11시,토요일,전라북도 익산시 금마면,경상사고,0,0,2,0,차대차 - 측면충돌,안전거리미확보,건조,맑음,단일로 - 기타,건설기계,남,38세,상해없음,승용,남,61세,경상
2019051100100269,2019년 5월 11일 11시,토요일,전라북도 순창군 풍산면,부상신고사고,0,0,0,1,차량단독 - 도로외이탈 - 추락,안전운전불이행,건조,맑음,단일로 - 기타,이륜,남,84세,부상신고,,,,
2019051100100317,2019년 5월 11일 12시,토요일,전라북도 익산시 함열읍,중상사고,0,1,1,0,차대차 - 추돌,안전운전불이행,건조,맑음,단일로 - 기타,승용,여,39세,상해없음,승용,여,58세,경상
2019051100100318,2019년 5월 11일 12시,토요일,전라북도 익산시 남중동,경상사고,0,0,2,0,차대차 - 측면충돌,직진우회전진행방해,건조,맑음,교차로 - 교차로안,승용,남,53세,상해없음,승합,남,32세,경상
2019051100100365,2019년 5월 11일 13시,토요일,전라북도 전주시 완산구 중화산동2가,경상사고,0,0,1,0,차대차 - 측면충돌,안전운전불이행,건조,맑음,교차로 - 교차로안,승용,남,42세,상해없음,승용,여,40세,경상
2019051100100415,2019년 5월 11일 14시,토요일,전라북도 부안군 부안읍,경상사고,0,0,1,0,차대차 - 추돌,안전운전불이행,건조,맑음,교차로 - 교차로안,승용,여,37세,상해없음,이륜,남,36세,경상
2019051100100453,2019년 5월 11일 15시,토요일,전라북도 김제시 만경읍,사망사고,1,1,0,0,차대차 - 정면충돌,중앙선침범,건조,맑음,교차로 - 교차로안,승용,여,46세,사망,특수,남,43세,상해없음
2019051100100495,2019년 5월 11일 16시,토요일,전라북도 익산시 신동,경상사고,0,0,1,0,차대사람 - 횡단중,안전운전불이행,건조,맑음,교차로 - 교차로안,승용,남,61세,상해없음,보행자,남,19세,경상
2019051100100496,2019년 5월 11일 16시,토요일,전라북도 남원시 대강면,중상사고,0,1,0,0,차량단독 - 전도전복 - 전도,안전운전불이행,건조,맑음,단일로 - 기타,농기계,남,82세,중상,,,,
2019051100100497,2019년 5월 11일 16시,토요일,전라북도 임실군 신덕면,경상사고,0,0,1,0,차대차 - 측면충돌,기타,건조,맑음,교차로 - 교차로안,승용,남,52세,상해없음,승용,여,46세,경상
2019051100100543,2019년 5월 11일 17시,토요일,전라북도 전주시 완산구 효자동3가,중상사고,0,1,1,0,차대차 - 추돌,안전운전불이행,건조,맑음,교차로 - 교차로안,승용,남,49세,상해없음,승용,여,30세,경상
2019051100100544,2019년 5월 11일 17시,토요일,전라북도 전주시 덕진구 중동,경상사고,0,0,1,0,차대차 - 측면충돌,직진우회전진행방해,건조,맑음,교차로 - 교차로안,승용,여,48세,상해없음,승합,남,46세,경상
2019051100100545,2019년 5월 11일 17시,토요일,전라북도 군산시 송창동,경상사고,0,0,2,0,차대차 - 측면충돌,교차로운행방법위반,건조,맑음,교차로 - 교차로안,승용,남,47세,상해없음,승용,남,58세,경상
2019051100100546,2019년 5월 11일 17시,토요일,전라북도 정읍시 산외면,경상사고,0,0,1,0,차대차 - 정면충돌,중앙선침범,건조,맑음,기타 - 기타,화물,남,61세,상해없음,화물,남,56세,경상
2019051100100547,2019년 5월 11일 17시,토요일,전라북도 부안군 부안읍,경상사고,0,0,3,0,차대차 - 추돌,기타,건조,맑음,교차로 - 교차로부근,화물,남,61세,상해없음,승용,여,32세,경상
2019051100100652,2019년 5월 11일 20시,토요일,전라북도 익산시 남중동,경상사고,0,0,1,0,차대사람 - 차도통행중,안전운전불이행,건조,맑음,교차로 - 교차로안,승용,남,31세,상해없음,보행자,남,49세,경상
2019051100100713,2019년 5월 11일 22시,토요일,전라북도 익산시 신동,경상사고,0,0,3,0,차대차 - 측면충돌,신호위반,건조,맑음,교차로 - 교차로안,이륜,남,30세,상해없음,승용,남,30세,경상
2019051100100739,2019년 5월 11일 23시,토요일,전라북도 군산시 구암동,경상사고,0,0,1,0,차대차 - 측면충돌,신호위반,건조,맑음,교차로 - 교차로안,승용,여,46세,상해없음,화물,남,59세,경상
2019051100100740,2019년 5월 11일 23시,토요일,전라북도 군산시 나운동,중상사고,0,1,1,0,차대차 - 측면충돌,안전운전불이행,건조,맑음,교차로 - 교차로부근,승용,남,44세,상해없음,승용,여,26세,중상
2019051200100068,2019년 5월 12일 03시,일요일,전라북도 완주군 삼례읍,경상사고,0,0,1,0,차대차 - 측면충돌,신호위반,건조,맑음,교차로 - 교차로안,승용,여,58세,상해없음,승용,남,58세,경상
2019051200100077,2019년 5월 12일 04시,일요일,전라북도 전주시 완산구 효자동3가,경상사고,0,0,1,0,차대차 - 측면충돌,안전운전불이행,건조,맑음,단일로 - 기타,승용,남,20세,상해없음,화물,남,72세,경상
2019051200100095,2019년 5월 12일 06시,일요일,전라북도 익산시 남중동,경상사고,0,0,3,0,차대차 - 측면충돌,직진우회전진행방해,건조,맑음,교차로 - 교차로안,승용,남,62세,상해없음,승용,남,64세,경상
2019051200100096,2019년 5월 12일 06시,일요일,전라북도 정읍시 수성동,중상사고,0,1,0,0,차대차 - 정면충돌,중앙선침범,건조,맑음,교차로 - 교차로부근,승용,남,60세,상해없음,화물,남,56세,중상
2019051200100097,2019년 5월 12일 06시,일요일,전라북도 정읍시 연지동,경상사고,0,0,1,0,차대차 - 측면충돌,신호위반,건조,맑음,교차로 - 교차로안,화물,남,59세,상해없음,승용,남,50세,경상
2019051200100115,2019년 5월 12일 07시,일요일,전라북도 군산시 신관동,경상사고,0,0,1,0,차대차 - 측면충돌,차로위반,건조,맑음,단일로 - 지하차도(도로)내,특수,남,62세,상해없음,승용,여,32세,경상
2019051200100130,2019년 5월 12일 08시,일요일,전라북도 군산시 경암동,중상사고,0,1,0,0,차대차 - 기타,교차로운행방법위반,건조,맑음,단일로 - 기타,승용,남,64세,상해없음,자전거,남,65세,중상
2019051200100131,2019년 5월 12일 08시,일요일,전라북도 임실군 임실읍,경상사고,0,0,1,0,차대차 - 추돌,안전거리미확보,건조,맑음,단일로 - 지하차도(도로)내,화물,남,61세,상해없음,승용,여,48세,상해없음
2019051200100145,2019년 5월 12일 09시,일요일,전라북도 전주시 완산구 서완산동1가,중상사고,0,1,1,0,차대차 - 측면충돌,신호위반,건조,맑음,교차로 - 교차로안,승용,여,23세,상해없음,승용,남,59세,경상
2019051200100170,2019년 5월 12일 10시,일요일,전라북도 전주시 덕진구 인후동1가,경상사고,0,0,1,0,차대차 - 후진중충돌,안전운전불이행,건조,맑음,단일로 - 기타,승용,여,60세,상해없음,승용,여,50세,경상
2019051200100171,2019년 5월 12일 10시,일요일,전라북도 군산시 금광동,중상사고,0,1,0,0,차대사람 - 횡단중,안전운전불이행,건조,맑음,단일로 - 기타,승합,남,37세,상해없음,보행자,여,66세,중상
2019051200100172,2019년 5월 12일 10시,일요일,전라북도 정읍시 수성동,경상사고,0,0,1,0,차대차 - 측면충돌,교차로운행방법위반,건조,맑음,교차로 - 교차로안,승용,여,49세,상해없음,화물,남,68세,경상
2019051200100235,2019년 5월 12일 12시,일요일,전라북도 익산시 금마면,중상사고,0,3,0,0,차량단독 - 공작물충돌,안전운전불이행,건조,맑음,기타 - 기타,승용,남,72세,상해없음,,,,
2019051200100267,2019년 5월 12일 13시,일요일,전라북도 전주시 완산구 효자동2가,경상사고,0,0,2,0,차대차 - 추돌,안전운전불이행,건조,맑음,교차로 - 교차로부근,승용,남,21세,상해없음,승용,남,32세,상해없음
2019051200100268,2019년 5월 12일 13시,일요일,전라북도 정읍시 입암면,사망사고,1,1,0,0,차대차 - 정면충돌,중앙선침범,건조,맑음,단일로 - 기타,자전거,남,82세,사망,이륜,남,36세,중상
2019051200100328,2019년 5월 12일 15시,일요일,전라북도 전주시 덕진구 인후동1가,경상사고,0,0,1,0,차대사람 - 차도통행중,안전운전불이행,건조,맑음,단일로 - 기타,승용,여,48세,상해없음,보행자,여,15세,경상
2019051200100365,2019년 5월 12일 16시,일요일,전라북도 정읍시 농소동,중상사고,0,1,0,0,차대차 - 측면충돌,안전운전불이행,건조,맑음,교차로 - 교차로안,승용,남,57세,상해없음,자전거,남,77세,중상
2019051200100403,2019년 5월 12일 17시,일요일,전라북도 전주시 덕진구 인후동1가,경상사고,0,0,1,0,차대차 - 측면충돌,안전운전불이행,건조,맑음,교차로 - 교차로부근,화물,남,49세,상해없음,이륜,남,18세,경상
2019051200100494,2019년 5월 12일 20시,일요일,전라북도 김제시 검산동,경상사고,0,0,1,0,차대차 - 측면충돌,직진우회전진행방해,건조,맑음,교차로 - 교차로안,승용,남,46세,상해없음,자전거,남,14세,경상
2019051200100545,2019년 5월 12일 22시,일요일,전라북도 전주시 완산구 중화산동2가,경상사고,0,0,2,0,차대차 - 측면충돌,직진우회전진행방해,건조,맑음,교차로 - 교차로안,승용,남,27세,상해없음,승용,남,44세,경상
2019051300100038,2019년 5월 13일 01시,월요일,전라북도 남원시 천거동,중상사고,0,2,0,0,차량단독 - 전도전복 - 전도,안전운전불이행,건조,맑음,단일로 - 기타,이륜,남,21세,중상,,,,
2019051300100068,2019년 5월 13일 06시,월요일,전라북도 정읍시 시기동,중상사고,0,1,0,0,차대차 - 측면충돌,직진우회전진행방해,건조,맑음,교차로 - 교차로안,이륜,남,68세,중상,승용,여,45세,상해없음
2019051300100095,2019년 5월 13일 07시,월요일,전라북도 익산시 여산면,중상사고,0,1,1,0,차대차 - 추돌,안전운전불이행,건조,맑음,단일로 - 기타,승용,남,78세,상해없음,승용,남,66세,경상
2019051300100168,2019년 5월 13일 09시,월요일,전라북도 익산시 함열읍,경상사고,0,0,2,0,차대차 - 추돌,안전운전불이행,건조,맑음,단일로 - 기타,승용,남,53세,상해없음,승용,여,32세,경상
2019051300100169,2019년 5월 13일 09시,월요일,전라북도 남원시 금동,중상사고,0,1,0,0,차대사람 - 차도통행중,안전운전불이행,건조,맑음,교차로 - 교차로안,화물,남,70세,상해없음,보행자,여,82세,중상
2019051300100211,2019년 5월 13일 10시,월요일,전라북도 익산시 신동,경상사고,0,0,2,0,차대차 - 측면충돌,안전운전불이행,건조,맑음,교차로 - 교차로부근,승용,남,47세,상해없음,승용,여,34세,경상
2019051300100212,2019년 5월 13일 10시,월요일,전라북도 진안군 주천면,사망사고,1,0,0,0,차대사람 - 기타,안전운전불이행,건조,맑음,교차로 - 교차로부근,승용,남,72세,상해없음,보행자,여,90세 이상,사망
2019051300100243,2019년 5월 13일 11시,월요일,전라북도 익산시 황등면,경상사고,0,0,5,0,차대차 - 측면충돌,안전운전불이행,건조,맑음,단일로 - 기타,승용,남,69세,상해없음,승합,남,63세,경상
2019051300100244,2019년 5월 13일 11시,월요일,전라북도 고창군 고창읍,중상사고,0,1,0,0,차대사람 - 기타,안전운전불이행,건조,맑음,주차장 - 주차장,화물,남,67세,상해없음,보행자,여,90세 이상,중상
2019051300100273,2019년 5월 13일 12시,월요일,전라북도 고창군 아산면,경상사고,0,0,1,0,차대차 - 측면충돌,교차로운행방법위반,건조,맑음,교차로 - 교차로안,화물,여,54세,상해없음,승용,남,55세,경상
2019051300100304,2019년 5월 13일 13시,월요일,전라북도 익산시 신동,경상사고,0,0,5,0,차대차 - 추돌,신호위반,건조,맑음,교차로 - 교차로안,승용,남,63세,상해없음,승용,여,54세,경상
2019051300100345,2019년 5월 13일 14시,월요일,전라북도 고창군 고창읍,경상사고,0,0,1,0,차대차 - 측면충돌,안전운전불이행,건조,맑음,단일로 - 기타,승용,남,79세,상해없음,자전거,남,8세,경상
2019051300100563,2019년 5월 13일 20시,월요일,전라북도 전주시 덕진구 우아동2가,중상사고,0,1,0,0,차대차 - 측면충돌,기타,젖음/습기,비,단일로 - 기타,승용,남,65세,상해없음,자전거,남,23세,중상
2019051300100599,2019년 5월 13일 21시,월요일,전라북도 익산시 평화동,경상사고,0,0,3,0,차대차 - 추돌,안전운전불이행,건조,맑음,단일로 - 기타,승용,남,69세,상해없음,승용,남,46세,경상
2019051300100637,2019년 5월 13일 23시,월요일,전라북도 정읍시 수성동,경상사고,0,0,1,0,차대사람 - 차도통행중,안전운전불이행,건조,맑음,단일로 - 기타,승용,남,49세,상해없음,보행자,남,34세,경상
2019051400100125,2019년 5월 14일 08시,화요일,전라북도 부안군 보안면,중상사고,0,1,0,0,차대차 - 측면충돌,안전운전불이행,건조,맑음,교차로 - 교차로안,승용,남,61세,상해없음,자전거,남,71세,중상
2019051400100204,2019년 5월 14일 10시,화요일,전라북도 익산시 남중동,중상사고,0,1,0,0,차대사람 - 차도통행중,안전운전불이행,건조,맑음,단일로 - 기타,승용,남,69세,기타불명,보행자,여,80세,중상
2019051400100231,2019년 5월 14일 11시,화요일,전라북도 익산시 삼기면,경상사고,0,0,1,0,차대차 - 측면충돌,안전운전불이행,건조,맑음,단일로 - 기타,승용,남,76세,상해없음,이륜,남,39세,경상
2019051400100266,2019년 5월 14일 12시,화요일,전라북도 전주시 덕진구 호성동2가,경상사고,0,0,1,0,차대차 - 측면충돌,안전운전불이행,건조,맑음,기타 - 기타,승용,남,63세,상해없음,승용,여,64세,경상
2019051400100299,2019년 5월 14일 13시,화요일,전라북도 익산시 중앙동1가,경상사고,0,0,1,0,차대차 - 측면충돌,안전거리미확보,건조,맑음,단일로 - 지하차도(도로)내,승용,남,71세,상해없음,승합,남,36세,경상
2019051400100337,2019년 5월 14일 14시,화요일,전라북도 군산시 수송동,경상사고,0,0,2,0,차대차 - 추돌,안전운전불이행,건조,맑음,단일로 - 지하차도(도로)내,승용,남,40세,상해없음,승용,여,43세,경상
2019051400100338,2019년 5월 14일 14시,화요일,전라북도 군산시 조촌동,경상사고,0,0,1,0,차대사람 - 길가장자리구역통행중,안전운전불이행,건조,맑음,단일로 - 지하차도(도로)내,승용,여,37세,상해없음,보행자,여,60세,경상
2019051400100339,2019년 5월 14일 14시,화요일,전라북도 김제시 서암동,중상사고,0,1,0,0,차대차 - 기타,안전운전불이행,건조,맑음,단일로 - 기타,화물,남,79세,상해없음,화물,남,66세,상해없음
2019051400100379,2019년 5월 14일 15시,화요일,전라북도 전주시 완산구 경원동2가,경상사고,0,0,2,0,차대차 - 측면충돌,차로위반,건조,맑음,교차로 - 교차로부근,이륜,남,34세,상해없음,승용,여,28세,경상
2019051400100380,2019년 5월 14일 15시,화요일,전라북도 익산시 동산동,경상사고,0,0,1,0,차대차 - 추돌,안전거리미확보,건조,맑음,단일로 - 기타,화물,남,33세,상해없음,화물,남,56세,경상
2019051400100381,2019년 5월 14일 15시,화요일,전라북도 김제시 공덕면,경상사고,0,0,2,0,차대차 - 측면충돌,안전운전불이행,건조,맑음,단일로 - 기타,특수,남,49세,상해없음,승용,남,37세,경상
2019051400100470,2019년 5월 14일 17시,화요일,전라북도 군산시 미원동,경상사고,0,0,1,0,차대사람 - 횡단중,보행자보호의무위반,건조,맑음,교차로 - 교차로횡단보도내,화물,남,27세,상해없음,보행자,여,69세,경상
2019051400100471,2019년 5월 14일 17시,화요일,전라북도 정읍시 옹동면,경상사고,0,0,1,0,차대차 - 측면충돌,차로위반,건조,맑음,단일로 - 기타,승용,여,59세,상해없음,화물,남,40세,경상
2019051400100472,2019년 5월 14일 17시,화요일,전라북도 완주군 봉동읍,경상사고,0,0,1,0,차대차 - 기타,신호위반,건조,맑음,교차로 - 교차로안,화물,남,70세,상해없음,승용,남,32세,경상
2019051400100523,2019년 5월 14일 18시,화요일,전라북도 전주시 덕진구 금암동,중상사고,0,1,1,0,차대사람 - 횡단중,보행자보호의무위반,건조,맑음,교차로 - 교차로횡단보도내,승용,남,32세,상해없음,보행자,남,70세,중상
2019051400100524,2019년 5월 14일 18시,화요일,전라북도 남원시 노암동,경상사고,0,0,1,0,차대차 - 측면충돌,직진우회전진행방해,건조,맑음,교차로 - 교차로안,승용,남,43세,상해없음,화물,남,65세,경상
2019051400100561,2019년 5월 14일 19시,화요일,전라북도 부안군 부안읍,경상사고,0,0,1,0,차대사람 - 기타,안전운전불이행,건조,맑음,교차로 - 교차로부근,승용,남,35세,상해없음,보행자,남,16세,경상
2019051400100602,2019년 5월 14일 20시,화요일,전라북도 군산시 나운동,경상사고,0,0,1,0,차대사람 - 기타,보행자보호의무위반,건조,맑음,단일로 - 기타,승용,남,22세,상해없음,보행자,여,8세,경상
2019051400100689,2019년 5월 14일 23시,화요일,전라북도 정읍시 상동,경상사고,0,0,2,0,차대차 - 측면충돌,직진우회전진행방해,건조,맑음,교차로 - 교차로안,승용,남,32세,상해없음,승용,남,54세,경상
2019051500100044,2019년 5월 15일 00시,수요일,전라북도 전주시 덕진구 금암동,경상사고,0,0,2,0,차대차 - 기타,안전거리미확보,건조,맑음,단일로 - 기타,승합,남,61세,상해없음,승용,남,57세,경상
2019051500100045,2019년 5월 15일 00시,수요일,전라북도 전주시 덕진구 덕진동2가,중상사고,0,1,0,0,차대차 - 추돌,안전운전불이행,건조,맑음,단일로 - 기타,개인형이동수단(PM),남,38세,상해없음,개인형이동수단(PM),남,56세,중상
2019051500100058,2019년 5월 15일 02시,수요일,전라북도 전주시 완산구 경원동1가,경상사고,0,0,3,0,차대차 - 측면충돌,중앙선침범,건조,맑음,교차로 - 교차로부근,승용,남,22세,상해없음,승합,남,63세,경상
2019051500100075,2019년 5월 15일 04시,수요일,전라북도 전주시 완산구 효자동3가,경상사고,0,0,1,0,차대차 - 측면충돌,안전운전불이행,건조,기타,단일로 - 기타,승용,남,34세,상해없음,승용,남,58세,경상
2019051500100076,2019년 5월 15일 04시,수요일,전라북도 군산시 대야면,경상사고,0,0,1,0,차대차 - 기타,안전운전불이행,건조,맑음,단일로 - 기타,승용,여,27세,상해없음,화물,남,49세,경상
2019051500100083,2019년 5월 15일 05시,수요일,전라북도 전주시 덕진구 남정동,사망사고,1,0,0,0,차량단독 - 기타,안전운전불이행,건조,맑음,단일로 - 기타,이륜,남,62세,사망,,,,
2019051500100084,2019년 5월 15일 05시,수요일,전라북도 익산시 남중동,부상신고사고,0,0,0,1,차대차 - 측면충돌,신호위반,건조,맑음,교차로 - 교차로안,자전거,남,70세,부상신고,승용,남,66세,상해없음
2019051500100228,2019년 5월 15일 10시,수요일,전라북도 군산시 대명동,경상사고,0,0,1,0,차대사람 - 횡단중,보행자보호의무위반,건조,맑음,교차로 - 교차로횡단보도내,화물,남,53세,상해없음,보행자,여,72세,경상
2019051500100229,2019년 5월 15일 10시,수요일,전라북도 남원시 주천면,중상사고,0,3,0,0,차량단독 - 공작물충돌,안전운전불이행,건조,맑음,단일로 - 기타,화물,남,75세,중상,,,,
2019051500100262,2019년 5월 15일 11시,수요일,전라북도 전주시 덕진구 전미동2가,경상사고,0,0,6,0,차대차 - 측면충돌,신호위반,건조,맑음,교차로 - 교차로안,승용,여,47세,상해없음,화물,남,36세,경상
2019051500100298,2019년 5월 15일 12시,수요일,전라북도 정읍시 농소동,경상사고,0,0,4,0,차대차 - 추돌,안전거리미확보,건조,맑음,교차로 - 교차로부근,건설기계,남,50세,상해없음,승용,남,77세,경상
2019051500100344,2019년 5월 15일 13시,수요일,전라북도 군산시 성산면,경상사고,0,0,5,0,차대차 - 추돌,안전운전불이행,건조,맑음,단일로 - 기타,화물,남,51세,상해없음,승용,여,63세,경상
2019051500100345,2019년 5월 15일 13시,수요일,전라북도 김제시 부량면,경상사고,0,0,1,0,차대차 - 측면충돌,신호위반,건조,맑음,교차로 - 교차로안,화물,남,54세,상해없음,화물,남,57세,경상
2019051500100373,2019년 5월 15일 14시,수요일,전라북도 남원시 동충동,경상사고,0,0,1,0,차대차 - 측면충돌,안전운전불이행,건조,맑음,교차로 - 교차로안,자전거,여,63세,경상,승용,여,32세,상해없음
2019051500100419,2019년 5월 15일 15시,수요일,전라북도 전주시 완산구 평화동1가,경상사고,0,0,1,0,차대차 - 측면충돌,안전운전불이행,건조,맑음,단일로 - 기타,승용,여,64세,상해없음,승용,남,34세,상해없음
2019051500100420,2019년 5월 15일 15시,수요일,전라북도 고창군 부안면,경상사고,0,0,1,0,차대차 - 추돌,안전운전불이행,건조,맑음,단일로 - 기타,화물,남,63세,상해없음,화물,남,76세,기타불명
2019051500100455,2019년 5월 15일 16시,수요일,전라북도 전주시 덕진구 만성동,경상사고,0,0,1,0,차대차 - 측면충돌,차로위반,건조,맑음,단일로 - 기타,건설기계,남,44세,상해없음,승용,남,48세,경상
2019051500100456,2019년 5월 15일 16시,수요일,전라북도 군산시 나운동,경상사고,0,0,1,0,차대사람 - 횡단중,안전운전불이행,건조,맑음,교차로 - 교차로부근,승용,남,54세,상해없음,보행자,남,13세,경상
2019051500100457,2019년 5월 15일 16시,수요일,전라북도 완주군 봉동읍,경상사고,0,0,1,2,차대차 - 추돌,안전운전불이행,건조,맑음,교차로 - 교차로부근,승용,남,50세,상해없음,승용,여,33세,경상
2019051500100550,2019년 5월 15일 18시,수요일,전라북도 익산시 주현동,경상사고,0,0,6,0,차대차 - 측면충돌,안전운전불이행,건조,맑음,단일로 - 기타,승용,남,38세,기타불명,승용,남,46세,경상
2019051500100634,2019년 5월 15일 20시,수요일,전라북도 전주시 완산구 효자동3가,경상사고,0,0,2,0,차대차 - 측면충돌,안전운전불이행,건조,맑음,단일로 - 기타,화물,남,65세,상해없음,화물,남,32세,경상
2019051500100635,2019년 5월 15일 20시,수요일,전라북도 전주시 덕진구 금암동,경상사고,0,0,3,0,차대차 - 기타,안전운전불이행,건조,기타,교차로 - 교차로횡단보도내,승용,남,55세,상해없음,승용,남,33세,경상
2019051500100661,2019년 5월 15일 21시,수요일,전라북도 전주시 완산구 서서학동,중상사고,0,1,2,0,차대차 - 측면충돌,차로위반,건조,맑음,단일로 - 기타,승용,여,37세,상해없음,승용,남,69세,경상
2019051600100086,2019년 5월 16일 04시,목요일,전라북도 전주시 덕진구 금암동,중상사고,0,1,0,0,차대사람 - 횡단중,안전운전불이행,건조,맑음,교차로 - 교차로횡단보도내,승용,남,37세,상해없음,보행자,남,20세,중상
2019051600100107,2019년 5월 16일 06시,목요일,전라북도 전주시 덕진구 만성동,중상사고,0,1,0,0,차대차 - 기타,교차로운행방법위반,건조,맑음,교차로 - 교차로안,승용,남,53세,상해없음,이륜,남,41세,중상
2019051600100171,2019년 5월 16일 08시,목요일,전라북도 전주시 덕진구 전미동2가,경상사고,0,0,1,0,차대차 - 측면충돌,차로위반,건조,맑음,기타 - 기타,특수,남,51세,상해없음,승용,남,31세,경상