사고번호,사고일시,요일,시군구,사고내용,사망자수,중상자수,경상자수,부상신고자수,사고유형,법규위반,노면상태,기상상태,도로형태,가해운전자 차종,가해운전자 성별,가해운전자 연령,가해운전자 상해정도,피해운전자 차종,피해운전자 성별,피해운전자 연령,피해운전자 상해정도
2019052100100221,2019년 5월 21일 09시,화요일,전라북도 군산시 옥도면,중상사고,0,1,0,0,차대사람 - 횡단중,안전운전불이행,건조,맑음,단일로 - 기타,승용,남,54세,상해없음,보행자,남,58세,중상
2019052100100256,2019년 5월 21일 10시,화요일,전라북도 군산시 임피면,중상사고,0,2,0,0,차대차 - 측면충돌,안전운전불이행,건조,맑음,교차로 - 교차로안,건설기계,남,49세,상해없음,승용,남,59세,중상
2019052100100285,2019년 5월 21일 11시,화요일,전라북도 전주시 덕진구 반월동,중상사고,0,1,0,0,차대사람 - 횡단중,보행자보호의무위반,건조,맑음,교차로 - 교차로횡단보도내,화물,남,50세,상해없음,보행자,여,80세,중상
2019052100100286,2019년 5월 21일 11시,화요일,전라북도 군산시 소룡동,중상사고,0,1,1,0,차대차 - 추돌,안전운전불이행,건조,맑음,교차로 - 교차로부근,특수,남,59세,상해없음,승용,여,32세,경상
2019052100100287,2019년 5월 21일 11시,화요일,전라북도 익산시 남중동,부상신고사고,0,0,0,1,차대차 - 측면충돌,안전운전불이행,건조,맑음,단일로 - 기타,이륜,남,34세,부상신고,승합,남,61세,상해없음
2019052100100288,2019년 5월 21일 11시,화요일,전라북도 정읍시 태인면,경상사고,0,0,2,0,차대차 - 추돌,안전운전불이행,건조,맑음,단일로 - 기타,승용,남,28세,경상,화물,남,49세,경상
2019052100100351,2019년 5월 21일 13시,화요일,전라북도 김제시 금구면,경상사고,0,0,4,0,차대차 - 추돌,안전거리미확보,건조,맑음,교차로 - 교차로부근,승용,여,37세,경상,승용,남,69세,경상
2019052100100380,2019년 5월 21일 14시,화요일,전라북도 전주시 완산구 태평동,경상사고,0,0,1,0,차대사람 - 기타,안전운전불이행,건조,맑음,기타 - 기타,화물,남,69세,상해없음,보행자,여,63세,경상
2019052100100381,2019년 5월 21일 14시,화요일,전라북도 익산시 동산동,경상사고,0,0,1,0,차대차 - 측면충돌,안전운전불이행,건조,맑음,단일로 - 기타,화물,남,74세,상해없음,자전거,남,69세,경상
2019052100100413,2019년 5월 21일 15시,화요일,전라북도 전주시 완산구 태평동,중상사고,0,1,0,0,차대사람 - 차도통행중,안전운전불이행,건조,맑음,단일로 - 기타,승용,남,70세,상해없음,보행자,여,83세,중상
2019052100100414,2019년 5월 21일 15시,화요일,전라북도 전주시 덕진구 진북동,중상사고,0,1,1,0,차대차 - 추돌,안전운전불이행,건조,맑음,단일로 - 기타,승용,남,41세,상해없음,승용,남,42세,중상
2019052100100505,2019년 5월 21일 17시,화요일,전라북도 군산시 수송동,경상사고,0,0,1,0,차대사람 - 기타,안전운전불이행,건조,맑음,주차장 - 주차장,승용,여,23세,상해없음,보행자,여,19세,경상
2019052100100506,2019년 5월 21일 17시,화요일,전라북도 김제시 백구면,경상사고,0,0,2,0,차대차 - 추돌,안전거리미확보,건조,맑음,기타 - 기타,화물,남,46세,상해없음,승용,남,33세,경상
2019052100100556,2019년 5월 21일 18시,화요일,전라북도 전주시 덕진구 진북동,중상사고,0,1,0,0,차대차 - 측면충돌,안전운전불이행,건조,맑음,교차로 - 교차로부근,승용,남,56세,상해없음,승용,여,51세,중상
2019052100100606,2019년 5월 21일 19시,화요일,전라북도 익산시 중앙동1가,경상사고,0,0,2,0,차대차 - 측면충돌,안전운전불이행,건조,맑음,단일로 - 기타,승용,남,42세,상해없음,승용,남,47세,경상
2019052100100607,2019년 5월 21일 19시,화요일,전라북도 정읍시 상동,경상사고,0,0,1,0,차대사람 - 차도통행중,안전운전불이행,건조,맑음,단일로 - 기타,승용,남,48세,상해없음,보행자,남,37세,경상
2019052100100646,2019년 5월 21일 20시,화요일,전라북도 군산시 대야면,경상사고,0,0,1,0,차대차 - 기타,교차로운행방법위반,건조,맑음,교차로 - 교차로안,화물,남,44세,상해없음,이륜,남,70세,경상
2019052100100647,2019년 5월 21일 20시,화요일,전라북도 익산시 어양동,경상사고,0,0,1,0,차대차 - 측면충돌,안전운전불이행,건조,맑음,교차로 - 교차로안,승용,남,59세,상해없음,승용,남,21세,경상
2019052100100648,2019년 5월 21일 20시,화요일,전라북도 무주군 안성면,중상사고,0,1,0,0,차대차 - 추돌,안전운전불이행,건조,맑음,단일로 - 기타,승합,여,51세,상해없음,농기계,남,59세,중상
2019052100100741,2019년 5월 21일 23시,화요일,전라북도 전주시 덕진구 덕진동1가,경상사고,0,0,1,0,차대차 - 측면충돌,안전거리미확보,건조,맑음,단일로 - 기타,승용,남,19세,상해없음,승용,남,49세,경상
2019052200100029,2019년 5월 22일 00시,수요일,전라북도 전주시 완산구 효자동3가,경상사고,0,0,2,0,차대차 - 측면충돌,신호위반,건조,맑음,교차로 - 교차로안,승용,여,30세,상해없음,승용,남,61세,경상
2019052200100070,2019년 5월 22일 05시,수요일,전라북도 고창군 해리면,중상사고,0,1,0,0,차대차 - 측면충돌,안전운전불이행,건조,맑음,교차로 - 교차로안,화물,남,59세,중상,승합,남,40세,기타불명
2019052200100111,2019년 5월 22일 07시,수요일,전라북도 부안군 부안읍,경상사고,0,0,1,0,차대차 - 측면충돌,신호위반,건조,맑음,교차로 - 교차로안,원동기,남,78세,경상,화물,남,48세,상해없음
2019052200100218,2019년 5월 22일 09시,수요일,전라북도 익산시 삼기면,중상사고,0,1,0,0,차대차 - 측면충돌,직진우회전진행방해,건조,맑음,교차로 - 교차로안,승용,여,40세,상해없음,자전거,여,73세,중상
2019052200100219,2019년 5월 22일 09시,수요일,전라북도 익산시 마동,사망사고,1,0,0,0,차대차 - 측면충돌,직진우회전진행방해,건조,맑음,단일로 - 기타,화물,남,45세,상해없음,자전거,남,71세,사망
2019052200100308,2019년 5월 22일 12시,수요일,전라북도 익산시 삼기면,중상사고,0,1,1,0,차대차 - 측면충돌,신호위반,건조,맑음,교차로 - 교차로안,승용,여,63세,중상,화물,남,28세,경상
2019052200100309,2019년 5월 22일 12시,수요일,전라북도 정읍시 연지동,경상사고,0,0,1,0,차대차 - 측면충돌,직진우회전진행방해,건조,맑음,교차로 - 교차로안,이륜,남,45세,경상,승합,남,34세,상해없음
2019052200100388,2019년 5월 22일 14시,수요일,전라북도 김제시 금구면,경상사고,0,0,2,0,차대차 - 측면충돌,불법유턴,건조,맑음,교차로 - 교차로부근,승용,여,37세,경상,승용,남,56세,경상
2019052200100417,2019년 5월 22일 15시,수요일,전라북도 정읍시 칠보면,경상사고,0,0,1,0,차대사람 - 기타,안전운전불이행,건조,맑음,단일로 - 기타,화물,남,61세,상해없음,보행자,여,20세,경상
2019052200100418,2019년 5월 22일 15시,수요일,전라북도 정읍시 고부면,중상사고,0,1,0,0,차대차 - 측면충돌,안전운전불이행,건조,맑음,교차로 - 교차로안,승용,남,69세,상해없음,승용,여,54세,중상
2019052200100459,2019년 5월 22일 16시,수요일,전라북도 군산시 대야면,경상사고,0,0,1,0,차대차 - 측면충돌,직진우회전진행방해,건조,맑음,교차로 - 교차로안,승용,남,28세,상해없음,승용,여,45세,경상
2019052200100511,2019년 5월 22일 17시,수요일,전라북도 전주시 완산구 삼천동1가,경상사고,0,0,1,0,차대차 - 추돌,안전운전불이행,건조,맑음,교차로 - 교차로부근,승용,남,53세,상해없음,승용,남,19세,경상
2019052200100512,2019년 5월 22일 17시,수요일,전라북도 정읍시 농소동,중상사고,0,3,1,0,차대차 - 측면충돌,신호위반,건조,맑음,교차로 - 교차로안,승용,남,50세,경상,승용,남,49세,중상
2019052200100513,2019년 5월 22일 17시,수요일,전라북도 남원시 동충동,경상사고,0,0,1,0,차대차 - 기타,불법유턴,건조,맑음,교차로 - 교차로부근,자전거,여,74세,경상,승용,남,32세,상해없음
2019052200100637,2019년 5월 22일 20시,수요일,전라북도 전주시 완산구 효자동2가,경상사고,0,0,1,0,차대차 - 추돌,안전운전불이행,건조,흐림,교차로 - 교차로부근,승용,여,46세,상해없음,승용,남,30세,경상
2019052200100638,2019년 5월 22일 20시,수요일,전라북도 김제시 순동,경상사고,0,0,3,0,차대차 - 추돌,안전운전불이행,건조,맑음,교차로 - 교차로부근,승용,여,33세,상해없음,승용,여,44세,경상
2019052200100690,2019년 5월 22일 22시,수요일,전라북도 전주시 완산구 효자동2가,중상사고,0,1,0,0,차대사람 - 기타,안전운전불이행,건조,기타,기타 - 기타,자전거,남,15세,상해없음,보행자,여,74세,중상
2019052300100034,2019년 5월 23일 00시,목요일,전라북도 전주시 완산구 삼천동1가,중상사고,0,1,0,0,차대사람 - 횡단중,안전운전불이행,건조,기타,교차로 - 교차로안,승용,여,55세,상해없음,보행자,남,58세,중상
2019052300100061,2019년 5월 23일 02시,목요일,전라북도 부안군 동진면,중상사고,0,1,0,0,차량단독 - 공작물충돌,안전운전불이행,건조,맑음,교차로 - 교차로안,승용,남,71세,상해없음,,,,
2019052300100076,2019년 5월 23일 04시,목요일,전라북도 군산시 나운동,경상사고,0,0,1,0,차대차 - 정면충돌,안전운전불이행,건조,맑음,교차로 - 교차로부근,승용,여,51세,상해없음,승용,남,39세,경상
2019052300100115,2019년 5월 23일 07시,목요일,전라북도 김제시 월성동,경상사고,0,0,1,0,차대차 - 측면충돌,안전운전불이행,건조,맑음,기타 - 기타,화물,남,51세,상해없음,이륜,남,38세,경상
2019052300100166,2019년 5월 23일 08시,목요일,전라북도 익산시 남중동,중상사고,0,1,0,0,차대차 - 측면충돌,신호위반,건조,맑음,교차로 - 교차로안,승용,남,27세,상해없음,이륜,남,49세,중상
2019052300100167,2019년 5월 23일 08시,목요일,전라북도 무주군 무주읍,중상사고,0,1,0,0,차대차 - 측면충돌,신호위반,건조,맑음,교차로 - 교차로안,승용,여,56세,상해없음,화물,남,60세,중상
2019052300100200,2019년 5월 23일 09시,목요일,전라북도 전주시 완산구 서신동,경상사고,0,0,1,0,차대차 - 추돌,안전운전불이행,건조,맑음,교차로 - 교차로부근,승용,여,65세,상해없음,승용,여,39세,경상
2019052300100201,2019년 5월 23일 09시,목요일,전라북도 군산시 영동,경상사고,0,0,1,0,차대사람 - 기타,안전운전불이행,건조,맑음,단일로 - 기타,자전거,여,48세,상해없음,보행자,여,73세,경상
2019052300100202,2019년 5월 23일 09시,목요일,전라북도 무주군 무풍면,중상사고,0,4,0,0,차대차 - 측면충돌,안전운전불이행,건조,맑음,교차로 - 교차로안,승합,남,57세,상해없음,건설기계,남,51세,상해없음
2019052300100230,2019년 5월 23일 10시,목요일,전라북도 전주시 덕진구 인후동1가,중상사고,0,1,0,0,차대사람 - 차도통행중,안전운전불이행,건조,맑음,단일로 - 기타,승합,남,50세,상해없음,보행자,여,74세,중상
2019052300100231,2019년 5월 23일 10시,목요일,전라북도 정읍시 하북동,경상사고,0,0,1,0,차대차 - 기타,안전운전불이행,건조,맑음,교차로 - 교차로안,건설기계,남,55세,상해없음,화물,남,59세,경상
2019052300100232,2019년 5월 23일 10시,목요일,전라북도 정읍시 송산동,중상사고,0,1,0,0,차대차 - 기타,안전운전불이행,건조,맑음,단일로 - 기타,자전거,남,75세,상해없음,자전거,남,52세,중상
2019052300100233,2019년 5월 23일 10시,목요일,전라북도 정읍시 농소동,경상사고,0,0,1,0,차대차 - 측면충돌,안전운전불이행,건조,맑음,교차로 - 교차로안,건설기계,남,71세,상해없음,승용,남,21세,경상
2019052300100310,2019년 5월 23일 12시,목요일,전라북도 익산시 영등동,중상사고,0,1,2,0,차대차 - 측면충돌,직진우회전진행방해,건조,맑음,교차로 - 교차로안,승용,여,46세,경상,승용,남,19세,중상
2019052300100346,2019년 5월 23일 13시,목요일,전라북도 고창군 고창읍,경상사고,0,0,1,0,차대사람 - 기타,안전운전불이행,건조,맑음,단일로 - 기타,승용,여,51세,상해없음,보행자,여,52세,경상
2019052300100347,2019년 5월 23일 13시,목요일,전라북도 순창군 적성면,경상사고,0,0,1,0,차대차 - 측면충돌,안전운전불이행,건조,맑음,교차로 - 교차로안,승용,남,61세,상해없음,화물,남,25세,상해없음
2019052300100375,2019년 5월 23일 14시,목요일,전라북도 전주시 완산구 삼천동3가,경상사고,0,0,2,0,차대차 - 측면충돌,안전운전불이행,건조,맑음,교차로 - 교차로안,승용,여,47세,상해없음,승용,여,32세,경상
2019052300100376,2019년 5월 23일 14시,목요일,전라북도 장수군 계북면,사망사고,1,0,0,0,차량단독 - 전도전복 - 전도,안전운전불이행,건조,맑음,단일로 - 기타,화물,남,51세,사망,,,,
2019052300100406,2019년 5월 23일 15시,목요일,전라북도 군산시 성산면,경상사고,0,0,1,0,차대차 - 기타,안전운전불이행,건조,맑음,단일로 - 기타,승용,남,33세,상해없음,이륜,남,83세,경상
2019052300100407,2019년 5월 23일 15시,목요일,전라북도 익산시 함열읍,경상사고,0,0,1,0,차대차 - 측면충돌,안전거리미확보,건조,맑음,단일로 - 기타,화물,남,59세,상해없음,화물,남,66세,경상
2019052300100452,2019년 5월 23일 16시,목요일,전라북도 부안군 동진면,중상사고,0,1,1,0,차대사람 - 기타,안전운전불이행,건조,맑음,기타 - 기타,승용,여,59세,상해없음,보행자,남,75세,중상
2019052300100485,2019년 5월 23일 17시,목요일,전라북도 전주시 덕진구 인후동2가,경상사고,0,0,1,0,차대사람 - 차도통행중,안전운전불이행,건조,맑음,단일로 - 기타,승용,남,62세,상해없음,보행자,남,14세,경상
2019052300100486,2019년 5월 23일 17시,목요일,전라북도 전주시 덕진구 덕진동2가,경상사고,0,0,3,0,차대차 - 측면충돌,안전운전불이행,건조,맑음,단일로 - 기타,승용,여,63세,상해없음,승용,남,33세,경상
2019052300100487,2019년 5월 23일 17시,목요일,전라북도 익산시 낭산면,경상사고,0,0,1,0,차대차 - 측면충돌,기타,건조,맑음,교차로 - 교차로안,승용,여,56세,상해없음,승용,남,51세,경상
2019052300100488,2019년 5월 23일 17시,목요일,전라북도 남원시 금지면,경상사고,0,0,1,0,차대차 - 측면충돌,안전운전불이행,건조,맑음,단일로 - 기타,화물,남,45세,상해없음,승합,남,35세,경상
2019052300100539,2019년 5월 23일 18시,목요일,전라북도 군산시 나운동,경상사고,0,0,4,0,차대차 - 추돌,안전운전불이행,건조,맑음,단일로 - 지하차도(도로)내,승용,여,48세,상해없음,승용,남,20세,경상
2019052300100540,2019년 5월 23일 18시,목요일,전라북도 익산시 영등동,경상사고,0,0,1,0,차대차 - 추돌,안전운전불이행,건조,맑음,교차로 - 교차로안,화물,남,43세,상해없음,승용,여,40세,경상
2019052300100665,2019년 5월 23일 21시,목요일,전라북도 익산시 모현동2가,경상사고,0,0,2,0,차대차 - 추돌,안전운전불이행,건조,맑음,교차로 - 교차로부근,승용,여,30세,상해없음,승용,남,42세,경상
2019052300100713,2019년 5월 23일 23시,목요일,전라북도 전주시 덕진구 인후동1가,중상사고,0,1,0,0,차대사람 - 횡단중,보행자보호의무위반,건조,흐림,교차로 - 교차로횡단보도내,특수,남,32세,상해없음,보행자,여,17세,중상
2019052400100050,2019년 5월 24일 01시,금요일,전라북도 군산시 나운동,중상사고,0,1,0,0,차대사람 - 차도통행중,안전운전불이행,건조,맑음,교차로 - 교차로안,승용,남,66세,상해없음,보행자,남,59세,중상
2019052400100063,2019년 5월 24일 02시,금요일,전라북도 전주시 덕진구 우아동3가,경상사고,0,0,1,0,차대차 - 측면충돌,신호위반,건조,맑음,교차로 - 교차로안,승용,남,54세,상해없음,승용,여,44세,경상
2019052400100074,2019년 5월 24일 04시,금요일,전라북도 전주시 완산구 서노송동,경상사고,0,0,2,0,차대차 - 측면충돌,신호위반,건조,맑음,교차로 - 교차로안,승용,남,83세,상해없음,승용,남,80세,경상
2019052400100086,2019년 5월 24일 05시,금요일,전라북도 전주시 덕진구 우아동3가,경상사고,0,0,3,0,차대차 - 측면충돌,과속,건조,맑음,단일로 - 기타,승용,남,20세,경상,화물,남,52세,경상
2019052400100118,2019년 5월 24일 07시,금요일,전라북도 익산시 영등동,경상사고,0,0,1,0,차대사람 - 횡단중,보행자보호의무위반,건조,맑음,교차로 - 교차로안,승용,남,37세,상해없음,보행자,여,57세,경상
2019052400100152,2019년 5월 24일 08시,금요일,전라북도 전주시 덕진구 중동,중상사고,0,1,1,0,차대차 - 기타,안전운전불이행,건조,맑음,단일로 - 기타,승용,여,37세,상해없음,승용,여,27세,중상
2019052400100153,2019년 5월 24일 08시,금요일,전라북도 익산시 신동,경상사고,0,0,1,0,차대차 - 측면충돌,안전거리미확보,건조,맑음,단일로 - 기타,화물,남,56세,상해없음,승용,여,50세,경상
2019052400100196,2019년 5월 24일 09시,금요일,전라북도 익산시 송학동,경상사고,0,0,1,0,차대차 - 측면충돌,교차로운행방법위반,건조,맑음,교차로 - 교차로안,승용,여,33세,상해없음,승용,여,46세,경상
2019052400100261,2019년 5월 24일 11시,금요일,전라북도 완주군 화산면,사망사고,1,0,1,0,차대차 - 추돌,안전운전불이행,건조,맑음,단일로 - 교량,화물,남,32세,경상,농기계,남,80세,사망
2019052400100301,2019년 5월 24일 12시,금요일,전라북도 김제시 부량면,경상사고,0,0,1,0,차대차 - 후진중충돌,안전운전불이행,건조,맑음,교차로 - 교차로안,화물,남,52세,상해없음,화물,남,74세,경상
2019052400100345,2019년 5월 24일 13시,금요일,전라북도 익산시 왕궁면,경상사고,0,0,1,0,차대차 - 추돌,안전거리미확보,건조,맑음,단일로 - 기타,화물,남,45세,상해없음,승용,남,52세,경상
2019052400100346,2019년 5월 24일 13시,금요일,전라북도 무주군 적상면,경상사고,0,0,1,0,차대차 - 추돌,과속,건조,맑음,단일로 - 기타,승합,남,63세,상해없음,화물,여,61세,경상
2019052400100383,2019년 5월 24일 14시,금요일,전라북도 익산시 평화동,경상사고,0,0,1,0,차대차 - 추돌,안전거리미확보,건조,맑음,교차로 - 교차로안,승용,남,30세,상해없음,승용,남,62세,경상
2019052400100384,2019년 5월 24일 14시,금요일,전라북도 익산시 창인동1가,경상사고,0,0,5,0,차대차 - 추돌,안전거리미확보,건조,맑음,교차로 - 교차로부근,승용,남,69세,상해없음,승용,남,29세,경상
2019052400100385,2019년 5월 24일 14시,금요일,전라북도 정읍시 신태인읍,중상사고,0,1,0,0,차대차 - 측면충돌,신호위반,건조,맑음,교차로 - 교차로안,화물,남,52세,상해없음,승용,남,60세,중상
2019052400100386,2019년 5월 24일 14시,금요일,전라북도 정읍시 수성동,경상사고,0,0,1,0,차대차 - 측면충돌,안전운전불이행,건조,맑음,교차로 - 교차로부근,자전거,남,72세,경상,승용,여,58세,상해없음
2019052400100431,2019년 5월 24일 15시,금요일,전라북도 군산시 수송동,경상사고,0,0,1,0,차대사람 - 횡단중,안전운전불이행,건조,맑음,교차로 - 교차로부근,기타불명,기타불명,미분류,기타불명,보행자,여,21세,경상
2019052400100432,2019년 5월 24일 15시,금요일,전라북도 남원시 금지면,중상사고,0,1,0,0,차대차 - 측면충돌,교차로운행방법위반,건조,맑음,교차로 - 교차로안,건설기계,남,48세,상해없음,이륜,남,59세,중상
2019052400100480,2019년 5월 24일 16시,금요일,전라북도 익산시 황등면,경상사고,0,0,3,0,차대차 - 정면충돌,신호위반,건조,맑음,교차로 - 교차로안,승용,남,52세,상해없음,화물,남,34세,경상
2019052400100481,2019년 5월 24일 16시,금요일,전라북도 익산시 왕궁면,경상사고,0,0,1,0,차대차 - 측면충돌,교차로운행방법위반,건조,맑음,교차로 - 교차로안,승용,여,50세,상해없음,건설기계,남,50세,경상
2019052400100482,2019년 5월 24일 16시,금요일,전라북도 정읍시 시기동,경상사고,0,0,1,0,차대차 - 측면충돌,안전운전불이행,건조,맑음,교차로 - 교차로횡단보도내,이륜,남,77세,경상,승용,남,61세,상해없음
2019052400100592,2019년 5월 24일 18시,금요일,전라북도 전주시 완산구 중화산동1가,경상사고,0,0,1,0,차대차 - 측면충돌,안전운전불이행,건조,맑음,단일로 - 기타,승용,남,38세,상해없음,자전거,남,47세,경상
2019052400100593,2019년 5월 24일 18시,금요일,전라북도 익산시 영등동,경상사고,0,0,1,0,차대차 - 추돌,안전운전불이행,건조,맑음,교차로 - 교차로부근,승용,여,55세,상해없음,승합,여,26세,경상
2019052400100676,2019년 5월 24일 20시,금요일,전라북도 완주군 봉동읍,중상사고,0,2,0,0,차대차 - 측면충돌,중앙선침범,건조,맑음,교차로 - 교차로부근,이륜,남,69세,중상,이륜,남,16세,중상
2019052400100772,2019년 5월 24일 23시,금요일,전라북도 전주시 완산구 효자동3가,중상사고,0,1,0,0,차대사람 - 횡단중,과속,건조,맑음,교차로 - 교차로안,승용,남,55세,상해없음,보행자,여,25세,중상
2019052400100773,2019년 5월 24일 23시,금요일,전라북도 김제시 공덕면,경상사고,0,0,1,0,차대차 - 기타,안전운전불이행,건조,맑음,단일로 - 기타,화물,남,50세,상해없음,승용,남,29세,경상
2019052500100024,2019년 5월 25일 00시,토요일,전라북도 전주시 완산구 중화산동2가,중상사고,0,2,0,0,차대차 - 측면충돌,차로위반,건조,맑음,교차로 - 교차로부근,승용,남,28세,상해없음,승용,남,57세,중상
2019052500100025,2019년 5월 25일 00시,토요일,전라북도 군산시 지곡동,경상사고,0,0,2,0,차량단독 - 공작물충돌,안전운전불이행,건조,맑음,단일로 - 기타,승용,남,66세,상해없음,,,,
2019052500100110,2019년 5월 25일 06시,토요일,전라북도 전주시 완산구 서완산동1가,경상사고,0,0,1,0,차대사람 - 횡단중,신호위반,건조,맑음,교차로 - 교차로안,승용,여,39세,상해없음,보행자,여,59세,경상
2019052500100111,2019년 5월 25일 06시,토요일,전라북도 익산시 웅포면,경상사고,0,0,1,0,차대차 - 측면충돌,기타,건조,맑음,단일로 - 기타,원동기,남,73세,경상,승용,남,66세,상해없음
2019052500100186,2019년 5월 25일 09시,토요일,전라북도 전주시 완산구 평화동1가,경상사고,0,0,1,0,차대사람 - 보도통행중,보행자보호의무위반,건조,맑음,단일로 - 기타,승용,여,67세,상해없음,보행자,남,59세,경상
2019052500100187,2019년 5월 25일 09시,토요일,전라북도 완주군 비봉면,중상사고,0,1,2,0,차대차 - 정면충돌,안전운전불이행,건조,맑음,단일로 - 기타,승합,남,45세,상해없음,승합,남,68세,상해없음
2019052500100219,2019년 5월 25일 10시,토요일,전라북도 전주시 덕진구 호성동1가,경상사고,0,0,1,0,차대차 - 측면충돌,안전거리미확보,건조,맑음,단일로 - 기타,승용,여,48세,상해없음,이륜,남,58세,경상
2019052500100297,2019년 5월 25일 12시,토요일,전라북도 전주시 완산구 중앙동3가,경상사고,0,0,3,0,차대차 - 측면충돌,안전운전불이행,건조,맑음,단일로 - 기타,승용,남,62세,상해없음,승용,남,59세,경상
2019052500100298,2019년 5월 25일 12시,토요일,전라북도 전주시 덕진구 팔복동3가,경상사고,0,0,2,0,차대차 - 추돌,안전운전불이행,건조,맑음,단일로 - 기타,승용,여,27세,상해없음,승용,남,51세,경상
2019052500100335,2019년 5월 25일 13시,토요일,전라북도 군산시 중앙로1가,경상사고,0,0,1,0,차대사람 - 횡단중,보행자보호의무위반,건조,맑음,교차로 - 교차로횡단보도내,승용,여,67세,상해없음,보행자,남,68세,경상
2019052500100370,2019년 5월 25일 14시,토요일,전라북도 익산시 영등동,경상사고,0,0,1,0,차대차 - 측면충돌,직진우회전진행방해,건조,맑음,교차로 - 교차로안,승용,여,54세,상해없음,화물,남,42세,경상
2019052500100371,2019년 5월 25일 14시,토요일,전라북도 익산시 마동,경상사고,0,0,1,0,차대차 - 측면충돌,안전운전불이행,건조,맑음,교차로 - 교차로부근,승용,남,39세,상해없음,자전거,남,62세,경상
2019052500100416,2019년 5월 25일 15시,토요일,전라북도 익산시 부송동,중상사고,0,1,0,0,차대사람 - 차도통행중,안전운전불이행,건조,맑음,단일로 - 기타,승용,남,59세,상해없음,보행자,남,8세,중상
2019052500100417,2019년 5월 25일 15시,토요일,전라북도 남원시 사매면,중상사고,0,4,2,0,차대차 - 측면충돌,직진우회전진행방해,건조,맑음,교차로 - 교차로안,화물,남,68세,중상,승용,남,60세,상해없음
2019052500100451,2019년 5월 25일 16시,토요일,전라북도 익산시 남중동,경상사고,0,0,3,0,차대차 - 측면충돌,안전운전불이행,건조,맑음,교차로 - 교차로안,승용,남,58세,상해없음,승용,남,36세,경상
2019052500100492,2019년 5월 25일 17시,토요일,전라북도 전주시 완산구 서신동,중상사고,0,1,0,0,차대사람 - 보도통행중,신호위반,건조,맑음,교차로 - 교차로횡단보도내,승용,여,46세,상해없음,보행자,남,24세,중상
2019052500100493,2019년 5월 25일 17시,토요일,전라북도 군산시 경암동,경상사고,0,0,1,0,차대차 - 측면충돌,안전운전불이행,건조,맑음,단일로 - 기타,화물,남,58세,상해없음,승용,남,64세,경상
2019052500100631,2019년 5월 25일 21시,토요일,전라북도 정읍시 상동,경상사고,0,0,1,0,차량단독 - 기타,안전운전불이행,건조,맑음,기타 - 기타,승용,남,63세,상해없음,,,,
2019052500100632,2019년 5월 25일 21시,토요일,전라북도 김제시 만경읍,경상사고,0,0,1,0,차대차 - 기타,중앙선침범,건조,맑음,단일로 - 기타,농기계,남,63세,상해없음,화물,남,75세,경상
2019052500100663,2019년 5월 25일 22시,토요일,전라북도 순창군 순창읍,중상사고,0,1,0,0,차량단독 - 기타,안전운전불이행,건조,맑음,단일로 - 기타,원동기,남,17세,중상,,,,
2019052500100693,2019년 5월 25일 23시,토요일,전라북도 전주시 덕진구 덕진동1가,중상사고,0,1,2,0,차대차 - 기타,안전운전불이행,건조,맑음,교차로 - 교차로안,승용,여,23세,경상,승용,남,29세,상해없음
2019052500100694,2019년 5월 25일 23시,토요일,전라북도 군산시 나운동,경상사고,0,0,1,0,차대차 - 측면충돌,안전운전불이행,건조,기타,교차로 - 교차로안,이륜,남,21세,상해없음,승용,남,53세,경상
2019052500100695,2019년 5월 25일 23시,토요일,전라북도 군산시 수송동,경상사고,0,0,1,0,차대차 - 측면충돌,안전운전불이행,건조,맑음,교차로 - 교차로안,승합,남,39세,상해없음,승용,남,67세,경상
2019052600100055,2019년 5월 26일 02시,일요일,전라북도 남원시 죽항동,경상사고,0,0,2,0,차대차 - 측면충돌,신호위반,건조,맑음,교차로 - 교차로안,승용,남,41세,상해없음,승용,남,53세,경상
2019052600100091,2019년 5월 26일 05시,일요일,전라북도 전주시 완산구 중화산동2가,경상사고,0,0,1,0,차대차 - 기타,중앙선침범,건조,맑음,단일로 - 기타,승용,남,28세,상해없음,승용,여,27세,경상
2019052600100092,2019년 5월 26일 05시,일요일,전라북도 전주시 덕진구 송천동2가,경상사고,0,0,1,0,차대차 - 측면충돌,안전운전불이행,건조,맑음,단일로 - 기타,승용,남,34세,상해없음,승용,남,55세,경상
2019052600100111,2019년 5월 26일 07시,일요일,전라북도 순창군 순창읍,경상사고,0,0,3,0,차대차 - 기타,기타,건조,맑음,단일로 - 기타,승용,남,67세,상해없음,승용,남,47세,경상
2019052600100131,2019년 5월 26일 09시,일요일,전라북도 전주시 덕진구 우아동3가,경상사고,0,0,6,1,차대차 - 측면충돌,신호위반,건조,맑음,교차로 - 교차로안,승용,남,58세,상해없음,승용,남,52세,부상신고
2019052600100132,2019년 5월 26일 09시,일요일,전라북도 고창군 해리면,중상사고,0,1,0,0,차대사람 - 기타,안전운전불이행,건조,맑음,기타 - 기타,승용,남,36세,상해없음,보행자,남,6세,중상