사고번호,사고일시,요일,시군구,사고내용,사망자수,중상자수,경상자수,부상신고자수,사고유형,법규위반,노면상태,기상상태,도로형태,가해운전자 차종,가해운전자 성별,가해운전자 연령,가해운전자 상해정도,피해운전자 차종,피해운전자 성별,피해운전자 연령,피해운전자 상해정도
2019052600100256,2019년 5월 26일 13시,일요일,전라북도 군산시 옥도면,중상사고,0,2,1,0,차대차 - 측면충돌,안전운전불이행,건조,맑음,단일로 - 지하차도(도로)내,승용,남,59세,상해없음,승용,남,80세,경상
2019052600100329,2019년 5월 26일 15시,일요일,전라북도 군산시 장미동,경상사고,0,0,2,0,차대차 - 추돌,안전운전불이행,건조,맑음,단일로 - 지하차도(도로)내,승용,여,53세,상해없음,승용,여,49세,경상
2019052600100330,2019년 5월 26일 15시,일요일,전라북도 익산시 송학동,중상사고,0,1,0,0,차대사람 - 횡단중,신호위반,건조,맑음,교차로 - 교차로횡단보도내,승용,남,48세,상해없음,보행자,여,13세,중상
2019052600100368,2019년 5월 26일 16시,일요일,전라북도 전주시 완산구 평화동2가,경상사고,0,0,2,0,차대차 - 추돌,안전운전불이행,건조,맑음,단일로 - 기타,승합,남,48세,상해없음,승용,남,63세,경상
2019052600100369,2019년 5월 26일 16시,일요일,전라북도 전주시 덕진구 덕진동2가,경상사고,0,0,1,0,차대차 - 측면충돌,안전거리미확보,건조,맑음,단일로 - 기타,승용,남,68세,상해없음,승용,남,59세,경상
2019052600100428,2019년 5월 26일 18시,일요일,전라북도 전주시 완산구 서신동,경상사고,0,0,1,0,차대차 - 측면충돌,차로위반,건조,맑음,교차로 - 교차로부근,승합,남,55세,상해없음,승용,남,45세,경상
2019052600100500,2019년 5월 26일 21시,일요일,전라북도 전주시 덕진구 중동,경상사고,0,0,3,0,차대차 - 측면충돌,안전운전불이행,건조,맑음,교차로 - 교차로안,승용,남,46세,상해없음,승용,남,45세,경상
2019052700100029,2019년 5월 27일 00시,월요일,전라북도 익산시 모현동1가,경상사고,0,0,3,0,차대차 - 측면충돌,신호위반,젖음/습기,비,교차로 - 교차로안,승용,남,26세,상해없음,승용,남,37세,경상
2019052700100071,2019년 5월 27일 05시,월요일,전라북도 군산시 수송동,경상사고,0,0,2,0,차대차 - 기타,안전운전불이행,젖음/습기,비,교차로 - 교차로안,화물,남,74세,상해없음,승용,남,65세,경상
2019052700100107,2019년 5월 27일 07시,월요일,전라북도 전주시 완산구 서신동,경상사고,0,0,2,0,차대차 - 추돌,안전운전불이행,젖음/습기,비,단일로 - 기타,승용,남,22세,상해없음,화물,남,43세,경상
2019052700100108,2019년 5월 27일 07시,월요일,전라북도 군산시 옥구읍,경상사고,0,0,1,0,차대차 - 측면충돌,안전거리미확보,건조,맑음,단일로 - 지하차도(도로)내,화물,남,53세,상해없음,승용,남,50세,경상
2019052700100109,2019년 5월 27일 07시,월요일,전라북도 군산시 서흥남동,경상사고,0,0,1,0,차대차 - 기타,차로위반,젖음/습기,비,단일로 - 기타,승용,남,63세,상해없음,승용,남,36세,경상
2019052700100110,2019년 5월 27일 07시,월요일,전라북도 김제시 금구면,경상사고,0,0,1,0,차대차 - 추돌,안전거리미확보,젖음/습기,비,교차로 - 교차로안,화물,남,36세,상해없음,승용,여,51세,경상
2019052700100111,2019년 5월 27일 07시,월요일,전라북도 부안군 계화면,중상사고,0,1,3,0,차대차 - 측면충돌,안전운전불이행,건조,맑음,교차로 - 교차로안,화물,남,70세,경상,승용,여,59세,중상
2019052700100156,2019년 5월 27일 08시,월요일,전라북도 전주시 완산구 중노송동,경상사고,0,0,2,0,차대차 - 측면충돌,안전거리미확보,젖음/습기,비,단일로 - 지하차도(도로)내,화물,남,46세,상해없음,승용,남,53세,경상
2019052700100157,2019년 5월 27일 08시,월요일,전라북도 전주시 완산구 남노송동,경상사고,0,0,1,0,차대사람 - 기타,안전운전불이행,젖음/습기,비,단일로 - 기타,승용,남,48세,상해없음,보행자,남,18세,경상
2019052700100244,2019년 5월 27일 10시,월요일,전라북도 전주시 완산구 효자동3가,경상사고,0,0,1,0,차대차 - 측면충돌,직진우회전진행방해,건조,맑음,교차로 - 교차로안,승용,여,57세,상해없음,승용,남,55세,경상
2019052700100310,2019년 5월 27일 12시,월요일,전라북도 전주시 완산구 삼천동1가,중상사고,0,1,0,0,차대사람 - 횡단중,보행자보호의무위반,젖음/습기,비,교차로 - 교차로횡단보도내,승용,여,26세,상해없음,보행자,여,54세,중상
2019052700100311,2019년 5월 27일 12시,월요일,전라북도 남원시 쌍교동,경상사고,0,0,1,0,차대차 - 기타,안전운전불이행,건조,맑음,단일로 - 기타,이륜,여,72세,경상,승용,남,43세,상해없음
2019052700100348,2019년 5월 27일 13시,월요일,전라북도 전주시 완산구 효자동3가,경상사고,0,0,1,0,차대차 - 측면충돌,직진우회전진행방해,건조,맑음,교차로 - 교차로안,승용,여,27세,상해없음,승용,남,42세,경상
2019052700100349,2019년 5월 27일 13시,월요일,전라북도 군산시 대명동,경상사고,0,0,2,0,차대차 - 추돌,안전운전불이행,건조,맑음,교차로 - 교차로부근,승용,남,36세,상해없음,승용,남,34세,경상
2019052700100379,2019년 5월 27일 14시,월요일,전라북도 전주시 덕진구 송천동2가,중상사고,0,1,1,0,차대차 - 측면충돌,신호위반,젖음/습기,비,교차로 - 교차로안,화물,남,51세,상해없음,화물,남,75세,중상
2019052700100380,2019년 5월 27일 14시,월요일,전라북도 전주시 덕진구 우아동3가,경상사고,0,0,1,0,차대차 - 측면충돌,안전운전불이행,젖음/습기,흐림,교차로 - 교차로안,승용,남,71세,상해없음,화물,남,45세,경상
2019052700100381,2019년 5월 27일 14시,월요일,전라북도 군산시 수송동,경상사고,0,0,1,0,차대차 - 기타,안전운전불이행,건조,맑음,교차로 - 교차로부근,화물,남,43세,상해없음,승용,여,42세,경상
2019052700100382,2019년 5월 27일 14시,월요일,전라북도 김제시 신풍동,경상사고,0,0,1,0,차대차 - 정면충돌,안전운전불이행,젖음/습기,비,교차로 - 교차로안,승용,여,60세,상해없음,승용,남,61세,경상
2019052700100383,2019년 5월 27일 14시,월요일,전라북도 부안군 부안읍,경상사고,0,0,1,0,차대차 - 측면충돌,신호위반,젖음/습기,흐림,교차로 - 교차로안,승용,남,71세,경상,건설기계,남,51세,상해없음
2019052700100384,2019년 5월 27일 14시,월요일,전라북도 부안군 줄포면,경상사고,0,0,1,0,차대차 - 측면충돌,신호위반,젖음/습기,비,교차로 - 교차로안,승용,남,77세,상해없음,화물,남,54세,경상
2019052700100444,2019년 5월 27일 16시,월요일,전라북도 전주시 완산구 서신동,경상사고,0,0,3,0,차대차 - 정면충돌,안전거리미확보,젖음/습기,비,교차로 - 교차로안,기타불명,기타불명,미분류,기타불명,승용,남,28세,경상
2019052700100445,2019년 5월 27일 16시,월요일,전라북도 김제시 용지면,중상사고,0,1,0,0,차대차 - 측면충돌,직진우회전진행방해,젖음/습기,비,교차로 - 교차로안,화물,남,75세,상해없음,승용,남,63세,중상
2019052700100446,2019년 5월 27일 16시,월요일,전라북도 임실군 오수면,중상사고,0,1,3,0,차대차 - 측면충돌,신호위반,젖음/습기,비,교차로 - 교차로안,승용,남,42세,경상,승합,남,52세,경상
2019052700100580,2019년 5월 27일 20시,월요일,전라북도 정읍시 수성동,중상사고,0,1,0,0,차대차 - 측면충돌,직진우회전진행방해,젖음/습기,비,교차로 - 교차로안,승용,여,46세,상해없음,이륜,남,54세,중상
2019052700100605,2019년 5월 27일 21시,월요일,전라북도 전주시 덕진구 금암동,중상사고,0,1,0,0,차대사람 - 기타,안전운전불이행,젖음/습기,비,단일로 - 기타,승용,남,64세,상해없음,보행자,여,62세,중상
2019052700100606,2019년 5월 27일 21시,월요일,전라북도 군산시 성산면,경상사고,0,0,1,0,차대차 - 기타,기타,건조,맑음,단일로 - 기타,화물,남,47세,상해없음,화물,남,54세,경상
2019052800100031,2019년 5월 28일 00시,화요일,전라북도 남원시 쌍교동,중상사고,0,1,0,0,차대사람 - 기타,안전운전불이행,건조,흐림,단일로 - 기타,승용,남,44세,상해없음,보행자,남,39세,중상
2019052800100082,2019년 5월 28일 06시,화요일,전라북도 전주시 덕진구 팔복동1가,중상사고,0,1,0,0,차대사람 - 횡단중,안전운전불이행,건조,맑음,교차로 - 교차로부근,승용,남,54세,상해없음,보행자,여,72세,중상
2019052800100106,2019년 5월 28일 07시,화요일,전라북도 부안군 부안읍,중상사고,0,1,0,0,차대차 - 측면충돌,안전운전불이행,건조,맑음,교차로 - 교차로부근,승용,남,68세,상해없음,원동기,남,56세,중상
2019052800100141,2019년 5월 28일 08시,화요일,전라북도 정읍시 상동,중상사고,0,1,0,0,차대차 - 측면충돌,직진우회전진행방해,건조,맑음,교차로 - 교차로안,승용,여,37세,상해없음,이륜,남,52세,중상
2019052800100142,2019년 5월 28일 08시,화요일,전라북도 고창군 고창읍,중상사고,0,1,1,0,차대차 - 측면충돌,교차로운행방법위반,건조,맑음,교차로 - 교차로안,이륜,남,80세,상해없음,이륜,남,73세,경상
2019052800100260,2019년 5월 28일 11시,화요일,전라북도 군산시 옥구읍,경상사고,0,0,1,0,차대차 - 기타,안전운전불이행,건조,맑음,단일로 - 기타,자전거,남,21세,경상,승용,여,35세,상해없음
2019052800100261,2019년 5월 28일 11시,화요일,전라북도 익산시 남중동,중상사고,0,1,0,0,차대사람 - 횡단중,안전운전불이행,건조,맑음,단일로 - 기타,승용,여,48세,상해없음,보행자,여,86세,중상
2019052800100320,2019년 5월 28일 13시,화요일,전라북도 부안군 진서면,중상사고,0,1,0,0,차대사람 - 기타,안전운전불이행,건조,맑음,단일로 - 기타,화물,남,55세,상해없음,보행자,남,45세,중상
2019052800100367,2019년 5월 28일 14시,화요일,전라북도 진안군 진안읍,경상사고,0,0,1,0,차대차 - 추돌,중앙선침범,건조,맑음,단일로 - 기타,승합,남,44세,상해없음,화물,남,39세,경상
2019052800100415,2019년 5월 28일 15시,화요일,전라북도 전주시 완산구 삼천동1가,경상사고,0,0,1,0,차대사람 - 기타,안전운전불이행,건조,맑음,교차로 - 교차로부근,승용,남,61세,상해없음,보행자,남,86세,경상
2019052800100416,2019년 5월 28일 15시,화요일,전라북도 전주시 덕진구 덕진동1가,중상사고,0,1,0,0,차량단독 - 기타,안전운전불이행,건조,맑음,단일로 - 기타,승합,남,48세,상해없음,,,,
2019052800100417,2019년 5월 28일 15시,화요일,전라북도 군산시 나운동,경상사고,0,0,1,0,차대차 - 기타,안전운전불이행,건조,맑음,단일로 - 기타,원동기,남,79세,경상,승용,남,32세,상해없음
2019052800100466,2019년 5월 28일 16시,화요일,전라북도 김제시 황산면,중상사고,0,1,0,0,차량단독 - 기타,기타,건조,맑음,기타 - 기타,사륜오토바이(ATV),여,42세,상해없음,,,,
2019052800100467,2019년 5월 28일 16시,화요일,전라북도 순창군 인계면,중상사고,0,1,0,1,차대사람 - 기타,안전운전불이행,건조,맑음,기타 - 기타,건설기계,남,60세,부상신고,보행자,남,50세,중상
2019052800100590,2019년 5월 28일 18시,화요일,전라북도 전주시 완산구 평화동1가,경상사고,0,0,2,0,차대차 - 측면충돌,안전운전불이행,건조,맑음,단일로 - 기타,승용,남,55세,상해없음,승용,여,25세,경상
2019052800100591,2019년 5월 28일 18시,화요일,전라북도 군산시 미룡동,중상사고,0,1,0,0,차대차 - 기타,안전운전불이행,건조,맑음,단일로 - 기타,화물,남,31세,상해없음,자전거,여,21세,중상
2019052800100678,2019년 5월 28일 20시,화요일,전라북도 김제시 신풍동,경상사고,0,0,1,0,차대차 - 측면충돌,불법유턴,건조,맑음,교차로 - 교차로부근,승용,남,39세,상해없음,이륜,남,37세,경상
2019052800100705,2019년 5월 28일 21시,화요일,전라북도 군산시 금암동,중상사고,0,1,0,0,차대차 - 기타,안전운전불이행,건조,맑음,교차로 - 교차로안,승용,남,62세,상해없음,승용,여,34세,중상
2019052800100741,2019년 5월 28일 22시,화요일,전라북도 고창군 아산면,경상사고,0,0,3,0,차대차 - 추돌,안전거리미확보,건조,맑음,교차로 - 교차로부근,화물,남,38세,경상,승용,남,18세,경상
2019052900100056,2019년 5월 29일 03시,수요일,전라북도 전주시 완산구 중화산동2가,경상사고,0,0,1,0,차대차 - 추돌,안전운전불이행,건조,맑음,단일로 - 지하차도(도로)내,화물,남,46세,상해없음,승용,여,61세,경상
2019052900100066,2019년 5월 29일 05시,수요일,전라북도 고창군 대산면,중상사고,0,1,2,0,차대차 - 측면충돌,교차로운행방법위반,건조,맑음,교차로 - 교차로안,화물,남,46세,경상,승용,남,72세,경상
2019052900100146,2019년 5월 29일 08시,수요일,전라북도 전주시 덕진구 산정동,중상사고,0,1,1,0,차대차 - 측면충돌,직진우회전진행방해,건조,맑음,단일로 - 기타,승용,여,53세,경상,승용,여,33세,중상
2019052900100147,2019년 5월 29일 08시,수요일,전라북도 익산시 금마면,중상사고,0,1,0,0,차대차 - 측면충돌,안전운전불이행,건조,맑음,교차로 - 교차로안,농기계,남,70세,상해없음,화물,남,53세,상해없음
2019052900100148,2019년 5월 29일 08시,수요일,전라북도 정읍시 상동,경상사고,0,0,1,0,차대차 - 측면충돌,직진우회전진행방해,건조,맑음,교차로 - 교차로안,이륜,여,26세,경상,화물,남,40세,상해없음
2019052900100227,2019년 5월 29일 10시,수요일,전라북도 익산시 인화동2가,경상사고,0,0,1,0,차대차 - 측면충돌,직진우회전진행방해,건조,맑음,교차로 - 교차로안,승용,남,62세,상해없음,승용,남,27세,경상
2019052900100258,2019년 5월 29일 11시,수요일,전라북도 전주시 완산구 서신동,중상사고,0,1,0,0,차대사람 - 보도통행중,기타,건조,맑음,교차로 - 교차로부근,승용,남,44세,상해없음,보행자,여,70세,중상
2019052900100259,2019년 5월 29일 11시,수요일,전라북도 익산시 갈산동,중상사고,0,1,0,0,차대사람 - 횡단중,안전운전불이행,건조,맑음,단일로 - 기타,이륜,남,56세,상해없음,보행자,남,74세,중상
2019052900100286,2019년 5월 29일 12시,수요일,전라북도 정읍시 상동,경상사고,0,0,1,0,차대차 - 기타,직진우회전진행방해,건조,맑음,교차로 - 교차로안,승용,여,40세,상해없음,이륜,남,51세,경상
2019052900100320,2019년 5월 29일 13시,수요일,전라북도 전주시 덕진구 금암동,경상사고,0,0,1,0,차대차 - 기타,안전운전불이행,건조,맑음,단일로 - 기타,화물,남,65세,상해없음,승합,남,51세,상해없음
2019052900100321,2019년 5월 29일 13시,수요일,전라북도 익산시 갈산동,경상사고,0,0,1,0,차대차 - 측면충돌,안전운전불이행,건조,맑음,단일로 - 기타,승용,남,53세,상해없음,이륜,남,69세,경상
2019052900100322,2019년 5월 29일 13시,수요일,전라북도 익산시 마동,중상사고,0,1,0,0,차대차 - 정면충돌,직진우회전진행방해,건조,맑음,교차로 - 교차로안,승용,남,50세,상해없음,이륜,남,54세,중상
2019052900100350,2019년 5월 29일 14시,수요일,전라북도 전주시 덕진구 우아동3가,경상사고,0,0,3,0,차대차 - 추돌,안전운전불이행,건조,맑음,단일로 - 기타,승용,남,53세,상해없음,승용,남,69세,경상
2019052900100402,2019년 5월 29일 15시,수요일,전라북도 부안군 부안읍,중상사고,0,1,0,0,차대사람 - 기타,불법유턴,건조,맑음,기타 - 기타,승용,남,45세,상해없음,보행자,여,64세,중상
2019052900100447,2019년 5월 29일 16시,수요일,전라북도 익산시 어양동,경상사고,0,0,2,0,차대차 - 측면충돌,안전운전불이행,건조,맑음,단일로 - 기타,승용,남,57세,상해없음,승용,여,41세,경상
2019052900100448,2019년 5월 29일 16시,수요일,전라북도 정읍시 연지동,경상사고,0,0,2,0,차대차 - 측면충돌,신호위반,건조,맑음,교차로 - 교차로안,승용,여,73세,상해없음,승용,남,71세,상해없음
2019052900100506,2019년 5월 29일 17시,수요일,전라북도 전주시 완산구 원당동,경상사고,0,0,2,0,차대차 - 추돌,안전거리미확보,건조,맑음,단일로 - 교량,승용,남,47세,상해없음,승용,남,20세,경상
2019052900100507,2019년 5월 29일 17시,수요일,전라북도 익산시 춘포면,경상사고,0,0,1,0,차대차 - 기타,안전운전불이행,건조,맑음,단일로 - 기타,승용,여,43세,상해없음,승용,여,56세,경상
2019052900100508,2019년 5월 29일 17시,수요일,전라북도 익산시 마동,중상사고,0,1,0,0,차대차 - 측면충돌,안전운전불이행,건조,맑음,단일로 - 기타,이륜,여,66세,상해없음,자전거,남,55세,중상
2019052900100509,2019년 5월 29일 17시,수요일,전라북도 김제시 교동,경상사고,0,0,1,0,차대차 - 측면충돌,안전운전불이행,건조,맑음,교차로 - 교차로안,승용,여,40세,상해없음,이륜,여,66세,경상
2019052900100558,2019년 5월 29일 18시,수요일,전라북도 전주시 완산구 효자동3가,경상사고,0,0,1,0,차대사람 - 횡단중,보행자보호의무위반,건조,맑음,교차로 - 교차로안,승용,여,26세,상해없음,보행자,여,14세,경상
2019052900100559,2019년 5월 29일 18시,수요일,전라북도 군산시 경암동,경상사고,0,0,1,0,차대차 - 기타,교차로운행방법위반,건조,맑음,교차로 - 교차로안,승용,여,51세,상해없음,승용,남,61세,경상
2019052900100560,2019년 5월 29일 18시,수요일,전라북도 정읍시 농소동,중상사고,0,1,1,0,차대사람 - 횡단중,보행자보호의무위반,건조,맑음,교차로 - 교차로횡단보도내,승용,남,54세,상해없음,보행자,여,81세,중상
2019052900100561,2019년 5월 29일 18시,수요일,전라북도 정읍시 연지동,중상사고,0,1,0,0,차대차 - 측면충돌,직진우회전진행방해,건조,맑음,교차로 - 교차로안,승용,여,19세,상해없음,승용,남,71세,중상
2019052900100643,2019년 5월 29일 20시,수요일,전라북도 전주시 덕진구 인후동1가,경상사고,0,0,2,0,차대차 - 측면충돌,직진우회전진행방해,건조,맑음,교차로 - 교차로안,화물,남,54세,상해없음,승용,여,31세,경상
2019052900100644,2019년 5월 29일 20시,수요일,전라북도 고창군 성내면,중상사고,0,1,0,0,차대차 - 정면충돌,중앙선침범,건조,맑음,단일로 - 기타,화물,남,63세,상해없음,승용,여,65세,중상
2019052900100678,2019년 5월 29일 21시,수요일,전라북도 전주시 덕진구 진북동,경상사고,0,0,1,0,차대차 - 측면충돌,안전거리미확보,건조,맑음,단일로 - 교량,승용,남,24세,상해없음,승용,여,61세,경상
2019052900100679,2019년 5월 29일 21시,수요일,전라북도 전주시 덕진구 팔복동1가,사망사고,1,0,0,0,차대사람 - 횡단중,안전운전불이행,건조,맑음,단일로 - 기타,승용,남,39세,상해없음,보행자,남,66세,사망
2019052900100680,2019년 5월 29일 21시,수요일,전라북도 군산시 수송동,경상사고,0,0,2,0,차대차 - 기타,차로위반,건조,맑음,단일로 - 기타,승용,여,61세,경상,승용,남,33세,경상
2019052900100727,2019년 5월 29일 23시,수요일,전라북도 군산시 수송동,경상사고,0,0,2,0,차대사람 - 보도통행중,신호위반,건조,맑음,교차로 - 교차로안,승용,남,74세,상해없음,보행자,여,21세,경상
2019053000100054,2019년 5월 30일 02시,목요일,전라북도 전주시 완산구 다가동3가,경상사고,0,0,3,0,차대차 - 측면충돌,신호위반,건조,맑음,교차로 - 교차로안,승용,남,22세,상해없음,승용,남,23세,경상
2019053000100055,2019년 5월 30일 02시,목요일,전라북도 전주시 덕진구 송천동1가,경상사고,0,0,2,1,차대차 - 추돌,안전운전불이행,건조,맑음,교차로 - 교차로부근,승용,여,44세,상해없음,승용,남,29세,경상
2019053000100056,2019년 5월 30일 02시,목요일,전라북도 전주시 덕진구 송천동2가,경상사고,0,0,1,0,차량단독 - 공작물충돌,안전운전불이행,건조,맑음,단일로 - 기타,이륜,남,19세,상해없음,,,,
2019053000100084,2019년 5월 30일 05시,목요일,전라북도 전주시 덕진구 송천동2가,중상사고,0,1,0,0,차량단독 - 전도전복 - 전도,안전운전불이행,건조,맑음,단일로 - 기타,이륜,남,17세,중상,,,,
2019053000100155,2019년 5월 30일 08시,목요일,전라북도 전주시 덕진구 금암동,중상사고,0,1,0,0,차량단독 - 기타,안전운전불이행,건조,흐림,단일로 - 기타,승합,남,54세,상해없음,,,,
2019053000100156,2019년 5월 30일 08시,목요일,전라북도 익산시 함열읍,사망사고,1,0,0,0,차대차 - 추돌,안전운전불이행,건조,맑음,단일로 - 지하차도(도로)내,승용,남,23세,상해없음,자전거,남,67세,사망
2019053000100157,2019년 5월 30일 08시,목요일,전라북도 김제시 용지면,경상사고,0,0,3,0,차대차 - 측면충돌,안전운전불이행,건조,맑음,교차로 - 교차로안,승용,남,23세,경상,승용,여,31세,경상
2019053000100200,2019년 5월 30일 09시,목요일,전라북도 정읍시 수성동,중상사고,0,1,0,0,차대차 - 측면충돌,직진우회전진행방해,건조,맑음,교차로 - 교차로안,승합,여,36세,상해없음,승용,남,58세,중상
2019053000100201,2019년 5월 30일 09시,목요일,전라북도 고창군 고창읍,경상사고,0,0,6,0,차대차 - 측면충돌,교차로운행방법위반,건조,맑음,교차로 - 교차로안,승용,여,47세,경상,승용,여,27세,경상
2019053000100229,2019년 5월 30일 10시,목요일,전라북도 부안군 부안읍,중상사고,0,1,0,0,차대사람 - 횡단중,보행자보호의무위반,건조,맑음,교차로 - 교차로횡단보도내,원동기,남,51세,상해없음,보행자,여,77세,중상
2019053000100267,2019년 5월 30일 11시,목요일,전라북도 정읍시 송산동,경상사고,0,0,4,0,차대차 - 추돌,안전운전불이행,건조,맑음,교차로 - 교차로부근,승용,여,53세,상해없음,승용,여,62세,경상
2019053000100268,2019년 5월 30일 11시,목요일,전라북도 고창군 해리면,경상사고,0,0,1,0,차대차 - 측면충돌,안전운전불이행,건조,맑음,교차로 - 교차로안,화물,남,56세,상해없음,이륜,남,46세,경상
2019053000100300,2019년 5월 30일 12시,목요일,전라북도 전주시 완산구 중인동,경상사고,0,0,1,0,차대차 - 측면충돌,안전운전불이행,건조,맑음,기타 - 기타,승용,남,60세,상해없음,승용,여,61세,경상
2019053000100301,2019년 5월 30일 12시,목요일,전라북도 김제시 광활면,중상사고,0,1,0,0,차대차 - 정면충돌,안전운전불이행,건조,맑음,교차로 - 교차로부근,화물,남,75세,상해없음,자전거,여,82세,중상
2019053000100302,2019년 5월 30일 12시,목요일,전라북도 남원시 금지면,경상사고,0,0,4,0,차대차 - 측면충돌,신호위반,건조,맑음,교차로 - 교차로안,화물,남,74세,상해없음,승용,남,35세,경상
2019053000100343,2019년 5월 30일 14시,목요일,전라북도 익산시 남중동,경상사고,0,0,3,0,차대차 - 측면충돌,불법유턴,건조,맑음,단일로 - 기타,승용,여,36세,상해없음,승용,여,49세,경상
2019053000100371,2019년 5월 30일 15시,목요일,전라북도 전주시 완산구 평화동2가,중상사고,0,1,0,0,차대차 - 측면충돌,기타,건조,맑음,교차로 - 교차로안,승용,남,34세,상해없음,자전거,남,9세,중상
2019053000100402,2019년 5월 30일 16시,목요일,전라북도 전주시 덕진구 중동,경상사고,0,0,1,0,차대차 - 기타,안전운전불이행,건조,흐림,교차로 - 교차로안,승용,여,44세,상해없음,승합,남,61세,경상
2019053000100486,2019년 5월 30일 18시,목요일,전라북도 익산시 남중동,중상사고,0,1,0,0,차량단독 - 공작물충돌,안전운전불이행,건조,맑음,단일로 - 기타,승합,여,56세,상해없음,,,,
2019053000100487,2019년 5월 30일 18시,목요일,전라북도 고창군 고수면,중상사고,0,1,0,0,차대사람 - 기타,안전운전불이행,건조,맑음,기타 - 기타,승합,여,54세,상해없음,보행자,여,83세,중상
2019053000100526,2019년 5월 30일 19시,목요일,전라북도 전주시 완산구 서신동,경상사고,0,0,2,0,차대차 - 측면충돌,신호위반,건조,기타,교차로 - 교차로횡단보도내,승용,여,44세,상해없음,승용,남,25세,경상
2019053000100527,2019년 5월 30일 19시,목요일,전라북도 익산시 목천동,경상사고,0,0,1,0,차대차 - 기타,안전운전불이행,건조,맑음,단일로 - 기타,화물,남,57세,상해없음,승용,남,57세,경상
2019053000100558,2019년 5월 30일 20시,목요일,전라북도 익산시 남중동,부상신고사고,0,0,0,1,차대차 - 측면충돌,안전운전불이행,건조,맑음,단일로 - 기타,자전거,남,13세,부상신고,승용,남,29세,상해없음
2019053000100617,2019년 5월 30일 22시,목요일,전라북도 전주시 완산구 중화산동2가,경상사고,0,0,1,0,차대차 - 측면충돌,중앙선침범,젖음/습기,비,교차로 - 교차로부근,기타불명,기타불명,미분류,기타불명,승용,남,71세,경상
2019053000100618,2019년 5월 30일 22시,목요일,전라북도 완주군 소양면,경상사고,0,0,1,0,차대차 - 기타,차로위반,건조,맑음,단일로 - 기타,특수,남,54세,상해없음,특수,남,40세,경상
2019053000100647,2019년 5월 30일 23시,목요일,전라북도 전주시 완산구 평화동3가,중상사고,0,1,0,0,차대차 - 측면충돌,안전운전불이행,젖음/습기,비,단일로 - 기타,승합,남,54세,기타불명,승용,남,57세,중상
2019053100100041,2019년 5월 31일 00시,금요일,전라북도 전주시 덕진구 팔복동1가,경상사고,0,0,1,0,차대차 - 추돌,안전운전불이행,젖음/습기,비,단일로 - 기타,승용,남,33세,상해없음,화물,남,48세,경상
2019053100100042,2019년 5월 31일 00시,금요일,전라북도 익산시 영등동,경상사고,0,0,2,0,차대차 - 측면충돌,안전운전불이행,건조,맑음,교차로 - 교차로안,승용,남,59세,상해없음,승용,남,37세,경상
2019053100100066,2019년 5월 31일 02시,금요일,전라북도 전주시 완산구 효자동2가,경상사고,0,0,2,0,차대차 - 정면충돌,신호위반,건조,기타,교차로 - 교차로안,승용,남,29세,상해없음,승용,남,48세,경상
2019053100100087,2019년 5월 31일 05시,금요일,전라북도 김제시 죽산면,경상사고,0,0,3,0,차대차 - 측면충돌,기타,건조,맑음,교차로 - 교차로안,화물,남,51세,상해없음,승용,남,71세,경상
2019053100100104,2019년 5월 31일 06시,금요일,전라북도 군산시 조촌동,경상사고,0,0,1,0,차대차 - 기타,안전운전불이행,건조,맑음,교차로 - 교차로안,이륜,남,84세,상해없음,승용,여,35세,경상
2019053100100154,2019년 5월 31일 08시,금요일,전라북도 군산시 나운동,중상사고,0,2,1,0,차대차 - 기타,안전운전불이행,건조,맑음,단일로 - 기타,승용,남,61세,상해없음,화물,남,49세,중상
2019053100100194,2019년 5월 31일 09시,금요일,전라북도 부안군 부안읍,중상사고,0,1,0,0,차대차 - 측면충돌,직진우회전진행방해,건조,맑음,교차로 - 교차로안,화물,남,60세,상해없음,승용,여,59세,중상
2019053100100225,2019년 5월 31일 10시,금요일,전라북도 전주시 완산구 고사동,중상사고,0,1,0,0,차대차 - 측면충돌,안전운전불이행,건조,맑음,교차로 - 교차로안,승용,남,43세,상해없음,이륜,남,81세,중상
2019053100100251,2019년 5월 31일 11시,금요일,전라북도 남원시 동충동,경상사고,0,0,1,0,차대차 - 측면충돌,안전운전불이행,건조,맑음,교차로 - 교차로안,승용,여,31세,상해없음,승용,여,59세,경상
2019053100100252,2019년 5월 31일 11시,금요일,전라북도 완주군 삼례읍,경상사고,0,0,1,0,차대차 - 측면충돌,안전거리미확보,건조,맑음,단일로 - 기타,승용,여,33세,상해없음,승용,남,41세,경상
2019053100100295,2019년 5월 31일 12시,금요일,전라북도 군산시 경장동,경상사고,0,0,1,0,차대차 - 기타,직진우회전진행방해,건조,맑음,교차로 - 교차로안,승용,남,44세,상해없음,이륜,남,43세,경상
2019053100100296,2019년 5월 31일 12시,금요일,전라북도 정읍시 농소동,경상사고,0,0,1,0,차대차 - 측면충돌,안전운전불이행,건조,맑음,단일로 - 기타,화물,남,61세,상해없음,승용,남,50세,경상
2019053100100297,2019년 5월 31일 12시,금요일,전라북도 남원시 산동면,사망사고,1,1,0,0,차대차 - 기타,과속,건조,맑음,단일로 - 기타,승용,여,28세,중상,화물,남,45세,상해없음