사고번호,사고일시,요일,시군구,사고내용,사망자수,중상자수,경상자수,부상신고자수,사고유형,법규위반,노면상태,기상상태,도로형태,가해운전자 차종,가해운전자 성별,가해운전자 연령,가해운전자 상해정도,피해운전자 차종,피해운전자 성별,피해운전자 연령,피해운전자 상해정도
2019062600100653,2019년 6월 26일 21시,수요일,전라북도 전주시 완산구 효자동3가,경상사고,0,0,2,0,차대차 - 추돌,안전운전불이행,젖음/습기,비,교차로 - 교차로부근,승용,여,34세,상해없음,승용,여,25세,경상
2019062600100654,2019년 6월 26일 21시,수요일,전라북도 군산시 나운동,경상사고,0,0,1,0,차대차 - 측면충돌,신호위반,젖음/습기,비,교차로 - 교차로안,승용,남,22세,상해없음,이륜,남,21세,경상
2019062600100685,2019년 6월 26일 22시,수요일,전라북도 정읍시 수성동,경상사고,0,0,4,0,차대차 - 측면충돌,신호위반,젖음/습기,비,교차로 - 교차로안,승용,여,26세,경상,승용,남,50세,경상
2019062600100702,2019년 6월 26일 23시,수요일,전라북도 전주시 덕진구 우아동3가,경상사고,0,0,1,0,차대사람 - 횡단중,보행자보호의무위반,젖음/습기,비,교차로 - 교차로부근,승용,남,24세,기타불명,보행자,남,45세,경상
2019062700100052,2019년 6월 27일 03시,목요일,전라북도 전주시 완산구 서신동,경상사고,0,0,1,0,차대차 - 기타,교차로운행방법위반,젖음/습기,비,교차로 - 교차로안,승용,남,64세,경상,승용,남,25세,상해없음
2019062700100061,2019년 6월 27일 04시,목요일,전라북도 부안군 주산면,중상사고,0,1,0,0,차대차 - 기타,안전운전불이행,젖음/습기,비,단일로 - 기타,승용,남,47세,상해없음,승용,남,25세,중상
2019062700100062,2019년 6월 27일 04시,목요일,전라북도 부안군 주산면,경상사고,0,0,1,0,차대사람 - 기타,안전운전불이행,젖음/습기,비,단일로 - 기타,화물,남,57세,상해없음,보행자,남,52세,경상
2019062700100067,2019년 6월 27일 05시,목요일,전라북도 군산시 해망동,경상사고,0,0,1,0,차대차 - 기타,중앙선침범,건조,흐림,교차로 - 교차로부근,사륜오토바이(ATV),여,76세,경상,승용,여,59세,상해없음
2019062700100097,2019년 6월 27일 07시,목요일,전라북도 익산시 금강동,경상사고,0,0,1,0,차대차 - 추돌,안전거리미확보,건조,맑음,단일로 - 기타,승용,여,35세,상해없음,승용,남,51세,경상
2019062700100098,2019년 6월 27일 07시,목요일,전라북도 정읍시 하북동,경상사고,0,0,2,0,차대차 - 기타,안전운전불이행,젖음/습기,비,교차로 - 교차로안,승용,남,70세,상해없음,승용,여,46세,경상
2019062700100099,2019년 6월 27일 07시,목요일,전라북도 정읍시 수성동,경상사고,0,0,1,0,차대차 - 기타,직진우회전진행방해,젖음/습기,비,교차로 - 교차로안,자전거,남,13세,경상,승용,남,43세,상해없음
2019062700100189,2019년 6월 27일 09시,목요일,전라북도 부안군 부안읍,경상사고,0,0,2,0,차대차 - 측면충돌,중앙선침범,건조,맑음,교차로 - 교차로횡단보도내,승용,남,53세,상해없음,승용,남,55세,경상
2019062700100190,2019년 6월 27일 09시,목요일,전라북도 완주군 삼례읍,경상사고,0,0,3,0,차대차 - 측면충돌,교차로운행방법위반,건조,맑음,교차로 - 교차로안,특수,남,27세,상해없음,승용,여,64세,경상
2019062700100246,2019년 6월 27일 11시,목요일,전라북도 익산시 동산동,중상사고,0,1,1,0,차대차 - 측면충돌,직진우회전진행방해,건조,맑음,교차로 - 교차로안,승용,남,61세,상해없음,이륜,남,80세,중상
2019062700100273,2019년 6월 27일 12시,목요일,전라북도 정읍시 상평동,경상사고,0,0,2,0,차대차 - 측면충돌,직진우회전진행방해,건조,맑음,교차로 - 교차로안,화물,남,59세,상해없음,승용,남,78세,경상
2019062700100274,2019년 6월 27일 12시,목요일,전라북도 임실군 관촌면,중상사고,0,3,0,0,차대차 - 측면충돌,안전운전불이행,건조,맑음,단일로 - 기타,화물,남,72세,상해없음,승용,남,69세,중상
2019062700100315,2019년 6월 27일 13시,목요일,전라북도 군산시 대야면,중상사고,0,1,0,0,차대차 - 기타,안전거리미확보,건조,맑음,단일로 - 기타,화물,남,63세,상해없음,승용,남,48세,중상
2019062700100345,2019년 6월 27일 14시,목요일,전라북도 완주군 소양면,경상사고,0,0,1,0,차대차 - 측면충돌,안전운전불이행,건조,맑음,단일로 - 기타,승용,여,42세,상해없음,화물,남,58세,경상
2019062700100474,2019년 6월 27일 17시,목요일,전라북도 진안군 진안읍,경상사고,0,0,1,0,차대차 - 추돌,안전운전불이행,건조,맑음,단일로 - 기타,승용,여,55세,상해없음,농기계,남,71세,경상
2019062700100514,2019년 6월 27일 18시,목요일,전라북도 남원시 도통동,경상사고,0,0,1,0,차대사람 - 횡단중,안전운전불이행,건조,맑음,단일로 - 기타,승용,남,48세,상해없음,보행자,여,6세,경상
2019062700100602,2019년 6월 27일 21시,목요일,전라북도 익산시 망성면,경상사고,0,0,1,0,차대차 - 추돌,안전운전불이행,건조,맑음,단일로 - 기타,승용,남,18세,상해없음,승용,남,69세,경상
2019062700100603,2019년 6월 27일 21시,목요일,전라북도 남원시 주생면,중상사고,0,1,0,0,차대사람 - 횡단중,안전운전불이행,건조,맑음,단일로 - 기타,승용,남,60세,상해없음,보행자,여,79세,중상
2019062700100660,2019년 6월 27일 23시,목요일,전라북도 정읍시 용계동,경상사고,0,0,1,0,차량단독 - 공작물충돌,안전운전불이행,건조,맑음,교차로 - 교차로안,승용,남,27세,경상,,,,
2019062800100032,2019년 6월 28일 00시,금요일,전라북도 익산시 오산면,경상사고,0,0,1,0,차량단독 - 공작물충돌,안전운전불이행,건조,맑음,단일로 - 기타,승용,남,65세,상해없음,,,,
2019062800100087,2019년 6월 28일 06시,금요일,전라북도 부안군 부안읍,중상사고,0,1,0,0,차대차 - 측면충돌,직진우회전진행방해,건조,맑음,교차로 - 교차로안,이륜,남,74세,중상,승용,남,67세,상해없음
2019062800100104,2019년 6월 28일 07시,금요일,전라북도 군산시 대야면,경상사고,0,0,1,0,차대사람 - 기타,안전운전불이행,건조,맑음,단일로 - 기타,화물,남,50세,상해없음,보행자,남,39세,경상
2019062800100105,2019년 6월 28일 07시,금요일,전라북도 고창군 고수면,경상사고,0,0,2,0,차대차 - 기타,신호위반,건조,맑음,교차로 - 교차로안,승용,남,55세,상해없음,승용,남,40세,경상
2019062800100142,2019년 6월 28일 08시,금요일,전라북도 남원시 향교동,경상사고,0,0,1,0,차대차 - 기타,안전운전불이행,건조,맑음,교차로 - 교차로횡단보도내,승용,남,67세,상해없음,자전거,남,14세,경상
2019062800100206,2019년 6월 28일 10시,금요일,전라북도 전주시 완산구 중노송동,경상사고,0,0,2,0,차대차 - 측면충돌,신호위반,건조,맑음,교차로 - 교차로안,승용,남,63세,상해없음,승용,남,37세,경상
2019062800100325,2019년 6월 28일 13시,금요일,전라북도 군산시 중앙로3가,경상사고,0,0,1,0,차대차 - 측면충돌,안전거리미확보,건조,맑음,단일로 - 지하차도(도로)내,승용,남,56세,상해없음,화물,남,50세,경상
2019062800100392,2019년 6월 28일 15시,금요일,전라북도 전주시 완산구 효자동2가,경상사고,0,0,1,0,차대차 - 추돌,안전운전불이행,건조,맑음,단일로 - 지하차도(도로)내,이륜,남,25세,상해없음,승용,남,30세,경상
2019062800100393,2019년 6월 28일 15시,금요일,전라북도 전주시 덕진구 여의동,경상사고,0,0,1,0,차대차 - 측면충돌,불법유턴,건조,맑음,교차로 - 교차로안,승용,남,28세,상해없음,승용,남,42세,경상
2019062800100394,2019년 6월 28일 15시,금요일,전라북도 전주시 덕진구 팔복동1가,중상사고,0,1,0,0,차대차 - 기타,신호위반,건조,맑음,교차로 - 교차로횡단보도내,승용,남,50세,상해없음,자전거,남,66세,중상
2019062800100395,2019년 6월 28일 15시,금요일,전라북도 무주군 설천면,중상사고,0,1,0,0,차량단독 - 기타,안전운전불이행,건조,맑음,주차장 - 주차장,화물,남,52세,중상,,,,
2019062800100569,2019년 6월 28일 19시,금요일,전라북도 익산시 팔봉동,중상사고,0,1,0,0,차대차 - 측면충돌,직진우회전진행방해,건조,맑음,교차로 - 교차로안,승용,남,27세,상해없음,승용,여,52세,중상
2019062800100570,2019년 6월 28일 19시,금요일,전라북도 정읍시 연지동,경상사고,0,0,2,0,차대차 - 측면충돌,중앙선침범,건조,맑음,교차로 - 교차로부근,승용,남,32세,상해없음,이륜,남,78세,경상
2019062800100652,2019년 6월 28일 21시,금요일,전라북도 전주시 덕진구 진북동,경상사고,0,0,1,0,차대차 - 측면충돌,신호위반,건조,맑음,교차로 - 교차로안,승용,남,73세,상해없음,이륜,남,26세,경상
2019062800100653,2019년 6월 28일 21시,금요일,전라북도 남원시 향교동,중상사고,0,1,0,0,차대차 - 측면충돌,교차로운행방법위반,건조,맑음,교차로 - 교차로안,화물,남,51세,상해없음,승용,여,62세,중상
2019062800100689,2019년 6월 28일 22시,금요일,전라북도 김제시 요촌동,중상사고,0,1,0,0,차대사람 - 횡단중,신호위반,건조,맑음,교차로 - 교차로부근,승합,남,71세,상해없음,보행자,여,21세,중상
2019062900100130,2019년 6월 29일 06시,토요일,전라북도 전주시 덕진구 송천동2가,경상사고,0,0,1,0,차대차 - 측면충돌,신호위반,젖음/습기,비,교차로 - 교차로안,승용,남,54세,상해없음,승용,남,40세,경상
2019062900100131,2019년 6월 29일 06시,토요일,전라북도 익산시 웅포면,경상사고,0,0,2,0,차대차 - 추돌,안전운전불이행,젖음/습기,비,단일로 - 기타,승용,여,42세,상해없음,승용,남,48세,경상
2019062900100141,2019년 6월 29일 07시,토요일,전라북도 전주시 완산구 서신동,경상사고,0,0,1,0,차대차 - 측면충돌,신호위반,젖음/습기,비,교차로 - 교차로안,승용,남,82세,상해없음,승용,남,27세,경상
2019062900100142,2019년 6월 29일 07시,토요일,전라북도 전주시 덕진구 진북동,경상사고,0,0,1,0,차대차 - 추돌,안전운전불이행,젖음/습기,비,교차로 - 교차로부근,승용,남,18세,상해없음,승용,남,41세,경상
2019062900100177,2019년 6월 29일 09시,토요일,전라북도 군산시 경장동,경상사고,0,0,1,0,차대차 - 기타,교차로운행방법위반,건조,맑음,교차로 - 교차로안,승용,여,43세,상해없음,승용,여,47세,경상
2019062900100205,2019년 6월 29일 10시,토요일,전라북도 익산시 영등동,경상사고,0,0,2,0,차대차 - 측면충돌,신호위반,젖음/습기,비,교차로 - 교차로안,승용,여,26세,상해없음,승용,남,34세,경상
2019062900100229,2019년 6월 29일 11시,토요일,전라북도 전주시 완산구 효자동1가,경상사고,0,0,1,0,차량단독 - 기타,안전운전불이행,젖음/습기,비,단일로 - 기타,승합,남,57세,상해없음,,,,
2019062900100230,2019년 6월 29일 11시,토요일,전라북도 익산시 모현동1가,경상사고,0,0,1,0,차대차 - 측면충돌,안전운전불이행,건조,맑음,교차로 - 교차로횡단보도내,승용,여,37세,상해없음,자전거,남,82세,경상
2019062900100261,2019년 6월 29일 12시,토요일,전라북도 익산시 평화동,경상사고,0,0,1,0,차대차 - 측면충돌,직진우회전진행방해,건조,맑음,교차로 - 교차로안,자전거,남,76세,경상,승용,여,47세,상해없음
2019062900100262,2019년 6월 29일 12시,토요일,전라북도 고창군 고창읍,경상사고,0,0,1,0,차대차 - 기타,신호위반,젖음/습기,비,단일로 - 기타,승용,남,45세,상해없음,이륜,남,55세,경상
2019062900100304,2019년 6월 29일 13시,토요일,전라북도 진안군 성수면,중상사고,0,1,0,0,차대차 - 측면충돌,안전운전불이행,젖음/습기,비,교차로 - 교차로안,원동기,남,78세,중상,승용,남,59세,상해없음
2019062900100345,2019년 6월 29일 14시,토요일,전라북도 전주시 완산구 서신동,중상사고,0,1,1,0,차대차 - 측면충돌,안전거리미확보,건조,맑음,기타 - 기타,승용,여,28세,상해없음,승용,여,22세,중상
2019062900100346,2019년 6월 29일 14시,토요일,전라북도 익산시 어양동,경상사고,0,0,3,0,차대차 - 측면충돌,중앙선침범,젖음/습기,비,단일로 - 기타,승용,여,34세,상해없음,승용,여,50세,경상
2019062900100347,2019년 6월 29일 14시,토요일,전라북도 정읍시 상동,경상사고,0,0,1,0,차대사람 - 차도통행중,안전운전불이행,젖음/습기,비,기타 - 기타,이륜,남,42세,상해없음,보행자,여,8세,경상
2019062900100470,2019년 6월 29일 17시,토요일,전라북도 익산시 신흥동,중상사고,0,1,0,0,차대차 - 측면충돌,신호위반,건조,맑음,교차로 - 교차로안,승용,남,61세,상해없음,승용,남,55세,중상
2019062900100471,2019년 6월 29일 17시,토요일,전라북도 익산시 신동,경상사고,0,0,2,0,차대차 - 측면충돌,신호위반,젖음/습기,비,교차로 - 교차로안,승용,남,34세,상해없음,승용,남,51세,경상
2019062900100472,2019년 6월 29일 17시,토요일,전라북도 진안군 마령면,중상사고,0,1,0,0,차대차 - 측면충돌,안전운전불이행,젖음/습기,비,단일로 - 기타,승용,남,33세,상해없음,원동기,남,82세,중상
2019062900100473,2019년 6월 29일 17시,토요일,전라북도 완주군 봉동읍,경상사고,0,0,1,0,차대차 - 추돌,안전운전불이행,젖음/습기,비,단일로 - 기타,승용,남,34세,상해없음,승용,남,39세,경상
2019062900100507,2019년 6월 29일 18시,토요일,전라북도 전주시 덕진구 금암동,경상사고,0,0,3,0,차대차 - 측면충돌,안전운전불이행,건조,맑음,교차로 - 교차로안,승용,남,32세,상해없음,승용,여,50세,경상
2019062900100537,2019년 6월 29일 19시,토요일,전라북도 전주시 덕진구 반월동,경상사고,0,0,1,0,차대차 - 추돌,안전운전불이행,젖음/습기,비,교차로 - 교차로부근,승용,남,41세,상해없음,승용,여,29세,경상
2019062900100592,2019년 6월 29일 21시,토요일,전라북도 전주시 덕진구 인후동1가,중상사고,0,1,0,0,차대사람 - 횡단중,안전운전불이행,젖음/습기,비,단일로 - 기타,이륜,남,24세,상해없음,보행자,남,44세,중상
2019062900100593,2019년 6월 29일 21시,토요일,전라북도 군산시 조촌동,중상사고,0,1,0,0,차대사람 - 횡단중,안전운전불이행,젖음/습기,비,교차로 - 교차로부근,승용,남,56세,상해없음,보행자,남,57세,중상
2019062900100594,2019년 6월 29일 21시,토요일,전라북도 군산시 조촌동,중상사고,0,1,0,0,차대사람 - 횡단중,보행자보호의무위반,젖음/습기,비,단일로 - 기타,승용,여,41세,상해없음,보행자,여,45세,중상
2019062900100626,2019년 6월 29일 22시,토요일,전라북도 전주시 덕진구 덕진동2가,경상사고,0,0,1,0,차대차 - 측면충돌,신호위반,젖음/습기,비,단일로 - 기타,화물,남,48세,상해없음,승용,여,57세,경상
2019062900100648,2019년 6월 29일 23시,토요일,전라북도 군산시 미룡동,경상사고,0,0,1,0,차대차 - 추돌,안전운전불이행,젖음/습기,비,교차로 - 교차로부근,화물,남,45세,상해없음,승용,남,46세,경상
2019063000100028,2019년 6월 30일 00시,일요일,전라북도 전주시 완산구 효자동3가,경상사고,0,0,1,0,차대사람 - 횡단중,보행자보호의무위반,젖음/습기,맑음,교차로 - 교차로횡단보도내,승용,여,49세,상해없음,보행자,남,18세,경상
2019063000100164,2019년 6월 30일 11시,일요일,전라북도 남원시 용정동,경상사고,0,0,1,0,차대차 - 측면충돌,중앙선침범,건조,맑음,교차로 - 교차로부근,승용,여,73세,상해없음,승용,남,47세,경상
2019063000100190,2019년 6월 30일 12시,일요일,전라북도 익산시 오산면,경상사고,0,0,1,0,차대차 - 측면충돌,신호위반,건조,맑음,교차로 - 교차로안,승용,남,53세,상해없음,승용,남,72세,경상
2019063000100248,2019년 6월 30일 14시,일요일,전라북도 전주시 덕진구 금암동,중상사고,0,1,0,0,차대차 - 측면충돌,직진우회전진행방해,건조,맑음,교차로 - 교차로안,승용,여,48세,상해없음,승용,여,63세,중상
2019063000100294,2019년 6월 30일 16시,일요일,전라북도 전주시 완산구 평화동2가,중상사고,0,2,3,0,차대차 - 측면충돌,신호위반,건조,맑음,교차로 - 교차로안,승용,남,69세,상해없음,승용,남,63세,경상
2019063000100295,2019년 6월 30일 16시,일요일,전라북도 전주시 완산구 효자동1가,경상사고,0,0,1,0,차대사람 - 횡단중,보행자보호의무위반,건조,맑음,단일로 - 기타,승용,여,49세,상해없음,보행자,남,10세,경상
2019063000100296,2019년 6월 30일 16시,일요일,전라북도 익산시 부송동,경상사고,0,0,1,0,차대차 - 측면충돌,안전운전불이행,건조,맑음,교차로 - 교차로안,승용,여,59세,상해없음,승용,남,42세,경상
2019063000100334,2019년 6월 30일 17시,일요일,전라북도 익산시 송학동,경상사고,0,0,2,0,차대차 - 추돌,안전운전불이행,건조,맑음,교차로 - 교차로안,승용,남,50세,상해없음,승용,남,62세,경상
2019063000100361,2019년 6월 30일 18시,일요일,전라북도 정읍시 송산동,경상사고,0,0,3,0,차대차 - 기타,안전운전불이행,건조,흐림,교차로 - 교차로부근,승용,여,47세,상해없음,승용,남,66세,경상
2019063000100418,2019년 6월 30일 21시,일요일,전라북도 고창군 성내면,중상사고,0,1,0,0,차대사람 - 기타,안전운전불이행,건조,맑음,단일로 - 기타,승용,남,41세,상해없음,보행자,남,72세,중상
2019070100100028,2019년 7월 1일 00시,월요일,전라북도 전주시 덕진구 팔복동3가,경상사고,0,0,2,0,차대차 - 측면충돌,중앙선침범,건조,맑음,단일로 - 기타,승용,남,38세,상해없음,승용,남,35세,경상
2019070100100069,2019년 7월 1일 05시,월요일,전라북도 김제시 신풍동,경상사고,0,0,1,0,차대차 - 기타,신호위반,건조,맑음,교차로 - 교차로안,승용,남,55세,상해없음,승용,남,35세,경상
2019070100100102,2019년 7월 1일 07시,월요일,전라북도 군산시 산북동,경상사고,0,0,1,0,차대차 - 기타,안전운전불이행,건조,맑음,단일로 - 기타,자전거,남,69세,상해없음,이륜,남,79세,경상
2019070100100103,2019년 7월 1일 07시,월요일,전라북도 김제시 흥사동,중상사고,0,1,1,0,차대차 - 기타,안전운전불이행,젖음/습기,비,교차로 - 교차로안,승용,여,37세,경상,승용,남,45세,중상
2019070100100104,2019년 7월 1일 07시,월요일,전라북도 김제시 공덕면,경상사고,0,0,1,0,차대차 - 측면충돌,과속,젖음/습기,흐림,단일로 - 기타,승용,남,25세,상해없음,승용,남,37세,경상
2019070100100105,2019년 7월 1일 07시,월요일,전라북도 장수군 장수읍,중상사고,0,1,0,0,차대차 - 측면충돌,교차로운행방법위반,건조,맑음,교차로 - 교차로안,자전거,남,84세,중상,화물,남,57세,상해없음
2019070100100142,2019년 7월 1일 08시,월요일,전라북도 완주군 봉동읍,중상사고,0,1,0,0,차대차 - 측면충돌,교차로운행방법위반,건조,맑음,교차로 - 교차로안,승용,남,57세,상해없음,승용,여,72세,중상
2019070100100186,2019년 7월 1일 09시,월요일,전라북도 김제시 요촌동,경상사고,0,0,1,0,차대차 - 기타,직진우회전진행방해,건조,맑음,교차로 - 교차로안,승용,여,52세,상해없음,자전거,남,50세,경상
2019070100100259,2019년 7월 1일 11시,월요일,전라북도 정읍시 수성동,중상사고,0,1,0,0,차대차 - 측면충돌,안전거리미확보,젖음/습기,흐림,단일로 - 기타,승용,남,69세,상해없음,이륜,남,61세,중상
2019070100100260,2019년 7월 1일 11시,월요일,전라북도 김제시 하동,중상사고,0,2,0,0,차대차 - 측면충돌,직진우회전진행방해,건조,맑음,교차로 - 교차로안,승용,남,55세,상해없음,승용,남,60세,중상
2019070100100293,2019년 7월 1일 12시,월요일,전라북도 군산시 수송동,경상사고,0,0,4,0,차대차 - 측면충돌,안전운전불이행,건조,맑음,교차로 - 교차로안,승용,여,37세,상해없음,승용,남,48세,경상
2019070100100294,2019년 7월 1일 12시,월요일,전라북도 군산시 옥도면,중상사고,0,1,2,0,차대차 - 측면충돌,신호위반,건조,맑음,교차로 - 교차로안,승용,남,58세,상해없음,화물,남,44세,경상
2019070100100295,2019년 7월 1일 12시,월요일,전라북도 부안군 행안면,경상사고,0,0,1,0,차대차 - 추돌,안전운전불이행,건조,맑음,교차로 - 교차로부근,승용,남,60세,상해없음,승용,남,65세,경상
2019070100100328,2019년 7월 1일 13시,월요일,전라북도 고창군 흥덕면,경상사고,0,0,1,0,차대차 - 측면충돌,신호위반,건조,맑음,교차로 - 교차로안,승용,여,42세,상해없음,화물,남,65세,경상
2019070100100486,2019년 7월 1일 17시,월요일,전라북도 전주시 덕진구 고랑동,중상사고,0,1,1,0,차대차 - 기타,안전운전불이행,건조,맑음,단일로 - 기타,승용,남,33세,상해없음,승용,남,64세,경상
2019070100100487,2019년 7월 1일 17시,월요일,전라북도 정읍시 상동,중상사고,0,2,0,0,차대사람 - 기타,안전운전불이행,건조,맑음,단일로 - 기타,승용,남,60세,기타불명,보행자,남,7세,중상
2019070100100532,2019년 7월 1일 18시,월요일,전라북도 남원시 사매면,중상사고,0,2,0,0,차대차 - 측면충돌,기타,건조,흐림,교차로 - 교차로안,승합,남,66세,상해없음,이륜,남,77세,중상
2019070100100583,2019년 7월 1일 19시,월요일,전라북도 익산시 동산동,경상사고,0,0,1,0,차대차 - 추돌,안전운전불이행,건조,맑음,교차로 - 교차로부근,승용,남,33세,상해없음,이륜,남,38세,경상
2019070100100584,2019년 7월 1일 19시,월요일,전라북도 익산시 용안면,부상신고사고,0,0,0,1,차대차 - 측면충돌,안전운전불이행,건조,맑음,단일로 - 기타,자전거,남,50세,부상신고,승용,남,53세,상해없음
2019070100100585,2019년 7월 1일 19시,월요일,전라북도 익산시 영등동,중상사고,0,1,0,0,차대차 - 측면충돌,안전운전불이행,건조,맑음,교차로 - 교차로안,이륜,남,16세,중상,승용,남,22세,상해없음
2019070100100586,2019년 7월 1일 19시,월요일,전라북도 임실군 강진면,경상사고,0,0,1,0,차량단독 - 공작물충돌,안전운전불이행,젖음/습기,비,단일로 - 기타,승용,남,53세,상해없음,,,,
2019070100100674,2019년 7월 1일 23시,월요일,전라북도 김제시 청하면,경상사고,0,0,2,0,차대차 - 기타,안전운전불이행,건조,맑음,단일로 - 기타,승용,남,47세,경상,화물,남,47세,경상
2019070200100045,2019년 7월 2일 00시,화요일,전라북도 전주시 덕진구 우아동2가,경상사고,0,0,1,0,차대차 - 측면충돌,직진우회전진행방해,건조,맑음,교차로 - 교차로안,승용,남,39세,상해없음,승용,남,63세,경상
2019070200100046,2019년 7월 2일 00시,화요일,전라북도 전주시 덕진구 만성동,경상사고,0,0,1,0,차대차 - 후진중충돌,안전운전불이행,건조,맑음,교차로 - 교차로부근,승용,남,56세,상해없음,승용,남,21세,경상
2019070200100106,2019년 7월 2일 07시,화요일,전라북도 군산시 경장동,중상사고,0,1,0,0,차대사람 - 기타,안전운전불이행,건조,맑음,교차로 - 교차로부근,승용,남,27세,상해없음,보행자,여,77세,중상
2019070200100142,2019년 7월 2일 08시,화요일,전라북도 전주시 완산구 중화산동2가,경상사고,0,0,2,0,차대차 - 추돌,안전운전불이행,건조,맑음,교차로 - 교차로부근,승용,남,61세,상해없음,승용,남,74세,경상
2019070200100182,2019년 7월 2일 09시,화요일,전라북도 전주시 완산구 경원동1가,중상사고,0,1,0,0,차대사람 - 기타,안전운전불이행,건조,맑음,단일로 - 기타,승합,남,59세,상해없음,보행자,여,76세,중상
2019070200100183,2019년 7월 2일 09시,화요일,전라북도 전주시 덕진구 전미동1가,경상사고,0,0,1,0,차대차 - 기타,차로위반,건조,맑음,교차로 - 교차로부근,화물,남,52세,상해없음,승용,여,23세,경상
2019070200100184,2019년 7월 2일 09시,화요일,전라북도 전주시 덕진구 호성동2가,중상사고,0,1,0,0,차대차 - 측면충돌,신호위반,건조,맑음,교차로 - 교차로부근,화물,남,45세,상해없음,이륜,남,71세,중상
2019070200100217,2019년 7월 2일 10시,화요일,전라북도 군산시 오식도동,경상사고,0,0,2,0,차대차 - 기타,신호위반,건조,맑음,교차로 - 교차로안,승용,남,29세,상해없음,화물,남,60세,경상
2019070200100218,2019년 7월 2일 10시,화요일,전라북도 정읍시 정우면,경상사고,0,0,1,0,차대차 - 측면충돌,안전운전불이행,건조,맑음,교차로 - 교차로안,승용,남,50세,상해없음,원동기,남,55세,경상
2019070200100242,2019년 7월 2일 11시,화요일,전라북도 김제시 요촌동,중상사고,0,1,0,0,차대차 - 기타,기타,건조,맑음,교차로 - 교차로안,승용,남,61세,상해없음,승용,여,43세,중상
2019070200100271,2019년 7월 2일 12시,화요일,전라북도 전주시 덕진구 장동,경상사고,0,0,1,0,차대차 - 측면충돌,신호위반,건조,맑음,교차로 - 교차로안,승용,여,27세,상해없음,승용,남,50세,경상
2019070200100272,2019년 7월 2일 12시,화요일,전라북도 정읍시 산외면,경상사고,0,0,1,0,차대차 - 측면충돌,안전운전불이행,건조,맑음,교차로 - 교차로안,농기계,남,36세,기타불명,승용,여,48세,경상
2019070200100273,2019년 7월 2일 12시,화요일,전라북도 김제시 용지면,경상사고,0,0,3,0,차대차 - 측면충돌,직진우회전진행방해,건조,맑음,교차로 - 교차로안,화물,남,50세,상해없음,승용,남,36세,경상
2019070200100301,2019년 7월 2일 13시,화요일,전라북도 김제시 요촌동,중상사고,0,1,0,0,차대사람 - 차도통행중,안전운전불이행,건조,맑음,교차로 - 교차로안,승용,남,47세,상해없음,보행자,여,76세,중상
2019070200100302,2019년 7월 2일 13시,화요일,전라북도 부안군 변산면,중상사고,0,1,0,0,차대사람 - 횡단중,안전운전불이행,건조,맑음,단일로 - 기타,승용,여,55세,상해없음,보행자,남,76세,중상
2019070200100340,2019년 7월 2일 14시,화요일,전라북도 전주시 덕진구 진북동,경상사고,0,0,2,0,차대차 - 측면충돌,신호위반,건조,맑음,교차로 - 교차로안,승용,남,21세,상해없음,승용,남,67세,경상
2019070200100370,2019년 7월 2일 15시,화요일,전라북도 전주시 완산구 삼천동1가,경상사고,0,0,2,0,차대차 - 측면충돌,차로위반,건조,맑음,교차로 - 교차로안,승용,남,25세,경상,승용,여,28세,경상
2019070200100371,2019년 7월 2일 15시,화요일,전라북도 남원시 도통동,경상사고,0,0,2,0,차대차 - 측면충돌,교차로운행방법위반,건조,맑음,교차로 - 교차로안,승용,여,47세,경상,승용,남,60세,경상
2019070200100410,2019년 7월 2일 16시,화요일,전라북도 군산시 비응도동,경상사고,0,0,3,0,차대차 - 기타,안전운전불이행,건조,맑음,교차로 - 교차로안,승용,남,75세,경상,승용,남,49세,경상
2019070200100411,2019년 7월 2일 16시,화요일,전라북도 군산시 미룡동,경상사고,0,0,1,0,차대차 - 기타,안전운전불이행,건조,기타,단일로 - 기타,기타불명,기타불명,미분류,기타불명,자전거,남,58세,경상
2019070200100562,2019년 7월 2일 20시,화요일,전라북도 부안군 동진면,사망사고,1,0,0,0,차대차 - 기타,안전운전불이행,건조,맑음,단일로 - 기타,승용,남,35세,상해없음,농기계,남,79세,상해없음
2019070200100563,2019년 7월 2일 20시,화요일,전라북도 완주군 용진읍,중상사고,0,1,0,0,차대사람 - 기타,안전운전불이행,건조,맑음,단일로 - 기타,승용,남,33세,상해없음,보행자,여,66세,중상
2019070200100607,2019년 7월 2일 22시,화요일,전라북도 전주시 덕진구 금암동,경상사고,0,0,2,0,차대차 - 추돌,안전운전불이행,건조,맑음,단일로 - 기타,승용,남,66세,상해없음,승용,남,38세,경상
2019070200100616,2019년 7월 2일 23시,화요일,전라북도 익산시 모현동1가,부상신고사고,0,0,0,1,차량단독 - 기타,안전운전불이행,건조,맑음,단일로 - 기타,승용,남,47세,상해없음,,,,
2019070300100123,2019년 7월 3일 08시,수요일,전라북도 전주시 완산구 효자동3가,경상사고,0,0,1,0,차대차 - 추돌,안전운전불이행,건조,맑음,교차로 - 교차로안,승용,남,55세,상해없음,승용,여,61세,경상