사고번호,사고일시,요일,시군구,사고내용,사망자수,중상자수,경상자수,부상신고자수,사고유형,법규위반,노면상태,기상상태,도로형태,가해운전자 차종,가해운전자 성별,가해운전자 연령,가해운전자 상해정도,피해운전자 차종,피해운전자 성별,피해운전자 연령,피해운전자 상해정도
2019070300100124,2019년 7월 3일 08시,수요일,전라북도 익산시 인화동1가,경상사고,0,0,1,0,차대차 - 기타,안전거리미확보,건조,맑음,단일로 - 기타,승용,남,78세,상해없음,이륜,남,65세,경상
2019070300100219,2019년 7월 3일 11시,수요일,전라북도 임실군 임실읍,경상사고,0,0,1,0,차대사람 - 차도통행중,불법유턴,건조,맑음,단일로 - 지하차도(도로)내,화물,남,53세,상해없음,보행자,남,59세,경상
2019070300100319,2019년 7월 3일 14시,수요일,전라북도 군산시 해망동,경상사고,0,0,1,0,차대차 - 추돌,안전거리미확보,건조,맑음,교차로 - 교차로부근,승용,여,27세,상해없음,승용,여,37세,경상
2019070300100320,2019년 7월 3일 14시,수요일,전라북도 정읍시 정우면,경상사고,0,0,1,0,차대차 - 측면충돌,기타,건조,맑음,교차로 - 교차로안,승용,남,75세,상해없음,승합,남,50세,경상
2019070300100354,2019년 7월 3일 15시,수요일,전라북도 전주시 완산구 전동3가,경상사고,0,0,1,0,차대차 - 측면충돌,안전운전불이행,건조,맑음,교차로 - 교차로안,승합,남,47세,상해없음,승용,여,28세,경상
2019070300100355,2019년 7월 3일 15시,수요일,전라북도 고창군 고창읍,중상사고,0,1,0,0,차대사람 - 기타,안전운전불이행,건조,맑음,단일로 - 교량,화물,남,69세,상해없음,보행자,여,74세,중상
2019070300100391,2019년 7월 3일 16시,수요일,전라북도 정읍시 고부면,중상사고,0,1,0,0,차대차 - 측면충돌,안전운전불이행,건조,맑음,교차로 - 교차로안,승용,여,55세,상해없음,자전거,여,57세,중상
2019070300100517,2019년 7월 3일 19시,수요일,전라북도 군산시 옥도면,경상사고,0,0,1,0,차대차 - 기타,안전운전불이행,건조,맑음,단일로 - 기타,이륜,남,44세,상해없음,승용,남,55세,경상
2019070300100541,2019년 7월 3일 20시,수요일,전라북도 익산시 남중동,중상사고,0,1,0,0,차대사람 - 횡단중,보행자보호의무위반,건조,흐림,교차로 - 교차로횡단보도내,원동기,남,41세,상해없음,보행자,남,67세,중상
2019070300100542,2019년 7월 3일 20시,수요일,전라북도 남원시 죽항동,경상사고,0,0,1,0,차대차 - 측면충돌,안전운전불이행,건조,맑음,단일로 - 기타,화물,여,50세,상해없음,이륜,남,48세,경상
2019070300100543,2019년 7월 3일 20시,수요일,전라북도 완주군 봉동읍,중상사고,0,1,0,0,차량단독 - 전도전복 - 전도,안전운전불이행,건조,맑음,단일로 - 기타,이륜,남,57세,중상,,,,
2019070300100618,2019년 7월 3일 23시,수요일,전라북도 전주시 완산구 서신동,경상사고,0,0,1,0,차대차 - 기타,차로위반,건조,흐림,단일로 - 기타,승용,남,63세,상해없음,승용,남,22세,경상
2019070400100028,2019년 7월 4일 00시,목요일,전라북도 군산시 수송동,중상사고,0,1,0,0,차대사람 - 횡단중,보행자보호의무위반,건조,맑음,단일로 - 지하차도(도로)내,이륜,남,51세,상해없음,보행자,남,30세,중상
2019070400100040,2019년 7월 4일 01시,목요일,전라북도 전주시 완산구 중화산동2가,경상사고,0,0,2,0,차대차 - 기타,안전운전불이행,건조,맑음,교차로 - 교차로안,승용,남,55세,상해없음,승용,남,30세,경상
2019070400100044,2019년 7월 4일 02시,목요일,전라북도 완주군 봉동읍,경상사고,0,0,2,0,차대차 - 추돌,안전운전불이행,건조,맑음,단일로 - 기타,승용,남,42세,상해없음,승용,남,63세,경상
2019070400100143,2019년 7월 4일 08시,목요일,전라북도 전주시 덕진구 금암동,경상사고,0,0,1,0,차대사람 - 횡단중,보행자보호의무위반,건조,맑음,단일로 - 기타,승용,여,47세,상해없음,보행자,남,46세,경상
2019070400100144,2019년 7월 4일 08시,목요일,전라북도 전주시 덕진구 송천동2가,중상사고,0,1,0,0,차대사람 - 횡단중,안전운전불이행,건조,맑음,교차로 - 교차로횡단보도내,승용,남,29세,상해없음,보행자,여,39세,중상
2019070400100200,2019년 7월 4일 09시,목요일,전라북도 남원시 운봉읍,경상사고,0,0,1,0,차대차 - 기타,중앙선침범,건조,맑음,단일로 - 기타,화물,남,52세,상해없음,화물,여,47세,경상
2019070400100230,2019년 7월 4일 10시,목요일,전라북도 익산시 신용동,중상사고,0,1,0,0,차대차 - 측면충돌,안전운전불이행,건조,맑음,교차로 - 교차로안,화물,남,25세,상해없음,승용,여,33세,중상
2019070400100259,2019년 7월 4일 11시,목요일,전라북도 전주시 덕진구 우아동3가,경상사고,0,0,1,0,차대사람 - 차도통행중,안전운전불이행,건조,맑음,단일로 - 기타,기타불명,기타불명,미분류,기타불명,보행자,남,61세,경상
2019070400100284,2019년 7월 4일 12시,목요일,전라북도 군산시 경암동,경상사고,0,0,1,0,차대차 - 측면충돌,안전운전불이행,건조,맑음,교차로 - 교차로안,이륜,남,66세,상해없음,승합,남,55세,상해없음
2019070400100328,2019년 7월 4일 13시,목요일,전라북도 익산시 주현동,경상사고,0,0,1,0,차대차 - 추돌,안전운전불이행,건조,맑음,단일로 - 기타,승용,여,45세,상해없음,이륜,남,50세,경상
2019070400100396,2019년 7월 4일 15시,목요일,전라북도 전주시 완산구 효자동2가,경상사고,0,0,1,0,차대차 - 측면충돌,안전운전불이행,건조,맑음,단일로 - 기타,화물,남,46세,상해없음,승용,여,32세,상해없음
2019070400100397,2019년 7월 4일 15시,목요일,전라북도 고창군 고창읍,경상사고,0,0,1,0,차대차 - 후진중충돌,안전운전불이행,건조,맑음,교차로 - 교차로부근,화물,남,52세,상해없음,승용,남,40세,경상
2019070400100432,2019년 7월 4일 16시,목요일,전라북도 익산시 영등동,경상사고,0,0,1,0,차대사람 - 보도통행중,보행자보호의무위반,건조,맑음,교차로 - 교차로횡단보도내,승용,여,34세,기타불명,보행자,여,18세,경상
2019070400100481,2019년 7월 4일 17시,목요일,전라북도 군산시 구암동,경상사고,0,0,1,0,차대차 - 측면충돌,중앙선침범,건조,맑음,교차로 - 교차로부근,승용,남,62세,상해없음,승용,남,20세,경상
2019070400100482,2019년 7월 4일 17시,목요일,전라북도 김제시 백구면,경상사고,0,0,3,0,차대차 - 추돌,안전운전불이행,건조,맑음,단일로 - 기타,승용,남,36세,상해없음,승용,남,37세,경상
2019070400100483,2019년 7월 4일 17시,목요일,전라북도 김제시 백구면,경상사고,0,0,5,0,차대차 - 추돌,안전운전불이행,건조,맑음,단일로 - 기타,승용,남,44세,상해없음,승용,남,48세,경상
2019070400100587,2019년 7월 4일 20시,목요일,전라북도 익산시 모현동1가,경상사고,0,0,1,0,차대사람 - 보도통행중,보행자보호의무위반,건조,맑음,교차로 - 교차로횡단보도내,승용,여,50세,상해없음,보행자,남,70세,경상
2019070400100609,2019년 7월 4일 21시,목요일,전라북도 군산시 조촌동,경상사고,0,0,3,1,차대차 - 기타,교차로운행방법위반,건조,맑음,교차로 - 교차로안,승용,남,67세,경상,승용,여,20세,경상
2019070400100610,2019년 7월 4일 21시,목요일,전라북도 익산시 어양동,중상사고,0,1,0,0,차대차 - 기타,안전운전불이행,건조,맑음,교차로 - 교차로안,승용,여,27세,상해없음,원동기,남,56세,중상
2019070400100656,2019년 7월 4일 23시,목요일,전라북도 익산시 남중동,경상사고,0,0,1,0,차대차 - 정면충돌,신호위반,건조,맑음,교차로 - 교차로안,승용,남,68세,상해없음,이륜,남,17세,경상
2019070500100043,2019년 7월 5일 01시,금요일,전라북도 군산시 지곡동,경상사고,0,0,2,0,차대차 - 추돌,안전거리미확보,건조,맑음,단일로 - 기타,승용,남,41세,기타불명,승용,남,44세,경상
2019070500100104,2019년 7월 5일 07시,금요일,전라북도 군산시 수송동,경상사고,0,0,2,0,차대차 - 추돌,신호위반,건조,맑음,교차로 - 교차로안,승용,여,47세,상해없음,승용,남,59세,경상
2019070500100105,2019년 7월 5일 07시,금요일,전라북도 익산시 삼기면,경상사고,0,0,1,0,차대차 - 측면충돌,신호위반,건조,맑음,교차로 - 교차로안,승용,남,76세,상해없음,승용,남,33세,경상
2019070500100106,2019년 7월 5일 07시,금요일,전라북도 김제시 용지면,중상사고,0,1,2,0,차대차 - 측면충돌,중앙선침범,건조,맑음,단일로 - 기타,승용,여,48세,경상,승합,남,37세,중상
2019070500100192,2019년 7월 5일 09시,금요일,전라북도 군산시 옥서면,경상사고,0,0,1,0,차대사람 - 길가장자리구역통행중,안전운전불이행,건조,맑음,단일로 - 기타,화물,남,75세,상해없음,보행자,남,69세,경상
2019070500100193,2019년 7월 5일 09시,금요일,전라북도 군산시 지곡동,경상사고,0,0,1,0,차대차 - 추돌,안전운전불이행,건조,맑음,단일로 - 지하차도(도로)내,승용,여,38세,상해없음,승용,여,53세,경상
2019070500100194,2019년 7월 5일 09시,금요일,전라북도 남원시 죽항동,경상사고,0,0,1,0,차대차 - 측면충돌,교차로운행방법위반,건조,맑음,교차로 - 교차로안,승용,남,64세,상해없음,자전거,남,71세,경상
2019070500100220,2019년 7월 5일 10시,금요일,전라북도 전주시 덕진구 인후동2가,중상사고,0,1,1,0,차대차 - 정면충돌,중앙선침범,건조,맑음,단일로 - 기타,승용,여,48세,기타불명,승용,남,58세,중상
2019070500100287,2019년 7월 5일 12시,금요일,전라북도 익산시 마동,경상사고,0,0,1,0,차대차 - 추돌,안전거리미확보,건조,맑음,단일로 - 기타,승용,여,49세,상해없음,승용,여,43세,경상
2019070500100320,2019년 7월 5일 13시,금요일,전라북도 정읍시 수성동,경상사고,0,0,2,0,차대차 - 측면충돌,직진우회전진행방해,건조,맑음,교차로 - 교차로안,화물,남,44세,상해없음,승용,남,62세,경상
2019070500100321,2019년 7월 5일 13시,금요일,전라북도 정읍시 연지동,경상사고,0,0,1,0,차대사람 - 횡단중,신호위반,건조,맑음,교차로 - 교차로안,승용,여,50세,상해없음,보행자,남,76세,경상
2019070500100322,2019년 7월 5일 13시,금요일,전라북도 순창군 순창읍,경상사고,0,0,1,0,차대차 - 측면충돌,안전운전불이행,건조,맑음,기타 - 기타,건설기계,남,57세,상해없음,승용,남,54세,경상
2019070500100354,2019년 7월 5일 14시,금요일,전라북도 전주시 완산구 서신동,경상사고,0,0,1,0,차대차 - 추돌,안전거리미확보,건조,맑음,기타 - 기타,승용,남,62세,상해없음,승용,여,26세,경상
2019070500100355,2019년 7월 5일 14시,금요일,전라북도 남원시 금동,경상사고,0,0,1,0,차대차 - 추돌,안전운전불이행,건조,맑음,교차로 - 교차로부근,승용,남,31세,상해없음,승용,남,74세,경상
2019070500100356,2019년 7월 5일 14시,금요일,전라북도 장수군 계북면,경상사고,0,0,1,0,차대차 - 추돌,안전운전불이행,건조,맑음,단일로 - 기타,승용,남,53세,상해없음,승용,남,40세,경상
2019070500100389,2019년 7월 5일 15시,금요일,전라북도 전주시 덕진구 인후동2가,경상사고,0,0,1,0,차대차 - 측면충돌,안전거리미확보,건조,맑음,단일로 - 기타,화물,남,38세,상해없음,승합,남,46세,상해없음
2019070500100443,2019년 7월 5일 16시,금요일,전라북도 익산시 왕궁면,중상사고,0,2,2,0,차대차 - 측면충돌,직진우회전진행방해,건조,맑음,교차로 - 교차로안,승용,여,21세,경상,승용,여,64세,중상
2019070500100488,2019년 7월 5일 17시,금요일,전라북도 익산시 인화동1가,경상사고,0,0,1,0,차대차 - 측면충돌,직진우회전진행방해,건조,맑음,교차로 - 교차로안,화물,남,31세,상해없음,승용,남,77세,경상
2019070500100489,2019년 7월 5일 17시,금요일,전라북도 정읍시 연지동,중상사고,0,1,0,0,차대사람 - 횡단중,보행자보호의무위반,건조,맑음,교차로 - 교차로안,승용,남,74세,상해없음,보행자,여,60세,중상
2019070500100542,2019년 7월 5일 18시,금요일,전라북도 전주시 덕진구 진북동,경상사고,0,0,1,0,차대차 - 측면충돌,중앙선침범,건조,맑음,단일로 - 기타,화물,남,49세,상해없음,승용,남,40세,경상
2019070500100543,2019년 7월 5일 18시,금요일,전라북도 정읍시 연지동,경상사고,0,0,3,0,차대차 - 측면충돌,차로위반,건조,맑음,교차로 - 교차로부근,승용,여,51세,상해없음,승용,여,47세,경상
2019070500100590,2019년 7월 5일 19시,금요일,전라북도 김제시 죽산면,경상사고,0,0,1,0,차대차 - 기타,안전운전불이행,건조,맑음,단일로 - 기타,화물,여,48세,상해없음,승용,남,46세,상해없음
2019070500100644,2019년 7월 5일 21시,금요일,전라북도 전주시 완산구 중노송동,경상사고,0,0,1,0,차대차 - 측면충돌,교차로운행방법위반,건조,기타,교차로 - 교차로안,승용,남,43세,상해없음,이륜,남,31세,경상
2019070500100645,2019년 7월 5일 21시,금요일,전라북도 군산시 중앙로1가,경상사고,0,0,1,0,차대차 - 측면충돌,직진우회전진행방해,건조,맑음,교차로 - 교차로안,승용,남,26세,상해없음,승용,남,57세,경상
2019070600100042,2019년 7월 6일 00시,토요일,전라북도 전주시 완산구 삼천동1가,경상사고,0,0,2,0,차대차 - 추돌,안전운전불이행,건조,기타,단일로 - 기타,승용,남,20세,상해없음,승용,남,56세,경상
2019070600100099,2019년 7월 6일 04시,토요일,전라북도 전주시 완산구 삼천동1가,경상사고,0,0,2,0,차대차 - 측면충돌,신호위반,건조,기타,교차로 - 교차로안,승용,남,61세,상해없음,승용,남,55세,경상
2019070600100109,2019년 7월 6일 05시,토요일,전라북도 부안군 부안읍,경상사고,0,0,1,0,차대차 - 측면충돌,신호위반,건조,맑음,교차로 - 교차로안,자전거,남,39세,경상,승용,남,66세,상해없음
2019070600100147,2019년 7월 6일 07시,토요일,전라북도 전주시 덕진구 덕진동1가,경상사고,0,0,1,0,차대차 - 추돌,안전운전불이행,건조,맑음,단일로 - 기타,승용,남,69세,상해없음,승용,여,71세,경상
2019070600100193,2019년 7월 6일 09시,토요일,전라북도 군산시 대명동,부상신고사고,0,0,0,1,차대차 - 기타,중앙선침범,건조,맑음,단일로 - 기타,화물,남,64세,상해없음,자전거,남,76세,부상신고
2019070600100264,2019년 7월 6일 11시,토요일,전라북도 전주시 덕진구 전미동1가,중상사고,0,1,0,0,차대차 - 측면충돌,신호위반,건조,맑음,교차로 - 교차로안,승용,남,34세,상해없음,승용,남,28세,중상
2019070600100363,2019년 7월 6일 13시,토요일,전라북도 군산시 개정면,경상사고,0,0,1,0,차대차 - 기타,안전운전불이행,건조,맑음,단일로 - 기타,승용,남,61세,기타불명,특수,남,56세,경상
2019070600100444,2019년 7월 6일 15시,토요일,전라북도 무주군 설천면,경상사고,0,0,1,0,차대차 - 측면충돌,안전운전불이행,건조,맑음,단일로 - 기타,승용,남,40세,상해없음,자전거,남,11세,경상
2019070600100488,2019년 7월 6일 16시,토요일,전라북도 전주시 덕진구 강흥동,경상사고,0,0,3,0,차대차 - 추돌,안전운전불이행,건조,맑음,단일로 - 기타,승용,남,26세,상해없음,승용,남,44세,경상
2019070600100529,2019년 7월 6일 17시,토요일,전라북도 정읍시 덕천면,중상사고,0,1,0,0,차량단독 - 전도전복 - 전도,안전운전불이행,건조,맑음,교차로 - 교차로안,이륜,남,56세,중상,,,,
2019070600100530,2019년 7월 6일 17시,토요일,전라북도 남원시 노암동,중상사고,0,1,0,0,차대차 - 기타,신호위반,건조,맑음,교차로 - 교차로안,이륜,남,21세,중상,화물,남,50세,상해없음
2019070600100531,2019년 7월 6일 17시,토요일,전라북도 완주군 비봉면,경상사고,0,0,1,0,차대차 - 기타,안전운전불이행,건조,맑음,기타 - 기타,승용,여,37세,상해없음,승용,남,27세,경상
2019070600100622,2019년 7월 6일 20시,토요일,전라북도 전주시 덕진구 여의동,경상사고,0,0,2,0,차대차 - 측면충돌,신호위반,건조,맑음,교차로 - 교차로안,승용,남,55세,상해없음,승용,남,50세,경상
2019070600100668,2019년 7월 6일 21시,토요일,전라북도 익산시 송학동,경상사고,0,0,1,0,차대차 - 측면충돌,안전거리미확보,건조,맑음,단일로 - 기타,승용,여,61세,상해없음,이륜,남,24세,경상
2019070600100669,2019년 7월 6일 21시,토요일,전라북도 익산시 인화동2가,경상사고,0,0,1,0,차대차 - 측면충돌,신호위반,건조,맑음,교차로 - 교차로횡단보도내,승용,남,26세,상해없음,자전거,남,68세,경상
2019070700100111,2019년 7월 7일 08시,일요일,전라북도 군산시 조촌동,중상사고,0,1,0,0,차대사람 - 기타,안전운전불이행,건조,맑음,교차로 - 교차로횡단보도내,화물,남,56세,상해없음,보행자,여,66세,중상
2019070700100128,2019년 7월 7일 09시,일요일,전라북도 부안군 줄포면,중상사고,0,1,0,0,차대차 - 측면충돌,신호위반,건조,맑음,교차로 - 교차로안,승용,남,48세,상해없음,승용,남,80세,상해없음
2019070700100148,2019년 7월 7일 10시,일요일,전라북도 군산시 나운동,경상사고,0,0,1,0,차대차 - 기타,안전운전불이행,건조,맑음,단일로 - 기타,승용,여,46세,상해없음,자전거,남,56세,경상
2019070700100149,2019년 7월 7일 10시,일요일,전라북도 정읍시 칠보면,중상사고,0,1,0,0,차대차 - 측면충돌,신호위반,건조,맑음,교차로 - 교차로안,화물,남,67세,상해없음,이륜,남,71세,중상
2019070700100166,2019년 7월 7일 11시,일요일,전라북도 남원시 사매면,경상사고,0,0,1,0,차량단독 - 전도전복 - 전도,안전운전불이행,건조,맑음,단일로 - 기타,사륜오토바이(ATV),여,16세,경상,,,,
2019070700100167,2019년 7월 7일 11시,일요일,전라북도 무주군 무풍면,중상사고,0,1,0,0,차량단독 - 공작물충돌,안전운전불이행,건조,맑음,단일로 - 기타,이륜,여,33세,중상,,,,
2019070700100196,2019년 7월 7일 12시,일요일,전라북도 익산시 금마면,경상사고,0,0,1,0,차대차 - 측면충돌,안전운전불이행,건조,맑음,교차로 - 교차로안,승용,남,50세,상해없음,이륜,남,47세,경상
2019070700100225,2019년 7월 7일 13시,일요일,전라북도 전주시 덕진구 인후동2가,중상사고,0,1,2,0,차대차 - 측면충돌,안전거리미확보,건조,맑음,교차로 - 교차로부근,승용,남,61세,상해없음,승용,남,21세,경상
2019070700100266,2019년 7월 7일 14시,일요일,전라북도 전주시 완산구 다가동2가,중상사고,0,1,0,0,차대사람 - 횡단중,보행자보호의무위반,건조,맑음,교차로 - 교차로안,승용,여,60세,상해없음,보행자,남,79세,중상
2019070700100267,2019년 7월 7일 14시,일요일,전라북도 정읍시 상동,경상사고,0,0,1,0,차대차 - 정면충돌,중앙선침범,건조,맑음,교차로 - 교차로부근,화물,남,71세,상해없음,승용,남,42세,경상
2019070700100340,2019년 7월 7일 16시,일요일,전라북도 군산시 오식도동,경상사고,0,0,3,1,차대차 - 추돌,안전거리미확보,건조,맑음,교차로 - 교차로부근,승용,남,64세,상해없음,승용,남,39세,경상
2019070700100341,2019년 7월 7일 16시,일요일,전라북도 정읍시 수성동,경상사고,0,0,2,0,차대차 - 추돌,안전운전불이행,건조,맑음,교차로 - 교차로부근,화물,남,59세,상해없음,승합,남,47세,경상
2019070700100506,2019년 7월 7일 23시,일요일,전라북도 익산시 마동,경상사고,0,0,1,0,차대사람 - 횡단중,보행자보호의무위반,건조,맑음,교차로 - 교차로안,승용,남,61세,상해없음,보행자,남,26세,경상
2019070700100507,2019년 7월 7일 23시,일요일,전라북도 김제시 도장동,경상사고,0,0,1,0,차량단독 - 전도전복 - 전도,안전운전불이행,건조,맑음,기타 - 기타,이륜,남,75세,경상,,,,
2019070800100052,2019년 7월 8일 04시,월요일,전라북도 익산시 인화동1가,경상사고,0,0,1,0,차대차 - 정면충돌,신호위반,건조,맑음,교차로 - 교차로안,승용,남,68세,상해없음,승용,남,63세,경상
2019070800100064,2019년 7월 8일 05시,월요일,전라북도 정읍시 연지동,경상사고,0,0,1,0,차대차 - 기타,안전거리미확보,건조,맑음,교차로 - 교차로안,승합,남,60세,상해없음,승용,여,63세,경상
2019070800100091,2019년 7월 8일 07시,월요일,전라북도 남원시 광치동,경상사고,0,0,1,0,차대차 - 기타,안전운전불이행,건조,맑음,교차로 - 교차로안,건설기계,남,57세,상해없음,승용,남,42세,경상
2019070800100134,2019년 7월 8일 08시,월요일,전라북도 남원시 용정동,중상사고,0,1,1,0,차대차 - 추돌,안전운전불이행,건조,맑음,교차로 - 교차로부근,화물,남,70세,상해없음,승용,여,37세,중상
2019070800100179,2019년 7월 8일 09시,월요일,전라북도 전주시 덕진구 전미동1가,중상사고,0,2,0,0,차대차 - 측면충돌,신호위반,건조,맑음,교차로 - 교차로안,화물,남,61세,상해없음,승용,여,55세,중상
2019070800100180,2019년 7월 8일 09시,월요일,전라북도 익산시 신동,중상사고,0,1,0,0,차대사람 - 횡단중,안전운전불이행,건조,맑음,교차로 - 교차로횡단보도내,승용,남,76세,상해없음,보행자,남,72세,중상
2019070800100210,2019년 7월 8일 10시,월요일,전라북도 익산시 영등동,중상사고,0,1,0,0,차대차 - 측면충돌,차로위반,건조,맑음,단일로 - 기타,이륜,여,62세,중상,승용,여,60세,상해없음
2019070800100211,2019년 7월 8일 10시,월요일,전라북도 정읍시 시기동,경상사고,0,0,2,0,차대차 - 측면충돌,차로위반,건조,맑음,단일로 - 기타,승용,남,16세,기타불명,승합,남,65세,경상
2019070800100250,2019년 7월 8일 11시,월요일,전라북도 김제시 신풍동,경상사고,0,0,3,0,차대차 - 추돌,안전운전불이행,건조,맑음,교차로 - 교차로부근,화물,남,24세,상해없음,승용,남,44세,경상
2019070800100342,2019년 7월 8일 14시,월요일,전라북도 김제시 성덕면,경상사고,0,0,1,0,차량단독 - 기타,안전운전불이행,건조,맑음,기타 - 기타,화물,남,56세,상해없음,,,,
2019070800100343,2019년 7월 8일 14시,월요일,전라북도 김제시 죽산면,경상사고,0,0,2,0,차대차 - 측면충돌,안전운전불이행,건조,맑음,교차로 - 교차로안,승용,여,47세,상해없음,화물,남,31세,경상
2019070800100369,2019년 7월 8일 15시,월요일,전라북도 익산시 인화동1가,경상사고,0,0,1,0,차대차 - 측면충돌,안전운전불이행,건조,맑음,교차로 - 교차로부근,승용,여,53세,상해없음,승용,남,35세,경상
2019070800100413,2019년 7월 8일 16시,월요일,전라북도 전주시 덕진구 덕진동1가,경상사고,0,0,1,0,차대차 - 측면충돌,불법유턴,건조,맑음,단일로 - 기타,승용,여,64세,상해없음,화물,남,26세,경상
2019070800100527,2019년 7월 8일 19시,월요일,전라북도 전주시 덕진구 진북동,중상사고,0,1,0,0,차대차 - 측면충돌,안전운전불이행,건조,맑음,기타 - 기타,승용,남,43세,상해없음,자전거,남,26세,중상
2019070800100553,2019년 7월 8일 20시,월요일,전라북도 부안군 줄포면,중상사고,0,1,1,0,차대사람 - 차도통행중,안전운전불이행,건조,맑음,단일로 - 기타,승용,남,46세,상해없음,보행자,남,18세,경상
2019070800100590,2019년 7월 8일 22시,월요일,전라북도 전주시 덕진구 덕진동2가,경상사고,0,0,1,0,차대차 - 측면충돌,교차로운행방법위반,건조,맑음,교차로 - 교차로안,승용,남,45세,상해없음,승용,남,33세,경상
2019070800100591,2019년 7월 8일 22시,월요일,전라북도 전주시 덕진구 우아동3가,경상사고,0,0,1,0,차대차 - 추돌,안전거리미확보,건조,맑음,단일로 - 기타,화물,남,55세,상해없음,승용,여,51세,경상
2019070900100075,2019년 7월 9일 06시,화요일,전라북도 정읍시 칠보면,사망사고,3,1,0,0,차대차 - 측면충돌,신호위반,건조,맑음,교차로 - 교차로안,특수,남,48세,중상,화물,남,72세,사망
2019070900100104,2019년 7월 9일 07시,화요일,전라북도 전주시 덕진구 송천동2가,경상사고,0,0,3,0,차대차 - 측면충돌,신호위반,건조,맑음,교차로 - 교차로안,승용,남,61세,상해없음,화물,남,44세,경상
2019070900100105,2019년 7월 9일 07시,화요일,전라북도 군산시 내초동,경상사고,0,0,1,0,차대차 - 측면충돌,안전운전불이행,건조,맑음,단일로 - 기타,승용,남,60세,상해없음,승용,남,39세,경상
2019070900100147,2019년 7월 9일 08시,화요일,전라북도 군산시 나운동,경상사고,0,0,1,0,차대차 - 추돌,안전운전불이행,건조,맑음,단일로 - 지하차도(도로)내,승용,남,53세,상해없음,승용,여,21세,상해없음
2019070900100148,2019년 7월 9일 08시,화요일,전라북도 익산시 팔봉동,중상사고,0,1,0,0,차대차 - 측면충돌,직진우회전진행방해,건조,맑음,교차로 - 교차로안,승용,남,41세,상해없음,자전거,남,51세,중상
2019070900100149,2019년 7월 9일 08시,화요일,전라북도 김제시 백구면,경상사고,0,0,2,0,차대차 - 추돌,안전운전불이행,건조,맑음,단일로 - 기타,화물,남,30세,경상,승용,남,56세,상해없음
2019070900100193,2019년 7월 9일 09시,화요일,전라북도 군산시 옥구읍,경상사고,0,0,3,0,차대차 - 측면충돌,기타,건조,맑음,교차로 - 교차로안,승용,남,35세,상해없음,승용,남,47세,경상
2019070900100194,2019년 7월 9일 09시,화요일,전라북도 정읍시 연지동,경상사고,0,0,1,0,차량단독 - 기타,안전운전불이행,건조,맑음,교차로 - 교차로부근,승용,남,64세,상해없음,,,,
2019070900100266,2019년 7월 9일 11시,화요일,전라북도 익산시 영등동,경상사고,0,0,1,0,차대차 - 측면충돌,직진우회전진행방해,건조,맑음,교차로 - 교차로안,승용,여,32세,상해없음,승용,여,51세,경상
2019070900100323,2019년 7월 9일 13시,화요일,전라북도 전주시 완산구 효자동3가,중상사고,0,1,1,0,차대차 - 측면충돌,교차로운행방법위반,건조,맑음,교차로 - 교차로안,화물,남,43세,상해없음,승용,남,41세,경상
2019070900100324,2019년 7월 9일 13시,화요일,전라북도 익산시 남중동,경상사고,0,0,1,0,차대차 - 측면충돌,직진우회전진행방해,건조,맑음,교차로 - 교차로안,승용,남,54세,상해없음,승용,남,49세,경상
2019070900100381,2019년 7월 9일 15시,화요일,전라북도 군산시 경장동,경상사고,0,0,1,0,차대차 - 측면충돌,안전거리미확보,건조,맑음,단일로 - 지하차도(도로)내,승용,남,72세,기타불명,승용,여,64세,경상
2019070900100411,2019년 7월 9일 16시,화요일,전라북도 전주시 완산구 중화산동1가,경상사고,0,0,1,0,차대차 - 추돌,안전운전불이행,건조,맑음,단일로 - 기타,화물,남,70세,상해없음,승용,여,42세,경상
2019070900100412,2019년 7월 9일 16시,화요일,전라북도 전주시 덕진구 전미동1가,경상사고,0,0,2,0,차대차 - 추돌,안전운전불이행,건조,맑음,교차로 - 교차로부근,승용,여,41세,상해없음,승용,여,38세,경상
2019070900100413,2019년 7월 9일 16시,화요일,전라북도 군산시 내초동,경상사고,0,0,1,0,차대차 - 추돌,안전운전불이행,건조,맑음,교차로 - 교차로부근,승용,여,59세,상해없음,승용,여,34세,경상
2019070900100414,2019년 7월 9일 16시,화요일,전라북도 익산시 함라면,경상사고,0,0,1,0,차대차 - 정면충돌,신호위반,건조,맑음,교차로 - 교차로안,승용,여,55세,상해없음,승용,여,37세,경상
2019070900100415,2019년 7월 9일 16시,화요일,전라북도 정읍시 하북동,경상사고,0,0,1,0,차대차 - 추돌,안전운전불이행,건조,맑음,교차로 - 교차로부근,원동기,여,69세,경상,승용,남,62세,상해없음
2019070900100453,2019년 7월 9일 17시,화요일,전라북도 전주시 완산구 효자동2가,경상사고,0,0,1,0,차대차 - 측면충돌,안전운전불이행,건조,맑음,교차로 - 교차로안,승용,남,23세,상해없음,승용,남,62세,경상
2019070900100454,2019년 7월 9일 17시,화요일,전라북도 익산시 모현동1가,중상사고,0,1,0,0,차대사람 - 횡단중,보행자보호의무위반,건조,맑음,단일로 - 기타,승용,남,53세,상해없음,보행자,여,56세,중상
2019070900100499,2019년 7월 9일 18시,화요일,전라북도 전주시 덕진구 동산동,중상사고,0,1,0,0,차대사람 - 횡단중,안전운전불이행,건조,맑음,교차로 - 교차로안,화물,남,66세,상해없음,보행자,남,5세,중상