사고번호,사고일시,요일,시군구,사고내용,사망자수,중상자수,경상자수,부상신고자수,사고유형,법규위반,노면상태,기상상태,도로형태,가해운전자 차종,가해운전자 성별,가해운전자 연령,가해운전자 상해정도,피해운전자 차종,피해운전자 성별,피해운전자 연령,피해운전자 상해정도
2019072800100182,2019년 7월 28일 13시,일요일,전라북도 익산시 남중동,경상사고,0,0,1,0,차대차 - 기타,안전운전불이행,젖음/습기,비,교차로 - 교차로안,승용,여,58세,상해없음,이륜,남,67세,경상
2019072800100211,2019년 7월 28일 14시,일요일,전라북도 부안군 동진면,사망사고,1,1,2,0,차대차 - 추돌,안전운전불이행,건조,맑음,교차로 - 교차로안,승용,남,58세,경상,승용,남,45세,경상
2019072800100294,2019년 7월 28일 17시,일요일,전라북도 군산시 옥도면,중상사고,0,3,1,0,차대차 - 기타,차로위반,건조,맑음,단일로 - 기타,승용,여,66세,상해없음,승용,남,59세,경상
2019072800100346,2019년 7월 28일 19시,일요일,전라북도 정읍시 금붕동,중상사고,0,1,2,0,차량단독 - 공작물충돌,안전운전불이행,건조,맑음,교차로 - 교차로안,승용,남,42세,상해없음,,,,
2019072800100374,2019년 7월 28일 20시,일요일,전라북도 정읍시 수성동,경상사고,0,0,1,0,차대차 - 측면충돌,신호위반,건조,흐림,교차로 - 교차로안,이륜,남,34세,상해없음,승용,여,45세,경상
2019072800100394,2019년 7월 28일 21시,일요일,전라북도 군산시 나운동,경상사고,0,0,1,0,차대사람 - 횡단중,안전운전불이행,건조,기타,단일로 - 기타,승합,남,48세,상해없음,보행자,여,21세,경상
2019072800100395,2019년 7월 28일 21시,일요일,전라북도 익산시 동산동,경상사고,0,0,6,0,차대차 - 추돌,안전운전불이행,건조,맑음,교차로 - 교차로부근,승합,남,52세,상해없음,승용,여,39세,경상
2019072800100412,2019년 7월 28일 22시,일요일,전라북도 전주시 덕진구 진북동,경상사고,0,0,3,0,차대차 - 측면충돌,안전운전불이행,건조,맑음,단일로 - 기타,승용,여,61세,상해없음,승용,남,29세,경상
2019072800100413,2019년 7월 28일 22시,일요일,전라북도 진안군 진안읍,경상사고,0,0,1,0,차대차 - 측면충돌,교차로운행방법위반,건조,맑음,교차로 - 교차로안,화물,남,58세,상해없음,승용,여,48세,경상
2019072900100074,2019년 7월 29일 06시,월요일,전라북도 무주군 무주읍,중상사고,0,1,0,0,차대차 - 추돌,안전운전불이행,건조,맑음,단일로 - 기타,화물,남,51세,상해없음,자전거,남,86세,중상
2019072900100115,2019년 7월 29일 08시,월요일,전라북도 전주시 덕진구 덕진동2가,중상사고,0,1,0,0,차대사람 - 길가장자리구역통행중,안전운전불이행,건조,맑음,단일로 - 기타,승용,여,28세,기타불명,보행자,남,26세,중상
2019072900100155,2019년 7월 29일 09시,월요일,전라북도 전주시 완산구 동완산동,중상사고,0,1,0,0,차대사람 - 횡단중,보행자보호의무위반,건조,맑음,교차로 - 교차로횡단보도내,화물,남,68세,상해없음,보행자,여,59세,중상
2019072900100156,2019년 7월 29일 09시,월요일,전라북도 전주시 덕진구 팔복동1가,경상사고,0,0,2,0,차대차 - 측면충돌,안전운전불이행,건조,맑음,단일로 - 기타,화물,남,31세,상해없음,화물,남,50세,경상
2019072900100157,2019년 7월 29일 09시,월요일,전라북도 익산시 함라면,사망사고,1,0,0,0,차대차 - 측면충돌,신호위반,건조,맑음,교차로 - 교차로안,이륜,남,82세,사망,승용,여,50세,상해없음
2019072900100260,2019년 7월 29일 12시,월요일,전라북도 익산시 마동,경상사고,0,0,1,0,차대차 - 측면충돌,안전운전불이행,건조,맑음,교차로 - 교차로부근,승합,여,54세,상해없음,승용,남,72세,경상
2019072900100291,2019년 7월 29일 13시,월요일,전라북도 남원시 아영면,경상사고,0,0,2,0,차대차 - 후진중충돌,안전운전불이행,건조,맑음,기타 - 기타,승용,여,45세,기타불명,특수,남,42세,경상
2019072900100327,2019년 7월 29일 14시,월요일,전라북도 김제시 공덕면,중상사고,0,1,0,0,차대차 - 정면충돌,직진우회전진행방해,건조,맑음,교차로 - 교차로안,원동기,남,54세,상해없음,화물,남,44세,상해없음
2019072900100385,2019년 7월 29일 15시,월요일,전라북도 김제시 금구면,중상사고,0,1,0,0,차대차 - 측면충돌,신호위반,건조,맑음,교차로 - 교차로안,승용,남,23세,상해없음,승용,여,49세,중상
2019072900100426,2019년 7월 29일 16시,월요일,전라북도 전주시 덕진구 금암동,경상사고,0,0,1,0,차대차 - 측면충돌,신호위반,건조,맑음,교차로 - 교차로안,승용,남,76세,기타불명,화물,남,30세,경상
2019072900100427,2019년 7월 29일 16시,월요일,전라북도 익산시 영등동,중상사고,0,1,0,0,차대차 - 측면충돌,안전운전불이행,건조,맑음,교차로 - 교차로부근,승용,남,39세,상해없음,승용,남,40세,중상
2019072900100428,2019년 7월 29일 16시,월요일,전라북도 익산시 삼기면,중상사고,0,1,0,0,차대차 - 추돌,안전운전불이행,건조,맑음,단일로 - 기타,화물,남,19세,중상,건설기계,남,56세,상해없음
2019072900100473,2019년 7월 29일 17시,월요일,전라북도 전주시 덕진구 금암동,경상사고,0,0,2,0,차대차 - 측면충돌,직진우회전진행방해,건조,맑음,교차로 - 교차로안,승용,여,46세,기타불명,승용,남,28세,경상
2019072900100474,2019년 7월 29일 17시,월요일,전라북도 익산시 신흥동,경상사고,0,0,1,0,차대차 - 측면충돌,안전거리미확보,건조,맑음,단일로 - 기타,화물,남,37세,상해없음,승용,여,35세,경상
2019072900100475,2019년 7월 29일 17시,월요일,전라북도 무주군 설천면,경상사고,0,0,1,0,차대사람 - 보도통행중,기타,건조,맑음,단일로 - 기타,승용,남,56세,상해없음,보행자,여,61세,경상
2019072900100520,2019년 7월 29일 18시,월요일,전라북도 군산시 오식도동,경상사고,0,0,3,0,차대차 - 기타,신호위반,건조,맑음,단일로 - 기타,승용,남,32세,경상,승용,여,37세,경상
2019072900100521,2019년 7월 29일 18시,월요일,전라북도 익산시 금강동,경상사고,0,0,1,0,차대차 - 측면충돌,신호위반,건조,맑음,교차로 - 교차로안,이륜,남,20세,경상,승용,남,43세,상해없음
2019072900100522,2019년 7월 29일 18시,월요일,전라북도 진안군 동향면,경상사고,0,0,1,0,차대차 - 측면충돌,직진우회전진행방해,건조,맑음,교차로 - 교차로안,원동기,여,58세,경상,화물,남,60세,상해없음
2019072900100571,2019년 7월 29일 19시,월요일,전라북도 전주시 완산구 효자동3가,경상사고,0,0,2,0,차대차 - 정면충돌,신호위반,건조,흐림,교차로 - 교차로안,승용,여,25세,상해없음,승용,여,46세,경상
2019072900100572,2019년 7월 29일 19시,월요일,전라북도 군산시 해망동,경상사고,0,0,3,0,차대차 - 기타,차로위반,건조,맑음,교차로 - 교차로부근,화물,남,54세,상해없음,승용,여,38세,경상
2019072900100599,2019년 7월 29일 20시,월요일,전라북도 군산시 나운동,경상사고,0,0,1,0,차대차 - 기타,안전운전불이행,건조,맑음,단일로 - 기타,승용,남,52세,상해없음,이륜,남,35세,경상
2019072900100630,2019년 7월 29일 21시,월요일,전라북도 군산시 서흥남동,경상사고,0,0,1,0,차대차 - 기타,신호위반,건조,맑음,교차로 - 교차로안,승용,여,59세,상해없음,승용,남,28세,경상
2019072900100670,2019년 7월 29일 23시,월요일,전라북도 익산시 모현동1가,중상사고,0,2,3,0,차대차 - 측면충돌,신호위반,건조,맑음,교차로 - 교차로안,승용,남,40세,상해없음,승용,여,58세,중상
2019073000100099,2019년 7월 30일 07시,화요일,전라북도 전주시 완산구 태평동,경상사고,0,0,2,0,차대차 - 측면충돌,안전운전불이행,건조,맑음,교차로 - 교차로안,화물,남,43세,상해없음,승용,남,28세,경상
2019073000100191,2019년 7월 30일 10시,화요일,전라북도 전주시 완산구 서신동,경상사고,0,0,1,0,차대차 - 측면충돌,안전거리미확보,건조,맑음,단일로 - 지하차도(도로)내,승용,여,51세,상해없음,승용,남,41세,경상
2019073000100192,2019년 7월 30일 10시,화요일,전라북도 정읍시 농소동,중상사고,0,1,1,0,차대차 - 측면충돌,안전거리미확보,건조,맑음,교차로 - 교차로부근,원동기,남,82세,경상,화물,남,74세,상해없음
2019073000100215,2019년 7월 30일 11시,화요일,전라북도 전주시 완산구 동서학동,경상사고,0,0,1,0,차대차 - 기타,안전운전불이행,건조,맑음,단일로 - 기타,이륜,남,80세,상해없음,자전거,남,57세,경상
2019073000100216,2019년 7월 30일 11시,화요일,전라북도 전주시 덕진구 덕진동2가,경상사고,0,0,3,1,차량단독 - 공작물충돌,안전운전불이행,건조,맑음,단일로 - 기타,승용,남,22세,상해없음,,,,
2019073000100217,2019년 7월 30일 11시,화요일,전라북도 익산시 남중동,중상사고,0,1,0,0,차대사람 - 횡단중,안전운전불이행,건조,맑음,교차로 - 교차로안,승용,여,57세,상해없음,보행자,여,80세,중상
2019073000100260,2019년 7월 30일 12시,화요일,전라북도 군산시 경암동,경상사고,0,0,3,0,차대차 - 측면충돌,안전운전불이행,건조,맑음,교차로 - 교차로안,승용,여,51세,상해없음,승용,남,64세,경상
2019073000100304,2019년 7월 30일 13시,화요일,전라북도 익산시 용동면,경상사고,0,0,1,0,차대차 - 측면충돌,직진우회전진행방해,건조,맑음,교차로 - 교차로안,승용,남,77세,상해없음,승용,남,68세,경상
2019073000100305,2019년 7월 30일 13시,화요일,전라북도 완주군 봉동읍,중상사고,0,1,0,0,차대사람 - 기타,안전운전불이행,건조,맑음,단일로 - 기타,승합,남,58세,상해없음,보행자,여,63세,중상
2019073000100356,2019년 7월 30일 14시,화요일,전라북도 군산시 개정면,경상사고,0,0,1,0,차대차 - 기타,기타,건조,맑음,교차로 - 교차로안,승용,여,61세,상해없음,화물,남,37세,경상
2019073000100357,2019년 7월 30일 14시,화요일,전라북도 정읍시 수성동,사망사고,1,0,0,0,차대사람 - 횡단중,보행자보호의무위반,건조,맑음,교차로 - 교차로안,화물,남,59세,상해없음,보행자,여,68세,사망
2019073000100358,2019년 7월 30일 14시,화요일,전라북도 남원시 노암동,경상사고,0,0,1,0,차대사람 - 횡단중,안전운전불이행,건조,맑음,단일로 - 기타,승용,남,55세,상해없음,보행자,여,85세,경상
2019073000100359,2019년 7월 30일 14시,화요일,전라북도 완주군 이서면,중상사고,0,1,0,0,차대사람 - 기타,안전운전불이행,건조,맑음,교차로 - 교차로안,승용,남,35세,기타불명,보행자,남,63세,중상
2019073000100392,2019년 7월 30일 15시,화요일,전라북도 전주시 덕진구 금암동,중상사고,0,1,0,0,차대사람 - 기타,안전운전불이행,건조,맑음,단일로 - 기타,승용,남,29세,상해없음,보행자,여,59세,중상
2019073000100393,2019년 7월 30일 15시,화요일,전라북도 익산시 부송동,경상사고,0,0,2,0,차대차 - 추돌,안전운전불이행,건조,맑음,교차로 - 교차로부근,승용,여,58세,상해없음,승용,남,26세,경상
2019073000100394,2019년 7월 30일 15시,화요일,전라북도 부안군 부안읍,경상사고,0,0,1,0,차대차 - 측면충돌,직진우회전진행방해,건조,맑음,교차로 - 교차로부근,자전거,여,48세,경상,화물,남,59세,상해없음
2019073000100431,2019년 7월 30일 16시,화요일,전라북도 전주시 완산구 중화산동2가,경상사고,0,0,2,0,차대차 - 추돌,안전운전불이행,건조,맑음,단일로 - 기타,화물,남,39세,상해없음,화물,남,43세,경상
2019073000100432,2019년 7월 30일 16시,화요일,전라북도 익산시 함열읍,경상사고,0,0,1,0,차대차 - 측면충돌,안전운전불이행,건조,맑음,단일로 - 기타,이륜,남,75세,경상,승용,남,66세,상해없음
2019073000100486,2019년 7월 30일 17시,화요일,전라북도 전주시 덕진구 금암동,경상사고,0,0,1,0,차대사람 - 횡단중,신호위반,건조,맑음,교차로 - 교차로안,승용,남,27세,상해없음,보행자,남,19세,경상
2019073000100487,2019년 7월 30일 17시,화요일,전라북도 남원시 동충동,경상사고,0,0,1,0,차대차 - 정면충돌,교차로운행방법위반,건조,맑음,교차로 - 교차로안,승용,여,36세,상해없음,이륜,남,74세,경상
2019073000100526,2019년 7월 30일 18시,화요일,전라북도 전주시 완산구 효자동1가,경상사고,0,0,1,0,차대차 - 측면충돌,교차로운행방법위반,건조,맑음,교차로 - 교차로안,승용,여,40세,상해없음,이륜,남,26세,경상
2019073000100527,2019년 7월 30일 18시,화요일,전라북도 전주시 덕진구 덕진동1가,경상사고,0,0,1,0,차대차 - 추돌,안전거리미확보,건조,맑음,단일로 - 기타,승용,남,50세,상해없음,승용,여,49세,경상
2019073000100528,2019년 7월 30일 18시,화요일,전라북도 군산시 오식도동,경상사고,0,0,6,0,차대차 - 추돌,안전거리미확보,건조,맑음,교차로 - 교차로부근,승용,남,37세,상해없음,승용,남,39세,경상
2019073000100529,2019년 7월 30일 18시,화요일,전라북도 김제시 요촌동,경상사고,0,0,1,0,차대차 - 측면충돌,안전운전불이행,건조,맑음,교차로 - 교차로안,승용,남,57세,상해없음,이륜,남,79세,경상
2019073000100530,2019년 7월 30일 18시,화요일,전라북도 임실군 성수면,경상사고,0,0,3,0,차대차 - 추돌,차로위반,건조,맑음,단일로 - 기타,승용,여,63세,상해없음,승용,여,44세,경상
2019073000100569,2019년 7월 30일 19시,화요일,전라북도 남원시 대강면,중상사고,0,1,0,0,차량단독 - 공작물충돌,안전운전불이행,건조,맑음,단일로 - 기타,사륜오토바이(ATV),남,57세,중상,,,,
2019073000100594,2019년 7월 30일 20시,화요일,전라북도 전주시 완산구 평화동2가,경상사고,0,0,1,0,차대차 - 추돌,안전운전불이행,건조,맑음,단일로 - 기타,화물,남,67세,상해없음,승용,남,31세,경상
2019073000100595,2019년 7월 30일 20시,화요일,전라북도 부안군 부안읍,중상사고,0,1,0,0,차대사람 - 기타,안전운전불이행,건조,맑음,주차장 - 주차장,승용,남,36세,상해없음,보행자,남,56세,중상
2019073000100627,2019년 7월 30일 21시,화요일,전라북도 익산시 금마면,중상사고,0,1,2,0,차대차 - 측면충돌,신호위반,건조,맑음,교차로 - 교차로안,승용,여,34세,경상,승용,남,55세,경상
2019073000100628,2019년 7월 30일 21시,화요일,전라북도 정읍시 태인면,중상사고,0,3,1,0,차대차 - 추돌,과속,건조,맑음,단일로 - 기타,승용,남,70세,경상,화물,남,44세,중상
2019073000100629,2019년 7월 30일 21시,화요일,전라북도 완주군 삼례읍,경상사고,0,0,2,0,차대차 - 추돌,안전운전불이행,건조,맑음,기타 - 기타,승용,남,33세,상해없음,승용,여,49세,경상
2019073000100648,2019년 7월 30일 22시,화요일,전라북도 장수군 번암면,사망사고,1,0,0,0,차량단독 - 도로외이탈 - 기타,안전운전불이행,건조,맑음,단일로 - 기타,승합,남,58세,사망,,,,
2019073000100672,2019년 7월 30일 23시,화요일,전라북도 남원시 조산동,중상사고,0,1,0,0,차대차 - 측면충돌,안전운전불이행,건조,맑음,단일로 - 기타,화물,남,42세,상해없음,자전거,여,58세,중상
2019073100100030,2019년 7월 31일 00시,수요일,전라북도 전주시 덕진구 금암동,경상사고,0,0,2,0,차대차 - 측면충돌,안전거리미확보,건조,맑음,교차로 - 교차로부근,승용,여,37세,상해없음,승용,남,41세,경상
2019073100100031,2019년 7월 31일 00시,수요일,전라북도 군산시 오식도동,중상사고,0,1,0,0,차대사람 - 길가장자리구역통행중,안전운전불이행,건조,맑음,교차로 - 교차로부근,화물,남,41세,상해없음,보행자,남,33세,중상
2019073100100032,2019년 7월 31일 00시,수요일,전라북도 정읍시 연지동,경상사고,0,0,1,0,차대차 - 측면충돌,신호위반,건조,맑음,교차로 - 교차로안,승용,남,55세,상해없음,승용,남,27세,경상
2019073100100043,2019년 7월 31일 01시,수요일,전라북도 전주시 완산구 중화산동2가,경상사고,0,0,1,0,차대사람 - 기타,안전운전불이행,건조,맑음,단일로 - 기타,개인형이동수단(PM),남,33세,상해없음,보행자,여,34세,경상
2019073100100044,2019년 7월 31일 01시,수요일,전라북도 전주시 덕진구 금암동,경상사고,0,0,1,0,차대차 - 추돌,안전운전불이행,건조,맑음,단일로 - 기타,승용,여,39세,상해없음,승합,여,36세,경상
2019073100100050,2019년 7월 31일 02시,수요일,전라북도 군산시 수송동,경상사고,0,0,2,0,차대차 - 측면충돌,신호위반,건조,맑음,교차로 - 교차로안,승용,남,62세,상해없음,승용,여,42세,경상
2019073100100051,2019년 7월 31일 02시,수요일,전라북도 군산시 나운동,경상사고,0,0,1,0,차대차 - 추돌,직진우회전진행방해,건조,맑음,교차로 - 교차로안,승용,남,64세,상해없음,승용,남,55세,경상
2019073100100052,2019년 7월 31일 02시,수요일,전라북도 익산시 신동,부상신고사고,0,0,0,1,차대차 - 측면충돌,직진우회전진행방해,건조,맑음,교차로 - 교차로안,이륜,여,47세,부상신고,승용,남,22세,상해없음
2019073100100192,2019년 7월 31일 10시,수요일,전라북도 군산시 경암동,경상사고,0,0,3,0,차대차 - 기타,교차로운행방법위반,건조,맑음,교차로 - 교차로안,승용,여,63세,경상,승용,여,31세,경상
2019073100100193,2019년 7월 31일 10시,수요일,전라북도 김제시 죽산면,경상사고,0,0,2,0,차대차 - 측면충돌,안전운전불이행,건조,맑음,교차로 - 교차로안,화물,남,67세,상해없음,승용,남,73세,경상
2019073100100237,2019년 7월 31일 11시,수요일,전라북도 익산시 부송동,경상사고,0,0,1,0,차대차 - 측면충돌,안전운전불이행,건조,맑음,단일로 - 기타,화물,남,35세,상해없음,승용,남,37세,경상
2019073100100238,2019년 7월 31일 11시,수요일,전라북도 완주군 운주면,경상사고,0,0,1,0,차대차 - 기타,교차로운행방법위반,건조,맑음,교차로 - 교차로안,승용,여,37세,상해없음,이륜,남,66세,경상
2019073100100310,2019년 7월 31일 13시,수요일,전라북도 군산시 수송동,경상사고,0,0,1,0,차대사람 - 횡단중,보행자보호의무위반,건조,맑음,교차로 - 교차로횡단보도내,기타불명,기타불명,미분류,기타불명,보행자,남,15세,경상
2019073100100334,2019년 7월 31일 14시,수요일,전라북도 전주시 덕진구 송천동1가,경상사고,0,0,1,0,차대사람 - 횡단중,안전운전불이행,건조,맑음,단일로 - 기타,승용,남,64세,상해없음,보행자,여,10세,경상
2019073100100335,2019년 7월 31일 14시,수요일,전라북도 부안군 하서면,경상사고,0,0,1,0,차대차 - 측면충돌,신호위반,건조,맑음,교차로 - 교차로안,화물,남,69세,상해없음,화물,남,62세,경상
2019073100100403,2019년 7월 31일 16시,수요일,전라북도 전주시 덕진구 금암동,경상사고,0,0,2,0,차대차 - 추돌,안전운전불이행,건조,맑음,교차로 - 교차로부근,승용,남,27세,상해없음,승용,남,54세,경상
2019073100100404,2019년 7월 31일 16시,수요일,전라북도 군산시 월명동,경상사고,0,0,2,0,차대사람 - 기타,보행자보호의무위반,건조,맑음,교차로 - 교차로횡단보도내,승용,남,31세,상해없음,보행자,남,44세,경상
2019073100100405,2019년 7월 31일 16시,수요일,전라북도 익산시 황등면,경상사고,0,0,1,0,차대차 - 측면충돌,과속,건조,맑음,기타 - 기타,승용,남,25세,상해없음,승용,남,47세,경상
2019073100100449,2019년 7월 31일 17시,수요일,전라북도 익산시 영등동,중상사고,0,1,1,0,차대차 - 추돌,안전운전불이행,건조,맑음,단일로 - 기타,승용,남,49세,상해없음,승용,여,32세,경상
2019073100100450,2019년 7월 31일 17시,수요일,전라북도 임실군 신덕면,경상사고,0,0,1,0,차대차 - 측면충돌,교차로운행방법위반,건조,맑음,교차로 - 교차로안,승용,남,56세,상해없음,이륜,남,57세,경상
2019073100100491,2019년 7월 31일 18시,수요일,전라북도 익산시 인화동1가,중상사고,0,1,0,0,차대차 - 측면충돌,신호위반,건조,맑음,교차로 - 교차로안,승용,남,31세,상해없음,승용,여,27세,중상
2019073100100539,2019년 7월 31일 19시,수요일,전라북도 전주시 완산구 원당동,경상사고,0,0,2,0,차대차 - 측면충돌,교차로운행방법위반,건조,맑음,교차로 - 교차로안,승용,남,27세,상해없음,승용,남,76세,경상
2019073100100571,2019년 7월 31일 20시,수요일,전라북도 전주시 완산구 동서학동,중상사고,0,1,0,0,차대차 - 측면충돌,불법유턴,건조,맑음,기타 - 기타,자전거,남,83세,중상,이륜,남,59세,상해없음
2019073100100612,2019년 7월 31일 21시,수요일,전라북도 고창군 고창읍,경상사고,0,0,1,0,차대차 - 기타,차로위반,건조,맑음,기타 - 기타,이륜,남,50세,상해없음,승용,남,28세,경상
2019073100100679,2019년 7월 31일 23시,수요일,전라북도 전주시 완산구 다가동4가,중상사고,0,1,0,0,차대사람 - 횡단중,안전운전불이행,건조,맑음,기타 - 기타,승용,남,38세,상해없음,보행자,남,53세,중상
2019073100100680,2019년 7월 31일 23시,수요일,전라북도 순창군 유등면,경상사고,0,0,1,0,차량단독 - 공작물충돌,안전운전불이행,건조,맑음,교차로 - 교차로안,승용,여,52세,경상,,,,
2019080100100031,2019년 8월 1일 00시,목요일,전라북도 군산시 수송동,경상사고,0,0,2,0,차대차 - 추돌,안전운전불이행,건조,맑음,단일로 - 기타,승용,남,50세,상해없음,승용,여,35세,상해없음
2019080100100140,2019년 8월 1일 08시,목요일,전라북도 전주시 완산구 태평동,경상사고,0,0,2,0,차대차 - 측면충돌,신호위반,건조,맑음,교차로 - 교차로안,승용,여,27세,상해없음,승용,남,67세,경상
2019080100100141,2019년 8월 1일 08시,목요일,전라북도 익산시 동산동,경상사고,0,0,3,0,차대차 - 추돌,안전운전불이행,건조,맑음,교차로 - 교차로부근,화물,남,65세,상해없음,승용,여,34세,경상
2019080100100142,2019년 8월 1일 08시,목요일,전라북도 김제시 금구면,중상사고,0,2,0,0,차대차 - 추돌,안전운전불이행,건조,맑음,기타 - 기타,화물,남,63세,상해없음,승용,여,24세,중상
2019080100100170,2019년 8월 1일 09시,목요일,전라북도 전주시 완산구 고사동,중상사고,0,1,1,0,차대차 - 측면충돌,직진우회전진행방해,건조,맑음,교차로 - 교차로안,승용,남,20세,경상,이륜,남,39세,중상
2019080100100171,2019년 8월 1일 09시,목요일,전라북도 전주시 덕진구 송천동2가,경상사고,0,0,1,0,차대사람 - 차도통행중,안전운전불이행,건조,맑음,단일로 - 기타,승용,여,53세,상해없음,보행자,남,48세,경상
2019080100100172,2019년 8월 1일 09시,목요일,전라북도 남원시 아영면,경상사고,0,0,2,0,차대차 - 측면충돌,불법유턴,건조,맑음,교차로 - 교차로부근,승용,남,66세,상해없음,승용,남,31세,경상
2019080100100209,2019년 8월 1일 10시,목요일,전라북도 김제시 갈공동,중상사고,0,1,0,0,차량단독 - 공작물충돌,안전운전불이행,건조,맑음,기타 - 기타,승용,남,49세,상해없음,,,,
2019080100100282,2019년 8월 1일 12시,목요일,전라북도 익산시 갈산동,경상사고,0,0,1,0,차대차 - 측면충돌,안전운전불이행,건조,맑음,단일로 - 기타,화물,남,64세,상해없음,자전거,남,76세,경상
2019080100100283,2019년 8월 1일 12시,목요일,전라북도 남원시 죽항동,경상사고,0,0,1,0,차대차 - 추돌,안전운전불이행,건조,맑음,교차로 - 교차로부근,승합,남,46세,상해없음,승용,남,24세,상해없음
2019080100100284,2019년 8월 1일 12시,목요일,전라북도 군산시 대야면,경상사고,0,0,5,0,차대차 - 측면충돌,안전운전불이행,건조,맑음,단일로 - 기타,화물,남,63세,상해없음,승용,남,53세,경상
2019080100100327,2019년 8월 1일 13시,목요일,전라북도 김제시 금산면,사망사고,1,1,0,0,차대차 - 추돌,안전운전불이행,건조,맑음,기타 - 기타,화물,남,28세,상해없음,이륜,남,83세,사망
2019080100100359,2019년 8월 1일 14시,목요일,전라북도 익산시 어양동,경상사고,0,0,2,0,차대차 - 정면충돌,신호위반,건조,맑음,교차로 - 교차로안,승용,남,47세,상해없음,승용,남,70세,경상
2019080100100360,2019년 8월 1일 14시,목요일,전라북도 임실군 신평면,중상사고,0,1,3,0,차대차 - 측면충돌,신호위반,건조,맑음,교차로 - 교차로안,승용,남,81세,경상,승용,남,53세,중상
2019080100100392,2019년 8월 1일 15시,목요일,전라북도 익산시 신용동,경상사고,0,0,3,0,차대차 - 측면충돌,안전운전불이행,건조,맑음,단일로 - 기타,승용,여,50세,상해없음,승용,여,45세,경상
2019080100100442,2019년 8월 1일 16시,목요일,전라북도 전주시 덕진구 우아동2가,경상사고,0,0,5,0,차대차 - 측면충돌,안전운전불이행,건조,맑음,교차로 - 교차로안,승용,남,30세,상해없음,승용,남,48세,경상
2019080100100443,2019년 8월 1일 16시,목요일,전라북도 익산시 모현동1가,경상사고,0,0,1,0,차대차 - 측면충돌,신호위반,건조,맑음,교차로 - 교차로안,승용,남,35세,상해없음,승용,남,71세,상해없음
2019080100100524,2019년 8월 1일 18시,목요일,전라북도 고창군 성내면,경상사고,0,0,1,0,차대차 - 측면충돌,교차로운행방법위반,건조,맑음,교차로 - 교차로안,농기계,남,61세,경상,화물,남,20세,상해없음
2019080100100600,2019년 8월 1일 20시,목요일,전라북도 군산시 나운동,중상사고,0,1,0,0,차대사람 - 기타,보행자보호의무위반,건조,맑음,교차로 - 교차로횡단보도내,승용,여,58세,상해없음,보행자,남,50세,중상
2019080100100601,2019년 8월 1일 20시,목요일,전라북도 완주군 봉동읍,중상사고,0,3,0,0,차대차 - 기타,안전거리미확보,건조,맑음,단일로 - 기타,승용,남,20세,상해없음,승용,남,33세,중상
2019080200100049,2019년 8월 2일 01시,금요일,전라북도 익산시 어양동,경상사고,0,0,2,0,차대차 - 측면충돌,신호위반,건조,맑음,교차로 - 교차로안,승용,남,18세,상해없음,승용,남,68세,경상
2019080200100079,2019년 8월 2일 05시,금요일,전라북도 전주시 완산구 효자동3가,경상사고,0,0,2,0,차대차 - 측면충돌,신호위반,건조,맑음,교차로 - 교차로안,화물,남,56세,상해없음,승용,남,54세,경상
2019080200100080,2019년 8월 2일 05시,금요일,전라북도 군산시 나운동,경상사고,0,0,1,0,차대차 - 기타,신호위반,건조,맑음,단일로 - 기타,승용,남,28세,상해없음,자전거,남,54세,경상
2019080200100100,2019년 8월 2일 07시,금요일,전라북도 전주시 완산구 평화동2가,경상사고,0,0,1,0,차대사람 - 보도통행중,보행자보호의무위반,건조,맑음,교차로 - 교차로횡단보도내,화물,남,54세,상해없음,보행자,여,28세,경상
2019080200100120,2019년 8월 2일 08시,금요일,전라북도 군산시 옥산면,경상사고,0,0,2,0,차대차 - 추돌,안전거리미확보,건조,맑음,단일로 - 지하차도(도로)내,승용,남,52세,기타불명,승용,여,51세,경상
2019080200100121,2019년 8월 2일 08시,금요일,전라북도 완주군 이서면,중상사고,0,1,0,0,차대사람 - 횡단중,안전운전불이행,건조,맑음,교차로 - 교차로부근,승용,남,31세,상해없음,보행자,남,39세,중상
2019080200100219,2019년 8월 2일 11시,금요일,전라북도 전주시 덕진구 팔복동3가,경상사고,0,0,1,0,차대차 - 측면충돌,신호위반,건조,맑음,교차로 - 교차로안,승용,여,56세,기타불명,승용,남,62세,경상
2019080200100220,2019년 8월 2일 11시,금요일,전라북도 정읍시 연지동,경상사고,0,0,1,0,차대차 - 측면충돌,안전운전불이행,건조,맑음,단일로 - 기타,자전거,남,56세,경상,화물,남,46세,상해없음
2019080200100221,2019년 8월 2일 11시,금요일,전라북도 진안군 정천면,경상사고,0,0,2,0,차대차 - 추돌,안전거리미확보,건조,맑음,단일로 - 교량,승용,남,57세,상해없음,승용,남,53세,경상
2019080200100292,2019년 8월 2일 13시,금요일,전라북도 고창군 고창읍,중상사고,0,1,1,0,차대차 - 측면충돌,중앙선침범,건조,맑음,교차로 - 교차로부근,승용,남,38세,상해없음,승용,남,57세,경상
2019080200100344,2019년 8월 2일 14시,금요일,전라북도 군산시 옥산면,경상사고,0,0,2,0,차대차 - 측면충돌,안전거리미확보,건조,맑음,단일로 - 지하차도(도로)내,화물,남,40세,상해없음,승용,여,47세,경상