사고번호,사고일시,요일,시군구,사고내용,사망자수,중상자수,경상자수,부상신고자수,사고유형,법규위반,노면상태,기상상태,도로형태,가해운전자 차종,가해운전자 성별,가해운전자 연령,가해운전자 상해정도,피해운전자 차종,피해운전자 성별,피해운전자 연령,피해운전자 상해정도
2019080700100619,2019년 8월 7일 21시,수요일,전라북도 전주시 완산구 중노송동,경상사고,0,0,1,0,차대차 - 측면충돌,안전거리미확보,건조,맑음,단일로 - 기타,승용,남,62세,상해없음,승용,남,54세,경상
2019080700100643,2019년 8월 7일 22시,수요일,전라북도 남원시 조산동,중상사고,0,1,0,0,차대사람 - 횡단중,보행자보호의무위반,건조,맑음,교차로 - 교차로횡단보도내,승용,남,38세,상해없음,보행자,여,44세,중상
2019080800100022,2019년 8월 8일 00시,목요일,전라북도 전주시 완산구 중화산동2가,중상사고,0,3,0,0,차대차 - 측면충돌,중앙선침범,건조,맑음,교차로 - 교차로부근,승용,남,22세,상해없음,승용,남,38세,중상
2019080800100115,2019년 8월 8일 08시,목요일,전라북도 전주시 덕진구 송천동2가,경상사고,0,0,1,0,차대차 - 측면충돌,안전운전불이행,건조,맑음,교차로 - 교차로안,승용,여,48세,상해없음,승용,남,34세,경상
2019080800100204,2019년 8월 8일 10시,목요일,전라북도 전주시 덕진구 금암동,경상사고,0,0,1,0,차대차 - 측면충돌,교차로운행방법위반,젖음/습기,비,교차로 - 교차로안,승합,남,39세,상해없음,승용,남,59세,경상
2019080800100205,2019년 8월 8일 10시,목요일,전라북도 군산시 소룡동,경상사고,0,0,4,0,차대차 - 추돌,안전운전불이행,건조,맑음,교차로 - 교차로부근,화물,남,59세,상해없음,승용,여,49세,경상
2019080800100206,2019년 8월 8일 10시,목요일,전라북도 군산시 나운동,경상사고,0,0,1,0,차대차 - 기타,기타,건조,맑음,단일로 - 기타,승용,남,54세,상해없음,이륜,남,54세,경상
2019080800100207,2019년 8월 8일 10시,목요일,전라북도 정읍시 농소동,경상사고,0,0,3,0,차대차 - 기타,차로위반,건조,맑음,기타 - 기타,건설기계,남,46세,상해없음,승용,여,59세,경상
2019080800100243,2019년 8월 8일 11시,목요일,전라북도 익산시 신동,중상사고,0,1,0,0,차대사람 - 횡단중,안전운전불이행,건조,맑음,단일로 - 기타,승용,남,56세,상해없음,보행자,여,39세,중상
2019080800100244,2019년 8월 8일 11시,목요일,전라북도 순창군 금과면,부상신고사고,0,0,0,1,차대차 - 기타,직진우회전진행방해,건조,맑음,교차로 - 교차로안,농기계,남,78세,부상신고,화물,남,42세,상해없음
2019080800100310,2019년 8월 8일 13시,목요일,전라북도 전주시 덕진구 송천동2가,중상사고,0,1,2,0,차대차 - 측면충돌,중앙선침범,젖음/습기,비,교차로 - 교차로부근,승용,여,33세,상해없음,승용,남,22세,경상
2019080800100465,2019년 8월 8일 17시,목요일,전라북도 정읍시 상동,중상사고,0,1,0,0,차대사람 - 횡단중,안전운전불이행,건조,맑음,단일로 - 기타,승용,남,66세,상해없음,보행자,남,16세,중상
2019080800100505,2019년 8월 8일 18시,목요일,전라북도 전주시 덕진구 우아동1가,사망사고,1,0,0,0,차대차 - 측면충돌,안전운전불이행,건조,맑음,교차로 - 교차로안,승용,남,49세,상해없음,특수,남,43세,사망
2019080800100541,2019년 8월 8일 19시,목요일,전라북도 임실군 관촌면,경상사고,0,0,4,0,차대차 - 추돌,안전운전불이행,건조,맑음,단일로 - 지하차도(도로)내,승용,여,62세,상해없음,승용,여,50세,경상
2019080800100597,2019년 8월 8일 21시,목요일,전라북도 익산시 남중동,경상사고,0,0,1,0,차대차 - 측면충돌,안전운전불이행,건조,맑음,단일로 - 기타,승용,남,47세,상해없음,승용,남,38세,경상
2019080800100618,2019년 8월 8일 22시,목요일,전라북도 전주시 완산구 중화산동1가,사망사고,1,0,0,0,차대차 - 측면충돌,신호위반,건조,맑음,교차로 - 교차로안,이륜,남,36세,사망,승용,남,34세,상해없음
2019080800100619,2019년 8월 8일 22시,목요일,전라북도 익산시 신동,경상사고,0,0,1,0,차대사람 - 차도통행중,안전운전불이행,건조,흐림,단일로 - 기타,승용,남,35세,상해없음,보행자,남,56세,경상
2019080800100644,2019년 8월 8일 23시,목요일,전라북도 익산시 어양동,경상사고,0,0,4,0,차대차 - 정면충돌,중앙선침범,젖음/습기,비,교차로 - 교차로부근,승용,남,46세,상해없음,승용,남,56세,경상
2019080900100038,2019년 8월 9일 00시,금요일,전라북도 전주시 덕진구 동산동,경상사고,0,0,1,0,차대차 - 추돌,안전운전불이행,건조,맑음,단일로 - 기타,승용,남,26세,상해없음,승용,남,54세,경상
2019080900100064,2019년 8월 9일 02시,금요일,전라북도 전주시 덕진구 인후동1가,경상사고,0,0,1,0,차대차 - 측면충돌,신호위반,건조,맑음,교차로 - 교차로안,승용,남,21세,상해없음,승용,남,50세,상해없음
2019080900100084,2019년 8월 9일 04시,금요일,전라북도 전주시 덕진구 진북동,중상사고,0,1,0,0,차량단독 - 공작물충돌,안전운전불이행,건조,맑음,단일로 - 기타,이륜,남,19세,중상,,,,
2019080900100091,2019년 8월 9일 05시,금요일,전라북도 전주시 완산구 삼천동3가,사망사고,2,1,0,0,차대차 - 측면충돌,안전운전불이행,건조,맑음,교차로 - 교차로부근,화물,남,65세,상해없음,승용,남,57세,상해없음
2019080900100125,2019년 8월 9일 07시,금요일,전라북도 군산시 개정면,경상사고,0,0,1,2,차대차 - 측면충돌,안전운전불이행,건조,맑음,교차로 - 교차로부근,특수,남,45세,부상신고,승용,남,36세,경상
2019080900100126,2019년 8월 9일 07시,금요일,전라북도 익산시 동산동,중상사고,0,1,0,0,차대사람 - 차도통행중,안전운전불이행,건조,맑음,교차로 - 교차로안,승용,남,73세,상해없음,보행자,여,69세,중상
2019080900100127,2019년 8월 9일 07시,금요일,전라북도 정읍시 농소동,경상사고,0,0,1,0,차대사람 - 횡단중,안전운전불이행,건조,맑음,단일로 - 기타,자전거,남,64세,상해없음,보행자,여,74세,경상
2019080900100128,2019년 8월 9일 07시,금요일,전라북도 완주군 봉동읍,중상사고,0,2,0,0,차대차 - 측면충돌,신호위반,건조,맑음,교차로 - 교차로안,승용,여,68세,상해없음,승용,남,29세,중상
2019080900100151,2019년 8월 9일 08시,금요일,전라북도 군산시 옥구읍,경상사고,0,0,1,0,차대차 - 정면충돌,안전운전불이행,건조,맑음,단일로 - 기타,화물,남,46세,상해없음,이륜,남,72세,경상
2019080900100152,2019년 8월 9일 08시,금요일,전라북도 익산시 어양동,중상사고,0,1,0,0,차대차 - 측면충돌,안전운전불이행,건조,맑음,단일로 - 기타,승용,여,50세,상해없음,자전거,남,50세,중상
2019080900100184,2019년 8월 9일 09시,금요일,전라북도 전주시 덕진구 인후동1가,경상사고,0,0,1,0,차대차 - 추돌,안전운전불이행,건조,맑음,교차로 - 교차로부근,승용,남,76세,상해없음,자전거,여,56세,경상
2019080900100185,2019년 8월 9일 09시,금요일,전라북도 전주시 덕진구 중동,경상사고,0,0,1,0,차량단독 - 기타,안전운전불이행,건조,맑음,교차로 - 교차로안,승합,남,54세,상해없음,,,,
2019080900100186,2019년 8월 9일 09시,금요일,전라북도 익산시 금마면,경상사고,0,0,2,1,차대차 - 측면충돌,신호위반,건조,맑음,교차로 - 교차로안,승용,남,21세,상해없음,승용,여,40세,경상
2019080900100187,2019년 8월 9일 09시,금요일,전라북도 김제시 공덕면,경상사고,0,0,3,0,차대차 - 추돌,안전운전불이행,건조,맑음,교차로 - 교차로안,화물,남,38세,상해없음,승용,여,65세,경상
2019080900100188,2019년 8월 9일 09시,금요일,전라북도 김제시 요촌동,경상사고,0,0,1,0,차대차 - 측면충돌,안전운전불이행,건조,맑음,기타 - 기타,승용,여,72세,상해없음,이륜,남,71세,경상
2019080900100220,2019년 8월 9일 10시,금요일,전라북도 김제시 백구면,경상사고,0,0,4,0,차대차 - 추돌,안전운전불이행,건조,맑음,기타 - 기타,승용,남,32세,경상,승용,남,68세,경상
2019080900100308,2019년 8월 9일 12시,금요일,전라북도 군산시 대명동,중상사고,0,1,0,0,차대차 - 측면충돌,안전운전불이행,건조,맑음,단일로 - 기타,승용,남,57세,상해없음,이륜,남,42세,중상
2019080900100309,2019년 8월 9일 12시,금요일,전라북도 진안군 부귀면,중상사고,0,5,0,0,차대차 - 정면충돌,안전운전불이행,건조,맑음,교차로 - 교차로안,승용,여,33세,중상,승용,남,29세,중상
2019080900100354,2019년 8월 9일 13시,금요일,전라북도 임실군 임실읍,경상사고,0,0,2,0,차대차 - 추돌,안전운전불이행,건조,맑음,단일로 - 기타,승용,남,69세,경상,승용,남,51세,경상
2019080900100381,2019년 8월 9일 14시,금요일,전라북도 전주시 덕진구 우아동3가,경상사고,0,0,1,0,차대차 - 측면충돌,불법유턴,건조,맑음,교차로 - 교차로부근,승용,남,88세,상해없음,이륜,남,22세,경상
2019080900100382,2019년 8월 9일 14시,금요일,전라북도 전주시 덕진구 만성동,경상사고,0,0,3,0,차대차 - 측면충돌,안전운전불이행,건조,맑음,교차로 - 교차로안,승용,남,46세,상해없음,승용,여,44세,경상
2019080900100418,2019년 8월 9일 15시,금요일,전라북도 전주시 완산구 평화동1가,경상사고,0,0,1,0,차대차 - 측면충돌,안전운전불이행,건조,맑음,교차로 - 교차로부근,승용,남,70세,상해없음,승용,여,56세,경상
2019080900100449,2019년 8월 9일 16시,금요일,전라북도 전주시 완산구 풍남동1가,경상사고,0,0,1,0,차대차 - 추돌,안전운전불이행,건조,맑음,교차로 - 교차로부근,승용,남,59세,상해없음,승용,남,40세,경상
2019080900100450,2019년 8월 9일 16시,금요일,전라북도 전주시 덕진구 동산동,중상사고,0,2,0,0,차대차 - 측면충돌,신호위반,건조,맑음,교차로 - 교차로안,승용,남,68세,상해없음,승용,여,46세,중상
2019080900100504,2019년 8월 9일 17시,금요일,전라북도 익산시 창인동1가,경상사고,0,0,1,0,차대차 - 측면충돌,안전운전불이행,건조,맑음,단일로 - 기타,승용,남,64세,상해없음,이륜,남,34세,경상
2019080900100563,2019년 8월 9일 18시,금요일,전라북도 전주시 완산구 삼천동1가,경상사고,0,0,2,0,차대차 - 측면충돌,교차로운행방법위반,건조,맑음,교차로 - 교차로안,승용,남,67세,상해없음,승용,남,31세,경상
2019080900100564,2019년 8월 9일 18시,금요일,전라북도 전주시 완산구 평화동3가,사망사고,1,0,0,0,차대차 - 측면충돌,교차로운행방법위반,건조,맑음,교차로 - 교차로안,이륜,남,73세,사망,화물,남,51세,상해없음
2019080900100565,2019년 8월 9일 18시,금요일,전라북도 전주시 덕진구 송천동2가,경상사고,0,0,1,0,차대차 - 추돌,안전거리미확보,건조,맑음,교차로 - 교차로부근,승용,여,32세,상해없음,승용,남,25세,경상
2019080900100566,2019년 8월 9일 18시,금요일,전라북도 전주시 덕진구 진북동,경상사고,0,0,1,0,차대차 - 측면충돌,불법유턴,건조,맑음,단일로 - 기타,승용,남,65세,상해없음,승용,남,53세,상해없음
2019080900100567,2019년 8월 9일 18시,금요일,전라북도 임실군 삼계면,경상사고,0,0,1,0,차대차 - 측면충돌,안전운전불이행,건조,맑음,단일로 - 기타,승용,남,35세,상해없음,승용,여,52세,경상
2019080900100568,2019년 8월 9일 18시,금요일,전라북도 완주군 삼례읍,경상사고,0,0,2,0,차대차 - 기타,안전운전불이행,건조,맑음,교차로 - 교차로안,승합,남,74세,상해없음,승합,여,47세,경상
2019080900100572,2019년 8월 9일 18시,금요일,전라북도 김제시 금구면,경상사고,0,0,1,0,차대차 - 기타,차로위반,건조,맑음,기타 - 기타,화물,남,43세,상해없음,화물,남,59세,경상
2019080900100650,2019년 8월 9일 20시,금요일,전라북도 완주군 삼례읍,경상사고,0,0,4,0,차대차 - 측면충돌,신호위반,건조,맑음,교차로 - 교차로안,승용,여,52세,경상,승용,여,44세,경상
2019080900100687,2019년 8월 9일 21시,금요일,전라북도 익산시 왕궁면,중상사고,0,1,0,0,차량단독 - 전도전복 - 전도,안전운전불이행,건조,맑음,단일로 - 기타,원동기,남,85세,상해없음,,,,
2019080900100688,2019년 8월 9일 21시,금요일,전라북도 익산시 왕궁면,중상사고,0,1,0,0,차대차 - 기타,안전운전불이행,건조,맑음,단일로 - 기타,특수,남,46세,상해없음,화물,남,48세,중상
2019080900100714,2019년 8월 9일 22시,금요일,전라북도 전주시 덕진구 용정동,중상사고,0,1,0,0,차대차 - 기타,안전거리미확보,건조,맑음,기타 - 기타,승용,여,41세,상해없음,승용,남,40세,상해없음
2019081000100077,2019년 8월 10일 02시,토요일,전라북도 전주시 완산구 효자동3가,경상사고,0,0,1,0,차대차 - 측면충돌,신호위반,건조,맑음,교차로 - 교차로안,승용,남,35세,상해없음,승용,남,63세,경상
2019081000100129,2019년 8월 10일 06시,토요일,전라북도 김제시 신풍동,경상사고,0,0,1,0,차대사람 - 횡단중,안전운전불이행,건조,맑음,교차로 - 교차로안,승용,남,53세,상해없음,보행자,여,63세,경상
2019081000100159,2019년 8월 10일 08시,토요일,전라북도 익산시 인화동1가,경상사고,0,0,1,0,차대차 - 측면충돌,안전운전불이행,건조,맑음,교차로 - 교차로안,승용,남,21세,상해없음,승용,여,35세,경상
2019081000100160,2019년 8월 10일 08시,토요일,전라북도 익산시 여산면,중상사고,0,1,0,0,차대차 - 추돌,안전거리미확보,건조,맑음,교차로 - 교차로부근,화물,남,21세,상해없음,승용,여,47세,중상
2019081000100161,2019년 8월 10일 08시,토요일,전라북도 임실군 임실읍,부상신고사고,0,0,0,1,차대차 - 측면충돌,안전운전불이행,건조,맑음,단일로 - 기타,건설기계,남,56세,상해없음,승용,남,46세,부상신고
2019081000100162,2019년 8월 10일 08시,토요일,전라북도 완주군 운주면,중상사고,0,1,1,0,차대차 - 기타,안전운전불이행,건조,맑음,단일로 - 기타,화물,남,58세,상해없음,자전거,남,52세,중상
2019081000100195,2019년 8월 10일 09시,토요일,전라북도 전주시 완산구 중화산동2가,경상사고,0,0,1,0,차대차 - 측면충돌,안전운전불이행,건조,맑음,단일로 - 기타,승용,남,56세,상해없음,승용,남,38세,경상
2019081000100196,2019년 8월 10일 09시,토요일,전라북도 군산시 서수면,중상사고,0,3,3,0,차대차 - 추돌,안전운전불이행,건조,맑음,단일로 - 지하차도(도로)내,승용,남,42세,중상,화물,남,59세,경상
2019081000100197,2019년 8월 10일 09시,토요일,전라북도 익산시 부송동,경상사고,0,0,1,0,차대차 - 측면충돌,안전거리미확보,건조,맑음,교차로 - 교차로안,이륜,남,62세,경상,화물,남,50세,상해없음
2019081000100198,2019년 8월 10일 09시,토요일,전라북도 남원시 신정동,중상사고,0,1,0,0,차대차 - 측면충돌,안전운전불이행,건조,맑음,단일로 - 기타,화물,남,59세,상해없음,자전거,남,88세,중상
2019081000100199,2019년 8월 10일 09시,토요일,전라북도 장수군 장계면,중상사고,0,1,3,0,차대차 - 추돌,중앙선침범,건조,맑음,단일로 - 기타,승용,여,47세,경상,승용,남,60세,경상
2019081000100245,2019년 8월 10일 10시,토요일,전라북도 전주시 덕진구 강흥동,경상사고,0,0,1,0,차대차 - 추돌,안전운전불이행,건조,맑음,단일로 - 기타,화물,남,54세,기타불명,화물,남,39세,경상
2019081000100246,2019년 8월 10일 10시,토요일,전라북도 임실군 운암면,경상사고,0,0,2,0,차대차 - 정면충돌,중앙선침범,건조,맑음,단일로 - 기타,승용,남,35세,상해없음,화물,남,67세,경상
2019081000100288,2019년 8월 10일 11시,토요일,전라북도 전주시 덕진구 덕진동2가,경상사고,0,0,3,0,차대차 - 측면충돌,신호위반,건조,맑음,교차로 - 교차로안,승용,남,41세,기타불명,화물,남,59세,경상
2019081000100289,2019년 8월 10일 11시,토요일,전라북도 군산시 나운동,경상사고,0,0,3,0,차대차 - 기타,안전거리미확보,건조,맑음,교차로 - 교차로부근,승용,남,41세,기타불명,승용,여,43세,경상
2019081000100414,2019년 8월 10일 14시,토요일,전라북도 남원시 산내면,경상사고,0,0,4,0,차대차 - 추돌,안전운전불이행,건조,맑음,단일로 - 기타,승용,남,71세,상해없음,승용,여,50세,경상
2019081000100441,2019년 8월 10일 15시,토요일,전라북도 전주시 덕진구 호성동2가,경상사고,0,0,5,0,차대차 - 추돌,안전운전불이행,건조,맑음,교차로 - 교차로부근,승용,여,50세,기타불명,승용,남,62세,경상
2019081000100506,2019년 8월 10일 17시,토요일,전라북도 순창군 순창읍,중상사고,0,1,0,0,차대차 - 기타,중앙선침범,건조,맑음,단일로 - 기타,승용,남,61세,상해없음,이륜,남,34세,중상
2019081000100566,2019년 8월 10일 19시,토요일,전라북도 전주시 완산구 중노송동,중상사고,0,1,0,0,차대사람 - 횡단중,신호위반,건조,맑음,단일로 - 기타,이륜,남,54세,상해없음,보행자,여,45세,중상
2019081000100599,2019년 8월 10일 20시,토요일,전라북도 군산시 수송동,경상사고,0,0,2,0,차대차 - 추돌,안전운전불이행,건조,맑음,단일로 - 기타,승용,남,18세,상해없음,승용,여,55세,경상
2019081000100636,2019년 8월 10일 21시,토요일,전라북도 전주시 덕진구 송천동1가,부상신고사고,0,0,0,1,차대사람 - 횡단중,보행자보호의무위반,건조,맑음,교차로 - 교차로횡단보도내,승용,여,45세,상해없음,보행자,남,2세,부상신고
2019081000100637,2019년 8월 10일 21시,토요일,전라북도 순창군 구림면,중상사고,0,1,0,1,차대차 - 추돌,안전운전불이행,건조,맑음,단일로 - 기타,승용,여,64세,부상신고,화물,남,68세,기타불명
2019081100100080,2019년 8월 11일 05시,일요일,전라북도 익산시 어양동,경상사고,0,0,2,0,차대차 - 측면충돌,신호위반,건조,맑음,교차로 - 교차로안,승용,여,35세,상해없음,승용,남,63세,경상
2019081100100092,2019년 8월 11일 07시,일요일,전라북도 군산시 중앙로3가,경상사고,0,0,1,0,차대사람 - 기타,안전운전불이행,건조,맑음,기타 - 기타,화물,남,44세,상해없음,보행자,여,63세,경상
2019081100100166,2019년 8월 11일 11시,일요일,전라북도 익산시 용동면,중상사고,0,2,1,0,차대차 - 정면충돌,안전운전불이행,건조,맑음,교차로 - 교차로안,승용,여,55세,상해없음,화물,남,60세,중상
2019081100100256,2019년 8월 11일 14시,일요일,전라북도 전주시 덕진구 인후동1가,경상사고,0,0,1,0,차대사람 - 기타,안전운전불이행,건조,맑음,교차로 - 교차로부근,승용,남,25세,상해없음,보행자,여,88세,경상
2019081100100257,2019년 8월 11일 14시,일요일,전라북도 남원시 산내면,경상사고,0,0,1,0,차대차 - 기타,안전운전불이행,건조,맑음,단일로 - 기타,사륜오토바이(ATV),여,62세,경상,승용,남,59세,상해없음
2019081100100371,2019년 8월 11일 18시,일요일,전라북도 정읍시 상동,중상사고,0,2,5,0,차대차 - 정면충돌,안전운전불이행,건조,맑음,교차로 - 교차로안,승용,남,32세,경상,승용,남,46세,중상
2019081100100426,2019년 8월 11일 20시,일요일,전라북도 전주시 덕진구 인후동1가,경상사고,0,0,1,0,차대사람 - 차도통행중,안전운전불이행,젖음/습기,비,교차로 - 교차로안,승용,여,53세,상해없음,보행자,남,49세,경상
2019081100100466,2019년 8월 11일 21시,일요일,전라북도 익산시 신동,경상사고,0,0,2,0,차대차 - 측면충돌,신호위반,젖음/습기,비,교차로 - 교차로안,승용,남,23세,상해없음,승용,여,51세,경상
2019081100100467,2019년 8월 11일 21시,일요일,전라북도 김제시 금구면,경상사고,0,0,2,0,차대차 - 추돌,안전거리미확보,젖음/습기,비,단일로 - 기타,화물,남,58세,상해없음,승용,여,53세,경상
2019081200100053,2019년 8월 12일 01시,월요일,전라북도 전주시 덕진구 금암동,중상사고,0,1,1,0,차대차 - 정면충돌,신호위반,건조,맑음,교차로 - 교차로안,승용,남,32세,기타불명,승용,여,61세,중상
2019081200100113,2019년 8월 12일 07시,월요일,전라북도 익산시 어양동,경상사고,0,0,1,0,차대차 - 측면충돌,신호위반,젖음/습기,비,교차로 - 교차로안,승용,남,56세,상해없음,승용,여,65세,경상
2019081200100114,2019년 8월 12일 07시,월요일,전라북도 정읍시 태인면,경상사고,0,0,2,0,차대차 - 정면충돌,신호위반,젖음/습기,비,교차로 - 교차로안,승용,남,63세,경상,승용,여,61세,경상
2019081200100154,2019년 8월 12일 08시,월요일,전라북도 익산시 신동,경상사고,0,0,1,0,차대차 - 측면충돌,교차로운행방법위반,건조,맑음,교차로 - 교차로안,승용,여,38세,상해없음,승용,남,65세,경상
2019081200100195,2019년 8월 12일 09시,월요일,전라북도 김제시 요촌동,중상사고,0,1,0,0,차대사람 - 차도통행중,안전운전불이행,젖음/습기,비,교차로 - 교차로안,승용,여,29세,상해없음,보행자,여,71세,중상
2019081200100196,2019년 8월 12일 09시,월요일,전라북도 순창군 순창읍,경상사고,0,0,2,0,차대차 - 측면충돌,안전운전불이행,건조,맑음,교차로 - 교차로안,화물,남,73세,상해없음,승용,남,83세,경상
2019081200100222,2019년 8월 12일 10시,월요일,전라북도 군산시 옥산면,경상사고,0,0,3,0,차대차 - 측면충돌,안전운전불이행,건조,흐림,단일로 - 기타,화물,남,52세,상해없음,승용,남,60세,경상
2019081200100223,2019년 8월 12일 10시,월요일,전라북도 임실군 임실읍,경상사고,0,0,4,0,차대차 - 추돌,안전거리미확보,건조,맑음,교차로 - 교차로부근,특수,남,44세,상해없음,승용,여,50세,경상
2019081200100268,2019년 8월 12일 11시,월요일,전라북도 군산시 조촌동,경상사고,0,0,2,0,차대차 - 추돌,안전거리미확보,건조,기타,교차로 - 교차로부근,승용,여,57세,상해없음,승용,남,26세,경상
2019081200100316,2019년 8월 12일 12시,월요일,전라북도 전주시 완산구 효자동2가,경상사고,0,0,1,0,차대차 - 기타,안전운전불이행,건조,맑음,교차로 - 교차로안,승용,남,31세,상해없음,승용,여,50세,경상
2019081200100317,2019년 8월 12일 12시,월요일,전라북도 군산시 수송동,경상사고,0,0,1,0,차대차 - 추돌,안전운전불이행,건조,맑음,단일로 - 지하차도(도로)내,승용,남,30세,상해없음,승용,남,42세,경상
2019081200100318,2019년 8월 12일 12시,월요일,전라북도 김제시 흥사동,경상사고,0,0,1,0,차대차 - 측면충돌,신호위반,건조,맑음,교차로 - 교차로안,화물,남,56세,상해없음,승용,남,48세,경상
2019081200100405,2019년 8월 12일 14시,월요일,전라북도 익산시 여산면,중상사고,0,1,0,0,차대사람 - 기타,안전운전불이행,건조,맑음,단일로 - 기타,승합,남,51세,상해없음,보행자,남,31세,중상
2019081200100446,2019년 8월 12일 15시,월요일,전라북도 전주시 완산구 평화동1가,중상사고,0,1,0,0,차대차 - 기타,신호위반,건조,맑음,교차로 - 교차로안,승용,여,34세,상해없음,자전거,남,70세,중상
2019081200100488,2019년 8월 12일 16시,월요일,전라북도 익산시 동산동,경상사고,0,0,1,0,차대사람 - 기타,안전운전불이행,건조,맑음,교차로 - 교차로안,승합,남,68세,상해없음,보행자,여,52세,경상
2019081200100489,2019년 8월 12일 16시,월요일,전라북도 익산시 인화동2가,경상사고,0,0,1,0,차대차 - 추돌,교차로운행방법위반,건조,맑음,교차로 - 교차로안,승용,여,46세,상해없음,이륜,남,76세,경상
2019081200100490,2019년 8월 12일 16시,월요일,전라북도 진안군 진안읍,중상사고,0,1,2,1,차대차 - 측면충돌,직진우회전진행방해,건조,맑음,교차로 - 교차로안,승용,여,46세,경상,승용,여,33세,경상
2019081200100533,2019년 8월 12일 17시,월요일,전라북도 전주시 덕진구 덕진동1가,경상사고,0,0,1,0,차대차 - 측면충돌,불법유턴,건조,맑음,단일로 - 기타,승용,남,58세,상해없음,이륜,남,27세,경상
2019081200100534,2019년 8월 12일 17시,월요일,전라북도 익산시 춘포면,경상사고,0,0,3,0,차대차 - 기타,안전운전불이행,건조,맑음,단일로 - 기타,승용,남,49세,상해없음,화물,남,44세,경상
2019081200100535,2019년 8월 12일 17시,월요일,전라북도 정읍시 수성동,중상사고,0,1,0,0,차대차 - 정면충돌,중앙선침범,건조,맑음,단일로 - 기타,승용,남,71세,상해없음,승용,여,60세,중상
2019081200100575,2019년 8월 12일 18시,월요일,전라북도 전주시 완산구 중노송동,경상사고,0,0,2,0,차대차 - 기타,신호위반,건조,맑음,교차로 - 교차로안,화물,남,38세,상해없음,승용,남,48세,경상
2019081200100576,2019년 8월 12일 18시,월요일,전라북도 전주시 덕진구 금암동,경상사고,0,0,4,0,차대차 - 추돌,안전거리미확보,건조,맑음,교차로 - 교차로부근,승용,남,49세,상해없음,승용,남,42세,경상
2019081200100577,2019년 8월 12일 18시,월요일,전라북도 군산시 경암동,경상사고,0,0,4,0,차대차 - 측면충돌,안전운전불이행,건조,맑음,교차로 - 교차로부근,승용,남,26세,상해없음,승용,남,43세,경상
2019081200100578,2019년 8월 12일 18시,월요일,전라북도 김제시 요촌동,경상사고,0,0,1,0,차대차 - 측면충돌,직진우회전진행방해,건조,맑음,교차로 - 교차로안,승용,남,63세,상해없음,이륜,남,52세,경상
2019081200100619,2019년 8월 12일 19시,월요일,전라북도 완주군 이서면,경상사고,0,0,2,0,차대차 - 측면충돌,안전운전불이행,건조,맑음,단일로 - 기타,승용,여,34세,상해없음,승용,여,40세,경상
2019081200100647,2019년 8월 12일 20시,월요일,전라북도 전주시 완산구 삼천동3가,경상사고,0,0,1,0,차대차 - 측면충돌,신호위반,건조,맑음,교차로 - 교차로안,승용,남,23세,상해없음,승용,여,31세,경상
2019081200100648,2019년 8월 12일 20시,월요일,전라북도 정읍시 산외면,사망사고,1,0,0,0,차대사람 - 차도통행중,안전운전불이행,건조,맑음,단일로 - 기타,화물,남,49세,상해없음,보행자,남,47세,사망
2019081300100098,2019년 8월 13일 07시,화요일,전라북도 전주시 완산구 동서학동,중상사고,0,1,0,0,차대차 - 정면충돌,신호위반,건조,맑음,교차로 - 교차로안,승용,여,66세,상해없음,승용,남,60세,중상
2019081300100099,2019년 8월 13일 07시,화요일,전라북도 군산시 회현면,경상사고,0,0,2,0,차대차 - 측면충돌,신호위반,건조,맑음,교차로 - 교차로안,화물,남,75세,경상,승용,남,71세,경상
2019081300100100,2019년 8월 13일 07시,화요일,전라북도 정읍시 상평동,사망사고,1,0,0,0,차대사람 - 기타,안전운전불이행,건조,맑음,단일로 - 기타,화물,남,64세,상해없음,보행자,여,87세,사망
2019081300100101,2019년 8월 13일 07시,화요일,전라북도 완주군 삼례읍,중상사고,0,1,3,0,차대차 - 측면충돌,신호위반,건조,맑음,교차로 - 교차로안,승용,남,50세,상해없음,화물,남,58세,중상
2019081300100102,2019년 8월 13일 07시,화요일,전라북도 완주군 소양면,중상사고,0,1,0,0,차대차 - 기타,신호위반,건조,맑음,교차로 - 교차로안,승용,여,57세,기타불명,이륜,남,54세,중상
2019081300100127,2019년 8월 13일 08시,화요일,전라북도 순창군 인계면,경상사고,0,0,1,0,차량단독 - 공작물충돌,안전운전불이행,건조,맑음,단일로 - 기타,승용,남,27세,경상,,,,
2019081300100159,2019년 8월 13일 09시,화요일,전라북도 전주시 완산구 효자동1가,경상사고,0,0,2,0,차대차 - 측면충돌,직진우회전진행방해,건조,맑음,교차로 - 교차로안,화물,남,70세,경상,승용,남,28세,경상
2019081300100160,2019년 8월 13일 09시,화요일,전라북도 군산시 내흥동,중상사고,0,1,0,0,차대차 - 측면충돌,차로위반,건조,맑음,교차로 - 교차로부근,화물,남,74세,상해없음,승용,여,38세,중상
2019081300100197,2019년 8월 13일 10시,화요일,전라북도 전주시 완산구 중노송동,경상사고,0,0,1,0,차대차 - 추돌,안전거리미확보,건조,맑음,교차로 - 교차로부근,승용,여,55세,상해없음,승용,남,48세,경상