사고번호,사고일시,요일,시군구,사고내용,사망자수,중상자수,경상자수,부상신고자수,사고유형,법규위반,노면상태,기상상태,도로형태,가해운전자 차종,가해운전자 성별,가해운전자 연령,가해운전자 상해정도,피해운전자 차종,피해운전자 성별,피해운전자 연령,피해운전자 상해정도
2019081300100198,2019년 8월 13일 10시,화요일,전라북도 군산시 대야면,중상사고,0,1,0,0,차대차 - 추돌,신호위반,건조,맑음,교차로 - 교차로부근,승용,남,66세,상해없음,화물,남,56세,중상
2019081300100199,2019년 8월 13일 10시,화요일,전라북도 김제시 서암동,중상사고,0,1,0,0,차대차 - 측면충돌,안전운전불이행,건조,맑음,단일로 - 기타,화물,남,43세,상해없음,화물,남,41세,중상
2019081300100239,2019년 8월 13일 11시,화요일,전라북도 전주시 완산구 서서학동,경상사고,0,0,2,0,차대차 - 측면충돌,불법유턴,건조,맑음,교차로 - 교차로안,승용,여,54세,상해없음,승용,여,30세,경상
2019081300100240,2019년 8월 13일 11시,화요일,전라북도 군산시 소룡동,경상사고,0,0,1,0,차대차 - 추돌,안전운전불이행,건조,맑음,교차로 - 교차로안,승용,남,45세,상해없음,승용,여,54세,경상
2019081300100282,2019년 8월 13일 12시,화요일,전라북도 전주시 완산구 서신동,경상사고,0,0,2,0,차대차 - 측면충돌,안전거리미확보,건조,맑음,단일로 - 기타,승용,남,20세,상해없음,화물,남,59세,경상
2019081300100325,2019년 8월 13일 13시,화요일,전라북도 전주시 덕진구 진북동,중상사고,0,1,0,0,차대사람 - 기타,안전운전불이행,건조,맑음,교차로 - 교차로안,화물,남,29세,상해없음,보행자,남,31세,중상
2019081300100352,2019년 8월 13일 14시,화요일,전라북도 전주시 덕진구 송천동2가,중상사고,0,1,0,0,차대차 - 측면충돌,신호위반,건조,맑음,교차로 - 교차로횡단보도내,승용,여,52세,상해없음,자전거,남,13세,중상
2019081300100353,2019년 8월 13일 14시,화요일,전라북도 순창군 적성면,사망사고,1,0,2,0,차대차 - 정면충돌,중앙선침범,건조,맑음,교차로 - 교차로부근,승용,여,28세,상해없음,이륜,남,57세,사망
2019081300100396,2019년 8월 13일 15시,화요일,전라북도 전주시 덕진구 덕진동1가,경상사고,0,0,1,0,차대차 - 기타,신호위반,건조,맑음,교차로 - 교차로안,승합,남,50세,상해없음,이륜,남,30세,경상
2019081300100436,2019년 8월 13일 16시,화요일,전라북도 전주시 완산구 중화산동2가,경상사고,0,0,1,0,차대차 - 추돌,안전운전불이행,건조,맑음,단일로 - 기타,승용,남,18세,상해없음,승용,남,31세,경상
2019081300100489,2019년 8월 13일 17시,화요일,전라북도 익산시 부송동,중상사고,0,1,0,0,차대사람 - 횡단중,안전운전불이행,건조,맑음,단일로 - 기타,승용,남,44세,상해없음,보행자,남,13세,중상
2019081300100527,2019년 8월 13일 18시,화요일,전라북도 전주시 완산구 평화동1가,경상사고,0,0,3,0,차대차 - 기타,안전운전불이행,건조,맑음,교차로 - 교차로안,화물,여,61세,경상,승용,남,34세,경상
2019081300100528,2019년 8월 13일 18시,화요일,전라북도 익산시 부송동,경상사고,0,0,1,0,차대차 - 측면충돌,안전거리미확보,건조,맑음,단일로 - 기타,승용,여,69세,상해없음,화물,남,42세,경상
2019081300100612,2019년 8월 13일 20시,화요일,전라북도 정읍시 구룡동,경상사고,0,0,1,0,차대사람 - 기타,안전운전불이행,건조,맑음,교차로 - 교차로부근,승용,남,62세,상해없음,보행자,남,51세,경상
2019081300100613,2019년 8월 13일 20시,화요일,전라북도 정읍시 농소동,경상사고,0,0,1,0,차대차 - 추돌,안전운전불이행,건조,맑음,단일로 - 기타,승용,남,54세,상해없음,농기계,남,64세,경상
2019081300100614,2019년 8월 13일 20시,화요일,전라북도 남원시 인월면,중상사고,0,1,0,0,차량단독 - 공작물충돌,안전운전불이행,건조,맑음,단일로 - 기타,이륜,남,63세,중상,,,,
2019081300100654,2019년 8월 13일 21시,화요일,전라북도 전주시 완산구 평화동1가,경상사고,0,0,2,0,차대차 - 추돌,안전운전불이행,건조,맑음,교차로 - 교차로부근,승용,남,40세,기타불명,승용,여,57세,경상
2019081300100655,2019년 8월 13일 21시,화요일,전라북도 익산시 삼기면,경상사고,0,0,2,0,차대차 - 추돌,안전운전불이행,건조,맑음,단일로 - 기타,승용,남,26세,상해없음,이륜,남,64세,경상
2019081300100656,2019년 8월 13일 21시,화요일,전라북도 익산시 동산동,경상사고,0,0,1,0,차대차 - 기타,교차로운행방법위반,건조,맑음,교차로 - 교차로안,승용,여,62세,상해없음,승용,남,25세,경상
2019081300100688,2019년 8월 13일 22시,화요일,전라북도 군산시 지곡동,경상사고,0,0,2,0,차대차 - 측면충돌,신호위반,건조,맑음,교차로 - 교차로안,승용,남,48세,상해없음,승용,여,48세,경상
2019081400100159,2019년 8월 14일 08시,수요일,전라북도 전주시 완산구 효자동3가,경상사고,0,0,1,0,차대사람 - 횡단중,안전운전불이행,건조,맑음,교차로 - 교차로부근,승용,남,62세,상해없음,보행자,여,34세,경상
2019081400100280,2019년 8월 14일 11시,수요일,전라북도 남원시 산내면,중상사고,0,1,0,0,차대차 - 정면충돌,안전운전불이행,건조,맑음,단일로 - 기타,화물,남,56세,상해없음,자전거,남,13세,중상
2019081400100330,2019년 8월 14일 12시,수요일,전라북도 익산시 황등면,경상사고,0,0,2,0,차대차 - 추돌,안전운전불이행,건조,맑음,단일로 - 기타,승용,여,68세,상해없음,승용,남,50세,경상
2019081400100364,2019년 8월 14일 13시,수요일,전라북도 부안군 부안읍,경상사고,0,0,1,0,차대사람 - 기타,안전운전불이행,건조,맑음,교차로 - 교차로부근,승용,남,74세,상해없음,보행자,남,48세,경상
2019081400100402,2019년 8월 14일 14시,수요일,전라북도 임실군 덕치면,경상사고,0,0,1,0,차대차 - 측면충돌,교차로운행방법위반,건조,맑음,교차로 - 교차로안,승용,여,21세,상해없음,화물,남,57세,상해없음
2019081400100444,2019년 8월 14일 15시,수요일,전라북도 익산시 용제동,경상사고,0,0,2,0,차대차 - 측면충돌,안전거리미확보,건조,맑음,단일로 - 기타,승용,남,60세,상해없음,승용,여,53세,경상
2019081400100445,2019년 8월 14일 15시,수요일,전라북도 익산시 금마면,중상사고,0,1,0,0,차대사람 - 횡단중,보행자보호의무위반,건조,맑음,교차로 - 교차로횡단보도내,특수,남,28세,상해없음,보행자,여,75세,중상
2019081400100588,2019년 8월 14일 18시,수요일,전라북도 김제시 신풍동,경상사고,0,0,1,0,차대사람 - 횡단중,보행자보호의무위반,건조,맑음,교차로 - 교차로횡단보도내,승용,남,52세,상해없음,보행자,남,79세,경상
2019081400100589,2019년 8월 14일 18시,수요일,전라북도 남원시 산동면,중상사고,0,2,1,0,차량단독 - 공작물충돌,안전운전불이행,건조,맑음,단일로 - 기타,화물,남,71세,상해없음,,,,
2019081400100590,2019년 8월 14일 18시,수요일,전라북도 진안군 정천면,중상사고,0,1,0,0,차량단독 - 도로외이탈 - 추락,안전운전불이행,건조,맑음,단일로 - 기타,승용,남,65세,상해없음,,,,
2019081400100658,2019년 8월 14일 19시,수요일,전라북도 장수군 장계면,사망사고,1,0,0,0,차대사람 - 길가장자리구역통행중,안전운전불이행,건조,맑음,단일로 - 기타,화물,남,51세,상해없음,보행자,남,76세,사망
2019081400100689,2019년 8월 14일 20시,수요일,전라북도 전주시 덕진구 인후동1가,중상사고,0,1,0,0,차대차 - 측면충돌,안전거리미확보,건조,맑음,단일로 - 기타,승용,남,71세,상해없음,원동기,남,50세,중상
2019081400100690,2019년 8월 14일 20시,수요일,전라북도 익산시 영등동,경상사고,0,0,2,0,차대차 - 측면충돌,직진우회전진행방해,건조,맑음,교차로 - 교차로안,승용,남,51세,상해없음,승용,남,19세,경상
2019081400100730,2019년 8월 14일 21시,수요일,전라북도 군산시 미장동,경상사고,0,0,1,0,차대사람 - 횡단중,안전운전불이행,건조,맑음,교차로 - 교차로횡단보도내,기타불명,기타불명,미분류,기타불명,보행자,여,22세,경상
2019081500100025,2019년 8월 15일 00시,목요일,전라북도 익산시 부송동,경상사고,0,0,2,0,차대차 - 측면충돌,안전운전불이행,건조,맑음,단일로 - 기타,승용,여,42세,상해없음,승용,남,63세,상해없음
2019081500100042,2019년 8월 15일 01시,목요일,전라북도 군산시 둔율동,경상사고,0,0,3,0,차대차 - 기타,안전거리미확보,건조,맑음,교차로 - 교차로부근,승용,남,79세,상해없음,승용,남,24세,경상
2019081500100080,2019년 8월 15일 05시,목요일,전라북도 정읍시 태인면,경상사고,0,0,1,0,차대차 - 추돌,안전운전불이행,젖음/습기,비,기타 - 기타,승용,남,27세,상해없음,승용,남,61세,경상
2019081500100090,2019년 8월 15일 06시,목요일,전라북도 군산시 금암동,경상사고,0,0,1,0,차대차 - 측면충돌,차로위반,건조,맑음,단일로 - 기타,승용,남,51세,상해없음,승용,남,59세,경상
2019081500100091,2019년 8월 15일 06시,목요일,전라북도 익산시 모현동1가,경상사고,0,0,1,0,차대차 - 측면충돌,차로위반,건조,맑음,교차로 - 교차로안,승용,여,50세,상해없음,승용,남,68세,경상
2019081500100155,2019년 8월 15일 10시,목요일,전라북도 김제시 요촌동,중상사고,0,1,1,0,차대차 - 측면충돌,직진우회전진행방해,건조,맑음,교차로 - 교차로안,승용,남,19세,상해없음,화물,남,55세,경상
2019081500100177,2019년 8월 15일 11시,목요일,전라북도 익산시 여산면,사망사고,1,0,0,0,차량단독 - 공작물충돌,안전운전불이행,젖음/습기,비,단일로 - 기타,승용,남,51세,사망,,,,
2019081500100206,2019년 8월 15일 12시,목요일,전라북도 익산시 황등면,중상사고,0,1,6,0,차대차 - 측면충돌,신호위반,젖음/습기,비,교차로 - 교차로안,화물,남,39세,상해없음,승합,남,48세,경상
2019081500100242,2019년 8월 15일 13시,목요일,전라북도 군산시 대명동,중상사고,0,1,0,0,차대사람 - 횡단중,보행자보호의무위반,젖음/습기,비,단일로 - 기타,승용,남,64세,상해없음,보행자,여,76세,중상
2019081500100243,2019년 8월 15일 13시,목요일,전라북도 부안군 동진면,중상사고,0,1,0,0,차대차 - 추돌,신호위반,건조,맑음,교차로 - 교차로안,화물,남,56세,상해없음,화물,남,51세,중상
2019081500100376,2019년 8월 15일 17시,목요일,전라북도 정읍시 하북동,경상사고,0,0,2,0,차대차 - 추돌,안전거리미확보,건조,맑음,단일로 - 기타,이륜,남,31세,상해없음,화물,남,50세,경상
2019081500100406,2019년 8월 15일 18시,목요일,전라북도 군산시 금암동,중상사고,0,1,1,0,차대차 - 측면충돌,안전거리미확보,건조,맑음,단일로 - 지하차도(도로)내,승용,남,59세,상해없음,승용,여,59세,상해없음
2019081500100433,2019년 8월 15일 19시,목요일,전라북도 익산시 황등면,경상사고,0,0,1,0,차대차 - 측면충돌,직진우회전진행방해,건조,맑음,교차로 - 교차로안,승용,여,60세,상해없음,화물,남,64세,경상
2019081500100489,2019년 8월 15일 21시,목요일,전라북도 익산시 평화동,경상사고,0,0,1,0,차대차 - 후진중충돌,안전운전불이행,건조,맑음,교차로 - 교차로부근,승용,여,58세,상해없음,승용,여,24세,경상
2019081500100490,2019년 8월 15일 21시,목요일,전라북도 김제시 신풍동,경상사고,0,0,2,0,차대차 - 측면충돌,안전운전불이행,건조,맑음,교차로 - 교차로부근,화물,남,57세,상해없음,승용,남,19세,경상
2019081500100502,2019년 8월 15일 22시,목요일,전라북도 전주시 완산구 중화산동2가,경상사고,0,0,1,0,차대차 - 추돌,안전운전불이행,건조,맑음,단일로 - 기타,승용,남,26세,상해없음,승용,남,22세,경상
2019081500100503,2019년 8월 15일 22시,목요일,전라북도 전주시 덕진구 금암동,중상사고,0,1,0,0,차대차 - 기타,신호위반,젖음/습기,비,교차로 - 교차로횡단보도내,기타불명,기타불명,미분류,기타불명,이륜,남,31세,중상
2019081500100504,2019년 8월 15일 22시,목요일,전라북도 김제시 황산면,경상사고,0,0,1,0,차량단독 - 도로외이탈 - 추락,안전운전불이행,젖음/습기,비,교차로 - 교차로부근,승용,여,52세,상해없음,,,,
2019081500100527,2019년 8월 15일 23시,목요일,전라북도 익산시 어양동,중상사고,0,1,0,0,차대차 - 추돌,안전운전불이행,건조,맑음,단일로 - 기타,이륜,여,53세,중상,승용,여,48세,기타불명
2019081600100039,2019년 8월 16일 02시,금요일,전라북도 전주시 완산구 중화산동2가,중상사고,0,2,0,0,차대차 - 측면충돌,신호위반,건조,맑음,교차로 - 교차로안,화물,남,29세,중상,승용,남,35세,중상
2019081600100090,2019년 8월 16일 07시,금요일,전라북도 군산시 사정동,사망사고,1,0,0,0,차대차 - 추돌,과속,젖음/습기,비,단일로 - 지하차도(도로)내,화물,남,23세,상해없음,이륜,남,78세,사망
2019081600100123,2019년 8월 16일 08시,금요일,전라북도 정읍시 이평면,중상사고,0,1,0,0,차대사람 - 기타,안전운전불이행,건조,맑음,단일로 - 기타,승용,여,35세,상해없음,보행자,남,85세,중상
2019081600100165,2019년 8월 16일 09시,금요일,전라북도 군산시 미룡동,경상사고,0,0,2,0,차대차 - 기타,교차로운행방법위반,건조,맑음,교차로 - 교차로안,승용,여,64세,경상,승용,여,46세,경상
2019081600100166,2019년 8월 16일 09시,금요일,전라북도 무주군 무주읍,중상사고,0,2,0,0,차대차 - 기타,안전운전불이행,젖음/습기,비,단일로 - 터널,승용,남,31세,상해없음,이륜,남,78세,중상
2019081600100167,2019년 8월 16일 09시,금요일,전라북도 무주군 적상면,중상사고,0,1,3,0,차대차 - 기타,안전운전불이행,젖음/습기,맑음,단일로 - 기타,승용,남,79세,중상,승용,남,38세,경상
2019081600100204,2019년 8월 16일 10시,금요일,전라북도 전주시 완산구 삼천동1가,중상사고,0,1,0,0,차대사람 - 횡단중,보행자보호의무위반,건조,맑음,교차로 - 교차로횡단보도내,승용,여,68세,상해없음,보행자,여,71세,중상
2019081600100278,2019년 8월 16일 12시,금요일,전라북도 전주시 덕진구 송천동1가,경상사고,0,0,1,0,차대사람 - 횡단중,보행자보호의무위반,젖음/습기,비,교차로 - 교차로안,이륜,남,34세,상해없음,보행자,남,6세,경상
2019081600100279,2019년 8월 16일 12시,금요일,전라북도 익산시 금마면,경상사고,0,0,1,0,차대차 - 측면충돌,신호위반,건조,맑음,교차로 - 교차로안,승용,여,28세,상해없음,승용,남,77세,경상
2019081600100327,2019년 8월 16일 13시,금요일,전라북도 남원시 금지면,중상사고,0,3,0,0,차대차 - 측면충돌,교차로운행방법위반,건조,맑음,교차로 - 교차로안,승용,여,30세,상해없음,화물,남,43세,중상
2019081600100364,2019년 8월 16일 14시,금요일,전라북도 전주시 완산구 효자동1가,경상사고,0,0,3,0,차대차 - 추돌,안전거리미확보,건조,맑음,교차로 - 교차로안,승용,남,67세,상해없음,승용,여,66세,경상
2019081600100397,2019년 8월 16일 15시,금요일,전라북도 정읍시 상동,중상사고,0,1,0,0,차대차 - 측면충돌,직진우회전진행방해,건조,맑음,교차로 - 교차로안,자전거,남,71세,중상,승용,남,61세,상해없음
2019081600100398,2019년 8월 16일 15시,금요일,전라북도 무주군 안성면,경상사고,0,0,1,0,차대사람 - 기타,안전운전불이행,건조,맑음,단일로 - 기타,승용,여,61세,상해없음,보행자,여,9세,경상
2019081600100436,2019년 8월 16일 16시,금요일,전라북도 전주시 덕진구 인후동1가,부상신고사고,0,0,0,1,차대차 - 기타,기타,건조,맑음,기타 - 기타,기타불명,기타불명,미분류,기타불명,이륜,남,22세,부상신고
2019081600100437,2019년 8월 16일 16시,금요일,전라북도 부안군 변산면,중상사고,0,1,2,0,차대사람 - 기타,안전운전불이행,건조,맑음,단일로 - 기타,승용,남,74세,상해없음,보행자,여,43세,중상
2019081600100481,2019년 8월 16일 17시,금요일,전라북도 완주군 용진읍,경상사고,0,0,2,0,차대차 - 추돌,안전운전불이행,건조,맑음,단일로 - 터널,승용,남,23세,상해없음,승용,남,62세,경상
2019081600100529,2019년 8월 16일 18시,금요일,전라북도 익산시 모현동1가,경상사고,0,0,1,0,차대차 - 측면충돌,직진우회전진행방해,건조,맑음,교차로 - 교차로안,승용,남,43세,상해없음,승용,남,46세,경상
2019081600100584,2019년 8월 16일 19시,금요일,전라북도 군산시 소룡동,중상사고,0,1,0,0,차대차 - 기타,신호위반,건조,맑음,교차로 - 교차로안,승용,여,47세,상해없음,이륜,남,20세,중상
2019081600100675,2019년 8월 16일 22시,금요일,전라북도 전주시 완산구 중노송동,경상사고,0,0,1,0,차대차 - 추돌,안전거리미확보,건조,맑음,교차로 - 교차로부근,승용,남,54세,상해없음,승용,남,45세,경상
2019081600100693,2019년 8월 16일 23시,금요일,전라북도 전주시 완산구 효자동2가,중상사고,0,1,3,0,차대차 - 측면충돌,신호위반,건조,맑음,교차로 - 교차로안,승용,남,41세,상해없음,승용,남,30세,경상
2019081600100694,2019년 8월 16일 23시,금요일,전라북도 익산시 영등동,경상사고,0,0,4,0,차대차 - 추돌,안전운전불이행,건조,맑음,교차로 - 교차로안,승용,남,30세,상해없음,승용,여,48세,경상
2019081700100078,2019년 8월 17일 04시,토요일,전라북도 익산시 영등동,경상사고,0,0,1,0,차대사람 - 횡단중,안전운전불이행,건조,맑음,교차로 - 교차로안,승용,남,81세,상해없음,보행자,남,39세,경상
2019081700100119,2019년 8월 17일 07시,토요일,전라북도 고창군 대산면,사망사고,1,0,0,0,차대차 - 추돌,과속,건조,맑음,단일로 - 기타,승용,남,69세,상해없음,원동기,남,72세,사망
2019081700100134,2019년 8월 17일 08시,토요일,전라북도 전주시 완산구 서서학동,경상사고,0,0,1,0,차대차 - 측면충돌,안전운전불이행,건조,맑음,교차로 - 교차로안,화물,남,65세,상해없음,승용,여,57세,경상
2019081700100135,2019년 8월 17일 08시,토요일,전라북도 완주군 용진읍,중상사고,0,1,0,0,차대차 - 정면충돌,안전운전불이행,건조,맑음,교차로 - 교차로안,승용,여,58세,상해없음,화물,남,50세,중상
2019081700100172,2019년 8월 17일 10시,토요일,전라북도 익산시 팔봉동,경상사고,0,0,1,0,차대사람 - 횡단중,신호위반,건조,맑음,교차로 - 교차로횡단보도내,승용,여,54세,상해없음,보행자,여,55세,경상
2019081700100200,2019년 8월 17일 11시,토요일,전라북도 익산시 인화동2가,중상사고,0,1,0,0,차대차 - 추돌,안전운전불이행,건조,맑음,단일로 - 기타,승용,남,25세,상해없음,승용,여,27세,중상
2019081700100201,2019년 8월 17일 11시,토요일,전라북도 정읍시 태인면,중상사고,0,1,1,0,차대차 - 측면충돌,불법유턴,건조,맑음,교차로 - 교차로부근,승용,남,56세,중상,승용,남,28세,경상
2019081700100234,2019년 8월 17일 12시,토요일,전라북도 전주시 완산구 효자동3가,중상사고,0,1,0,0,차대사람 - 기타,안전운전불이행,건조,맑음,주차장 - 주차장,승용,남,35세,상해없음,보행자,남,22세,중상
2019081700100284,2019년 8월 17일 13시,토요일,전라북도 전주시 완산구 효자동2가,경상사고,0,0,1,0,차대사람 - 기타,안전운전불이행,건조,맑음,교차로 - 교차로부근,승용,남,64세,상해없음,보행자,여,21세,경상
2019081700100325,2019년 8월 17일 14시,토요일,전라북도 정읍시 태인면,중상사고,0,1,3,0,차대차 - 측면충돌,신호위반,건조,맑음,교차로 - 교차로안,승용,남,62세,상해없음,승용,남,52세,중상
2019081700100326,2019년 8월 17일 14시,토요일,전라북도 김제시 황산면,사망사고,1,0,0,0,차대차 - 정면충돌,안전운전불이행,건조,맑음,기타 - 기타,화물,남,61세,상해없음,이륜,여,78세,사망
2019081700100369,2019년 8월 17일 15시,토요일,전라북도 익산시 남중동,경상사고,0,0,1,0,차대차 - 정면충돌,중앙선침범,건조,맑음,교차로 - 교차로부근,화물,남,65세,상해없음,승용,남,63세,경상
2019081700100403,2019년 8월 17일 16시,토요일,전라북도 부안군 보안면,경상사고,0,0,3,0,차대차 - 정면충돌,중앙선침범,건조,맑음,단일로 - 기타,화물,남,62세,상해없음,승용,남,47세,경상
2019081700100452,2019년 8월 17일 17시,토요일,전라북도 부안군 하서면,경상사고,0,0,1,0,차량단독 - 전도전복 - 전도,안전운전불이행,젖음/습기,비,단일로 - 기타,자전거,여,66세,경상,,,,
2019081700100531,2019년 8월 17일 19시,토요일,전라북도 군산시 나운동,경상사고,0,0,1,0,차대차 - 기타,안전운전불이행,건조,맑음,단일로 - 기타,승용,남,56세,상해없음,원동기,남,28세,경상
2019081700100572,2019년 8월 17일 20시,토요일,전라북도 군산시 수송동,경상사고,0,0,2,0,차대차 - 기타,신호위반,건조,맑음,교차로 - 교차로안,승용,남,56세,상해없음,화물,남,35세,경상
2019081700100597,2019년 8월 17일 21시,토요일,전라북도 전주시 완산구 중노송동,경상사고,0,0,1,0,차대사람 - 기타,안전운전불이행,젖음/습기,흐림,단일로 - 기타,승용,여,37세,상해없음,보행자,남,56세,경상
2019081700100648,2019년 8월 17일 23시,토요일,전라북도 전주시 덕진구 여의동,경상사고,0,0,2,0,차대차 - 측면충돌,불법유턴,건조,맑음,기타 - 기타,승합,남,32세,상해없음,승용,남,35세,경상
2019081800100043,2019년 8월 18일 01시,일요일,전라북도 전주시 완산구 효자동2가,경상사고,0,0,1,0,차대사람 - 차도통행중,안전운전불이행,젖음/습기,흐림,교차로 - 교차로부근,승용,남,28세,상해없음,보행자,남,53세,경상
2019081800100044,2019년 8월 18일 01시,일요일,전라북도 전주시 완산구 서신동,경상사고,0,0,3,0,차대차 - 측면충돌,신호위반,젖음/습기,흐림,교차로 - 교차로안,승용,남,57세,상해없음,승용,남,73세,경상
2019081800100058,2019년 8월 18일 02시,일요일,전라북도 군산시 경암동,경상사고,0,0,1,0,차대차 - 추돌,안전운전불이행,건조,맑음,교차로 - 교차로부근,승용,남,40세,상해없음,승용,남,38세,경상
2019081800100116,2019년 8월 18일 08시,일요일,전라북도 군산시 구암동,경상사고,0,0,1,0,차대차 - 측면충돌,신호위반,건조,맑음,교차로 - 교차로안,화물,남,61세,상해없음,승용,남,71세,경상
2019081800100162,2019년 8월 18일 11시,일요일,전라북도 남원시 노암동,중상사고,0,1,0,0,차대차 - 측면충돌,안전운전불이행,건조,맑음,교차로 - 교차로안,승합,남,46세,상해없음,자전거,남,66세,중상
2019081800100207,2019년 8월 18일 13시,일요일,전라북도 장수군 장계면,중상사고,0,1,2,0,차대차 - 측면충돌,신호위반,건조,맑음,교차로 - 교차로안,승용,남,63세,경상,승합,여,38세,중상
2019081800100294,2019년 8월 18일 16시,일요일,전라북도 익산시 황등면,경상사고,0,0,4,0,차대차 - 측면충돌,직진우회전진행방해,건조,맑음,교차로 - 교차로안,이륜,남,62세,상해없음,승용,여,43세,경상
2019081800100295,2019년 8월 18일 16시,일요일,전라북도 순창군 동계면,중상사고,0,1,0,0,차대사람 - 횡단중,안전운전불이행,건조,맑음,단일로 - 기타,화물,남,64세,상해없음,보행자,여,71세,중상
2019081800100318,2019년 8월 18일 17시,일요일,전라북도 전주시 덕진구 반월동,경상사고,0,0,1,0,차대차 - 측면충돌,안전운전불이행,건조,맑음,교차로 - 교차로안,승용,남,67세,기타불명,이륜,남,25세,경상
2019081800100319,2019년 8월 18일 17시,일요일,전라북도 익산시 영등동,중상사고,0,3,1,0,차대차 - 측면충돌,안전운전불이행,건조,맑음,단일로 - 기타,이륜,남,23세,경상,이륜,남,58세,중상
2019081800100320,2019년 8월 18일 17시,일요일,전라북도 완주군 고산면,중상사고,0,1,1,0,차대차 - 기타,직진우회전진행방해,건조,맑음,교차로 - 교차로안,승용,여,55세,경상,화물,남,80세,중상
2019081800100351,2019년 8월 18일 18시,일요일,전라북도 익산시 주현동,중상사고,0,1,2,0,차대차 - 추돌,안전거리미확보,건조,맑음,단일로 - 기타,승용,남,29세,상해없음,승용,남,65세,경상
2019081800100387,2019년 8월 18일 19시,일요일,전라북도 완주군 봉동읍,중상사고,0,1,0,0,차대사람 - 기타,안전운전불이행,건조,맑음,기타 - 기타,승용,여,68세,상해없음,보행자,남,71세,중상
2019081800100409,2019년 8월 18일 20시,일요일,전라북도 전주시 완산구 삼천동1가,중상사고,0,1,0,0,차대차 - 정면충돌,신호위반,건조,맑음,교차로 - 교차로안,승용,여,55세,상해없음,이륜,남,25세,중상
2019081800100440,2019년 8월 18일 21시,일요일,전라북도 군산시 구암동,중상사고,0,1,0,0,차대차 - 기타,안전운전불이행,건조,맑음,교차로 - 교차로안,승용,여,54세,상해없음,이륜,남,52세,중상
2019081800100460,2019년 8월 18일 22시,일요일,전라북도 전주시 완산구 평화동1가,중상사고,0,1,0,0,차대차 - 추돌,안전운전불이행,건조,맑음,교차로 - 교차로부근,화물,남,38세,기타불명,승용,남,43세,중상
2019081800100461,2019년 8월 18일 22시,일요일,전라북도 정읍시 신태인읍,중상사고,0,1,0,0,차대사람 - 기타,안전운전불이행,건조,맑음,교차로 - 교차로안,승용,남,58세,상해없음,보행자,남,43세,중상
2019081900100028,2019년 8월 19일 00시,월요일,전라북도 익산시 팔봉동,중상사고,0,2,2,0,차대차 - 정면충돌,중앙선침범,건조,맑음,교차로 - 교차로부근,승용,남,36세,상해없음,승용,남,24세,중상
2019081900100051,2019년 8월 19일 03시,월요일,전라북도 김제시 백구면,중상사고,0,1,0,0,차대차 - 추돌,안전운전불이행,건조,맑음,기타 - 기타,승용,남,53세,상해없음,이륜,남,23세,중상
2019081900100067,2019년 8월 19일 06시,월요일,전라북도 부안군 동진면,중상사고,0,2,4,0,차대차 - 측면충돌,신호위반,건조,맑음,교차로 - 교차로안,화물,남,69세,경상,승용,여,34세,경상
2019081900100068,2019년 8월 19일 06시,월요일,전라북도 부안군 부안읍,경상사고,0,0,1,0,차대차 - 측면충돌,안전운전불이행,건조,맑음,교차로 - 교차로안,이륜,남,30세,경상,승용,남,29세,상해없음
2019081900100087,2019년 8월 19일 07시,월요일,전라북도 남원시 신정동,중상사고,0,1,0,0,차대차 - 측면충돌,직진우회전진행방해,건조,맑음,교차로 - 교차로안,화물,남,69세,상해없음,자전거,남,52세,중상
2019081900100134,2019년 8월 19일 08시,월요일,전라북도 군산시 소룡동,경상사고,0,0,3,0,차대차 - 추돌,안전운전불이행,건조,맑음,교차로 - 교차로안,화물,남,64세,상해없음,승용,남,23세,경상
2019081900100135,2019년 8월 19일 08시,월요일,전라북도 군산시 수송동,경상사고,0,0,2,0,차대차 - 후진중충돌,안전운전불이행,건조,맑음,단일로 - 지하차도(도로)내,승용,여,42세,경상,승용,여,44세,경상
2019081900100136,2019년 8월 19일 08시,월요일,전라북도 익산시 영등동,경상사고,0,0,5,0,차대차 - 추돌,안전운전불이행,건조,맑음,단일로 - 기타,승용,여,42세,상해없음,승용,남,66세,경상
2019081900100137,2019년 8월 19일 08시,월요일,전라북도 익산시 인화동2가,경상사고,0,0,1,0,차대차 - 측면충돌,안전운전불이행,건조,맑음,단일로 - 기타,자전거,남,66세,경상,원동기,기타불명,미분류,기타불명
2019081900100138,2019년 8월 19일 08시,월요일,전라북도 김제시 황산동,경상사고,0,0,2,0,차대차 - 측면충돌,교차로운행방법위반,건조,맑음,교차로 - 교차로안,승용,남,62세,경상,승용,여,47세,경상
2019081900100139,2019년 8월 19일 08시,월요일,전라북도 장수군 장수읍,중상사고,0,1,0,0,차대차 - 추돌,안전운전불이행,건조,맑음,단일로 - 기타,승용,남,37세,상해없음,자전거,남,82세,중상
2019081900100164,2019년 8월 19일 09시,월요일,전라북도 전주시 완산구 중화산동2가,중상사고,0,1,4,0,차대차 - 측면충돌,차로위반,건조,맑음,단일로 - 기타,승용,여,59세,경상,승합,남,50세,경상
2019081900100165,2019년 8월 19일 09시,월요일,전라북도 군산시 문화동,중상사고,0,1,0,0,차대사람 - 횡단중,보행자보호의무위반,건조,맑음,교차로 - 교차로횡단보도내,승용,여,66세,상해없음,보행자,여,77세,중상