사고번호,사고일시,요일,시군구,사고내용,사망자수,중상자수,경상자수,부상신고자수,사고유형,법규위반,노면상태,기상상태,도로형태,가해운전자 차종,가해운전자 성별,가해운전자 연령,가해운전자 상해정도,피해운전자 차종,피해운전자 성별,피해운전자 연령,피해운전자 상해정도
2019081900100203,2019년 8월 19일 10시,월요일,전라북도 익산시 영등동,중상사고,0,1,1,0,차대차 - 기타,안전운전불이행,건조,맑음,교차로 - 교차로안,승용,남,57세,상해없음,이륜,남,33세,경상
2019081900100238,2019년 8월 19일 11시,월요일,전라북도 남원시 향교동,경상사고,0,0,1,0,차대차 - 측면충돌,안전운전불이행,건조,맑음,단일로 - 기타,승용,남,63세,상해없음,승용,남,63세,경상
2019081900100268,2019년 8월 19일 12시,월요일,전라북도 전주시 덕진구 전미동1가,경상사고,0,0,1,0,차대차 - 측면충돌,신호위반,건조,맑음,교차로 - 교차로안,승용,여,62세,상해없음,승용,여,44세,경상
2019081900100269,2019년 8월 19일 12시,월요일,전라북도 완주군 용진읍,경상사고,0,0,1,0,차대차 - 기타,안전운전불이행,건조,맑음,단일로 - 기타,사륜오토바이(ATV),남,82세,경상,승용,남,44세,상해없음
2019081900100300,2019년 8월 19일 13시,월요일,전라북도 익산시 왕궁면,중상사고,0,1,0,0,차대차 - 측면충돌,신호위반,건조,맑음,교차로 - 교차로안,화물,남,28세,상해없음,승용,여,55세,중상
2019081900100327,2019년 8월 19일 14시,월요일,전라북도 익산시 영등동,경상사고,0,0,1,0,차대차 - 측면충돌,중앙선침범,건조,맑음,단일로 - 기타,승용,남,27세,상해없음,원동기,남,27세,경상
2019081900100328,2019년 8월 19일 14시,월요일,전라북도 정읍시 공평동,경상사고,0,0,2,0,차대차 - 측면충돌,안전거리미확보,건조,맑음,교차로 - 교차로부근,화물,남,56세,상해없음,승용,남,42세,경상
2019081900100359,2019년 8월 19일 15시,월요일,전라북도 전주시 완산구 서노송동,경상사고,0,0,1,0,차대차 - 측면충돌,안전운전불이행,건조,맑음,교차로 - 교차로부근,승용,남,57세,상해없음,화물,남,29세,경상
2019081900100360,2019년 8월 19일 15시,월요일,전라북도 정읍시 수성동,경상사고,0,0,3,0,차대차 - 측면충돌,직진우회전진행방해,건조,맑음,교차로 - 교차로안,승용,남,56세,상해없음,화물,남,43세,경상
2019081900100399,2019년 8월 19일 16시,월요일,전라북도 전주시 완산구 삼천동2가,경상사고,0,0,1,0,차대사람 - 기타,안전운전불이행,건조,맑음,교차로 - 교차로안,화물,남,59세,상해없음,보행자,여,80세,경상
2019081900100430,2019년 8월 19일 17시,월요일,전라북도 군산시 오식도동,경상사고,0,0,1,0,차대차 - 측면충돌,신호위반,건조,맑음,교차로 - 교차로안,승용,남,62세,상해없음,승용,남,53세,경상
2019081900100431,2019년 8월 19일 17시,월요일,전라북도 익산시 어양동,부상신고사고,0,0,0,1,차대차 - 측면충돌,안전운전불이행,건조,맑음,단일로 - 기타,자전거,남,14세,부상신고,승용,남,72세,상해없음
2019081900100432,2019년 8월 19일 17시,월요일,전라북도 부안군 행안면,경상사고,0,0,3,0,차대차 - 측면충돌,직진우회전진행방해,건조,맑음,교차로 - 교차로안,승용,남,77세,경상,승용,여,61세,경상
2019081900100433,2019년 8월 19일 17시,월요일,전라북도 임실군 덕치면,중상사고,0,1,0,0,차대차 - 측면충돌,중앙선침범,건조,맑음,단일로 - 기타,승용,여,44세,상해없음,승용,여,62세,중상
2019081900100434,2019년 8월 19일 17시,월요일,전라북도 완주군 소양면,중상사고,0,1,0,0,차대사람 - 횡단중,안전운전불이행,건조,맑음,단일로 - 기타,승용,여,52세,상해없음,보행자,여,7세,중상
2019081900100479,2019년 8월 19일 18시,월요일,전라북도 전주시 덕진구 우아동1가,경상사고,0,0,1,0,차대차 - 측면충돌,중앙선침범,건조,맑음,단일로 - 기타,승용,여,59세,상해없음,승용,남,31세,상해없음
2019081900100521,2019년 8월 19일 19시,월요일,전라북도 정읍시 고부면,중상사고,0,1,0,0,차량단독 - 기타,안전운전불이행,건조,맑음,단일로 - 기타,승용,남,55세,중상,,,,
2019081900100548,2019년 8월 19일 20시,월요일,전라북도 전주시 덕진구 인후동2가,부상신고사고,0,0,0,1,차대차 - 기타,신호위반,건조,맑음,교차로 - 교차로안,화물,남,32세,기타불명,승용,남,64세,부상신고
2019081900100549,2019년 8월 19일 20시,월요일,전라북도 익산시 마동,경상사고,0,0,7,0,차대차 - 추돌,안전운전불이행,건조,맑음,단일로 - 기타,화물,남,68세,경상,승용,여,35세,경상
2019081900100550,2019년 8월 19일 20시,월요일,전라북도 정읍시 상동,경상사고,0,0,1,0,차대사람 - 기타,안전운전불이행,건조,맑음,교차로 - 교차로안,승용,남,53세,상해없음,보행자,여,51세,경상
2019081900100576,2019년 8월 19일 21시,월요일,전라북도 정읍시 상동,경상사고,0,0,1,0,차대사람 - 횡단중,안전운전불이행,건조,맑음,단일로 - 기타,승용,남,44세,상해없음,보행자,남,53세,경상
2019081900100577,2019년 8월 19일 21시,월요일,전라북도 김제시 요촌동,경상사고,0,0,1,0,차대차 - 측면충돌,직진우회전진행방해,건조,맑음,교차로 - 교차로안,승용,남,23세,상해없음,이륜,남,39세,경상
2019082000100029,2019년 8월 20일 00시,화요일,전라북도 전주시 완산구 중화산동2가,경상사고,0,0,1,0,차량단독 - 기타,안전운전불이행,건조,맑음,기타 - 기타,승용,남,53세,상해없음,,,,
2019082000100030,2019년 8월 20일 00시,화요일,전라북도 전주시 덕진구 우아동2가,중상사고,0,1,0,0,차대사람 - 횡단중,안전운전불이행,건조,맑음,단일로 - 기타,승용,여,28세,상해없음,보행자,남,32세,중상
2019082000100062,2019년 8월 20일 04시,화요일,전라북도 정읍시 농소동,경상사고,0,0,1,0,차대차 - 후진중충돌,안전운전불이행,건조,맑음,단일로 - 기타,승용,남,54세,상해없음,승용,남,68세,경상
2019082000100095,2019년 8월 20일 07시,화요일,전라북도 군산시 월명동,중상사고,0,1,0,0,차대사람 - 차도통행중,안전운전불이행,건조,맑음,단일로 - 지하차도(도로)내,승용,여,48세,상해없음,보행자,여,78세,중상
2019082000100096,2019년 8월 20일 07시,화요일,전라북도 진안군 마령면,중상사고,0,1,0,0,차대차 - 추돌,안전거리미확보,건조,맑음,교차로 - 교차로부근,화물,남,49세,상해없음,승용,여,67세,중상
2019082000100134,2019년 8월 20일 08시,화요일,전라북도 전주시 덕진구 송천동1가,경상사고,0,0,1,0,차대차 - 측면충돌,중앙선침범,건조,맑음,단일로 - 기타,승용,남,28세,상해없음,승용,남,32세,경상
2019082000100135,2019년 8월 20일 08시,화요일,전라북도 군산시 문화동,중상사고,0,1,0,0,차대차 - 측면충돌,신호위반,건조,맑음,교차로 - 교차로안,승용,여,43세,상해없음,이륜,남,58세,중상
2019082000100169,2019년 8월 20일 09시,화요일,전라북도 전주시 덕진구 우아동3가,중상사고,0,1,1,0,차대차 - 측면충돌,신호위반,건조,맑음,교차로 - 교차로안,승용,여,58세,상해없음,승합,여,56세,경상
2019082000100207,2019년 8월 20일 10시,화요일,전라북도 전주시 덕진구 진북동,중상사고,0,1,0,0,차대차 - 측면충돌,신호위반,건조,맑음,교차로 - 교차로안,승용,여,40세,상해없음,이륜,남,69세,중상
2019082000100235,2019년 8월 20일 11시,화요일,전라북도 진안군 부귀면,중상사고,0,1,0,0,차대차 - 추돌,안전운전불이행,건조,맑음,단일로 - 지하차도(도로)내,이륜,남,47세,중상,승용,남,69세,상해없음
2019082000100271,2019년 8월 20일 12시,화요일,전라북도 전주시 완산구 서노송동,중상사고,0,1,0,0,차대차 - 기타,안전운전불이행,건조,맑음,교차로 - 교차로안,승용,남,65세,상해없음,자전거,여,55세,중상
2019082000100272,2019년 8월 20일 12시,화요일,전라북도 전주시 덕진구 팔복동2가,경상사고,0,0,1,0,차대차 - 추돌,안전운전불이행,건조,맑음,교차로 - 교차로부근,승용,남,73세,상해없음,승용,남,39세,경상
2019082000100273,2019년 8월 20일 12시,화요일,전라북도 익산시 평화동,중상사고,0,1,0,0,차대사람 - 횡단중,안전운전불이행,건조,맑음,단일로 - 기타,승용,남,41세,상해없음,보행자,여,21세,중상
2019082000100274,2019년 8월 20일 12시,화요일,전라북도 김제시 요촌동,경상사고,0,0,1,0,차대사람 - 횡단중,보행자보호의무위반,건조,맑음,단일로 - 기타,승용,남,37세,상해없음,보행자,여,72세,경상
2019082000100304,2019년 8월 20일 13시,화요일,전라북도 군산시 임피면,부상신고사고,0,0,0,2,차대차 - 기타,교차로운행방법위반,건조,맑음,교차로 - 교차로안,이륜,여,19세,부상신고,승용,여,50세,상해없음
2019082000100340,2019년 8월 20일 14시,화요일,전라북도 군산시 장재동,부상신고사고,0,0,0,1,차대차 - 기타,기타,건조,맑음,단일로 - 기타,승용,남,56세,상해없음,자전거,남,17세,부상신고
2019082000100369,2019년 8월 20일 15시,화요일,전라북도 전주시 완산구 효자동3가,부상신고사고,0,0,0,1,차대차 - 기타,교차로운행방법위반,건조,맑음,교차로 - 교차로안,승용,남,37세,상해없음,승용,남,43세,부상신고
2019082000100370,2019년 8월 20일 15시,화요일,전라북도 전주시 덕진구 팔복동3가,사망사고,1,0,0,0,차대차 - 측면충돌,교차로운행방법위반,건조,맑음,교차로 - 교차로안,특수,남,41세,상해없음,이륜,남,35세,사망
2019082000100371,2019년 8월 20일 15시,화요일,전라북도 정읍시 상동,경상사고,0,0,4,0,차대차 - 추돌,안전운전불이행,건조,맑음,단일로 - 기타,승용,남,71세,상해없음,승용,남,55세,경상
2019082000100372,2019년 8월 20일 15시,화요일,전라북도 정읍시 시기동,경상사고,0,0,1,0,차대차 - 측면충돌,안전운전불이행,건조,맑음,단일로 - 기타,자전거,여,60세,경상,승용,여,69세,상해없음
2019082000100415,2019년 8월 20일 16시,화요일,전라북도 군산시 미장동,중상사고,0,2,1,0,차대차 - 정면충돌,안전운전불이행,건조,맑음,교차로 - 교차로안,승용,여,46세,중상,승용,남,46세,경상
2019082000100416,2019년 8월 20일 16시,화요일,전라북도 무주군 무주읍,중상사고,0,1,0,0,차대차 - 추돌,안전운전불이행,건조,맑음,단일로 - 지하차도(도로)내,이륜,남,63세,상해없음,자전거,남,67세,중상
2019082000100504,2019년 8월 20일 18시,화요일,전라북도 군산시 수송동,경상사고,0,0,1,0,차대차 - 측면충돌,중앙선침범,건조,맑음,단일로 - 지하차도(도로)내,승용,여,77세,상해없음,승용,남,37세,경상
2019082000100539,2019년 8월 20일 19시,화요일,전라북도 군산시 수송동,경상사고,0,0,2,1,차대차 - 측면충돌,신호위반,건조,맑음,교차로 - 교차로안,이륜,남,22세,경상,승용,남,48세,부상신고
2019082000100540,2019년 8월 20일 19시,화요일,전라북도 남원시 도통동,경상사고,0,0,1,0,차대차 - 측면충돌,안전운전불이행,건조,맑음,교차로 - 교차로안,자전거,남,45세,경상,승용,남,36세,상해없음
2019082000100587,2019년 8월 20일 20시,화요일,전라북도 정읍시 정우면,경상사고,0,0,2,0,차대차 - 기타,안전거리미확보,건조,맑음,기타 - 기타,승용,남,36세,경상,화물,남,44세,경상
2019082000100632,2019년 8월 20일 22시,화요일,전라북도 완주군 용진읍,경상사고,0,0,9,0,차대차 - 추돌,안전운전불이행,건조,맑음,교차로 - 교차로부근,승합,남,52세,상해없음,승용,남,38세,경상
2019082100100108,2019년 8월 21일 07시,수요일,전라북도 전주시 완산구 효자동1가,경상사고,0,0,1,0,차대차 - 추돌,안전거리미확보,건조,맑음,단일로 - 기타,승용,여,26세,상해없음,승용,남,73세,경상
2019082100100166,2019년 8월 21일 09시,수요일,전라북도 정읍시 상동,경상사고,0,0,2,0,차대차 - 추돌,안전운전불이행,건조,맑음,교차로 - 교차로안,승용,여,55세,상해없음,승용,남,41세,경상
2019082100100167,2019년 8월 21일 09시,수요일,전라북도 김제시 진봉면,경상사고,0,0,1,0,차대차 - 측면충돌,교차로운행방법위반,건조,맑음,교차로 - 교차로안,화물,여,56세,상해없음,승용,여,65세,경상
2019082100100168,2019년 8월 21일 09시,수요일,전라북도 부안군 백산면,경상사고,0,0,1,0,차대차 - 측면충돌,교차로운행방법위반,건조,맑음,교차로 - 교차로안,승용,여,34세,상해없음,화물,남,67세,경상
2019082100100196,2019년 8월 21일 10시,수요일,전라북도 군산시 경장동,중상사고,0,1,1,0,차대차 - 측면충돌,안전운전불이행,건조,맑음,교차로 - 교차로부근,승용,여,74세,상해없음,승용,남,47세,경상
2019082100100197,2019년 8월 21일 10시,수요일,전라북도 정읍시 농소동,경상사고,0,0,1,0,차대차 - 측면충돌,직진우회전진행방해,건조,맑음,교차로 - 교차로안,승용,남,64세,상해없음,승용,여,53세,경상
2019082100100225,2019년 8월 21일 11시,수요일,전라북도 전주시 완산구 서노송동,경상사고,0,0,1,0,차대차 - 측면충돌,신호위반,건조,맑음,단일로 - 기타,자전거,남,65세,경상,승용,남,63세,상해없음
2019082100100226,2019년 8월 21일 11시,수요일,전라북도 남원시 금동,경상사고,0,0,1,0,차대차 - 기타,신호위반,건조,흐림,교차로 - 교차로안,이륜,남,22세,상해없음,자전거,여,83세,경상
2019082100100264,2019년 8월 21일 12시,수요일,전라북도 익산시 영등동,경상사고,0,0,1,0,차대사람 - 보도통행중,기타,건조,맑음,단일로 - 기타,승용,여,50세,상해없음,보행자,여,19세,경상
2019082100100294,2019년 8월 21일 13시,수요일,전라북도 전주시 완산구 서서학동,경상사고,0,0,1,0,차대차 - 정면충돌,신호위반,건조,맑음,교차로 - 교차로안,승용,남,77세,상해없음,승용,여,58세,경상
2019082100100295,2019년 8월 21일 13시,수요일,전라북도 군산시 옥도면,경상사고,0,0,4,0,차대차 - 기타,차로위반,건조,맑음,교차로 - 교차로부근,기타불명,기타불명,미분류,기타불명,건설기계,남,48세,상해없음
2019082100100296,2019년 8월 21일 13시,수요일,전라북도 익산시 창인동2가,경상사고,0,0,2,0,차대차 - 추돌,안전운전불이행,건조,맑음,단일로 - 기타,화물,남,24세,상해없음,승용,남,62세,경상
2019082100100297,2019년 8월 21일 13시,수요일,전라북도 진안군 안천면,사망사고,1,0,0,0,차대차 - 기타,차로위반,건조,맑음,단일로 - 기타,이륜,남,84세,사망,승용,여,30세,상해없음
2019082100100332,2019년 8월 21일 14시,수요일,전라북도 순창군 순창읍,중상사고,0,1,1,0,차대차 - 측면충돌,안전운전불이행,건조,맑음,단일로 - 기타,승용,여,65세,상해없음,승용,여,24세,기타불명
2019082100100333,2019년 8월 21일 14시,수요일,전라북도 무주군 무주읍,경상사고,0,0,2,0,차대차 - 추돌,안전운전불이행,건조,맑음,교차로 - 교차로안,화물,남,53세,상해없음,화물,여,59세,경상
2019082100100408,2019년 8월 21일 16시,수요일,전라북도 전주시 덕진구 송천동1가,경상사고,0,0,1,0,차대차 - 기타,직진우회전진행방해,건조,맑음,교차로 - 교차로안,승용,여,22세,상해없음,승용,남,53세,경상
2019082100100409,2019년 8월 21일 16시,수요일,전라북도 익산시 마동,경상사고,0,0,1,0,차대사람 - 횡단중,신호위반,건조,맑음,교차로 - 교차로횡단보도내,승용,남,57세,상해없음,보행자,여,74세,경상
2019082100100508,2019년 8월 21일 18시,수요일,전라북도 전주시 덕진구 팔복동3가,경상사고,0,0,2,0,차대차 - 추돌,안전운전불이행,젖음/습기,비,교차로 - 교차로부근,승용,남,33세,상해없음,승용,여,34세,경상
2019082100100509,2019년 8월 21일 18시,수요일,전라북도 군산시 옥도면,부상신고사고,0,0,0,1,차대사람 - 횡단중,안전운전불이행,건조,맑음,단일로 - 기타,승용,여,58세,상해없음,보행자,여,49세,부상신고
2019082100100510,2019년 8월 21일 18시,수요일,전라북도 부안군 부안읍,경상사고,0,0,1,0,차대사람 - 횡단중,안전운전불이행,젖음/습기,비,교차로 - 교차로안,화물,남,68세,상해없음,보행자,여,7세,경상
2019082100100553,2019년 8월 21일 19시,수요일,전라북도 전주시 완산구 효자동3가,경상사고,0,0,3,0,차대차 - 기타,안전운전불이행,젖음/습기,비,교차로 - 교차로안,승용,여,52세,경상,승용,남,63세,경상
2019082100100554,2019년 8월 21일 19시,수요일,전라북도 전주시 덕진구 진북동,중상사고,0,1,0,0,차대차 - 측면충돌,신호위반,젖음/습기,비,교차로 - 교차로안,승용,남,45세,상해없음,승용,여,66세,중상
2019082100100555,2019년 8월 21일 19시,수요일,전라북도 익산시 동산동,경상사고,0,0,1,0,차대차 - 기타,직진우회전진행방해,건조,맑음,교차로 - 교차로안,승용,남,67세,상해없음,이륜,남,69세,경상
2019082100100556,2019년 8월 21일 19시,수요일,전라북도 김제시 요촌동,경상사고,0,0,1,0,차대차 - 측면충돌,안전운전불이행,젖음/습기,비,교차로 - 교차로안,화물,남,50세,상해없음,승용,남,68세,경상
2019082100100557,2019년 8월 21일 19시,수요일,전라북도 김제시 요촌동,경상사고,0,0,1,0,차대사람 - 횡단중,보행자보호의무위반,젖음/습기,비,교차로 - 교차로횡단보도내,승용,남,43세,상해없음,보행자,남,53세,경상
2019082100100606,2019년 8월 21일 20시,수요일,전라북도 전주시 완산구 서신동,경상사고,0,0,1,0,차대차 - 추돌,안전운전불이행,젖음/습기,비,교차로 - 교차로부근,승용,여,46세,상해없음,승용,여,30세,경상
2019082100100607,2019년 8월 21일 20시,수요일,전라북도 군산시 경암동,중상사고,0,1,2,0,차대차 - 측면충돌,안전거리미확보,건조,맑음,교차로 - 교차로안,승용,남,36세,경상,승용,남,40세,중상
2019082100100608,2019년 8월 21일 20시,수요일,전라북도 군산시 경장동,중상사고,0,1,0,0,차대사람 - 횡단중,보행자보호의무위반,건조,맑음,교차로 - 교차로안,승용,남,29세,상해없음,보행자,남,57세,중상
2019082100100640,2019년 8월 21일 21시,수요일,전라북도 전주시 덕진구 인후동1가,경상사고,0,0,1,0,차대차 - 측면충돌,안전운전불이행,젖음/습기,비,단일로 - 기타,승용,남,28세,상해없음,승용,남,29세,경상
2019082100100677,2019년 8월 21일 22시,수요일,전라북도 전주시 덕진구 송천동1가,경상사고,0,0,2,0,차대차 - 추돌,안전운전불이행,젖음/습기,비,교차로 - 교차로부근,승용,여,34세,상해없음,승용,남,28세,경상
2019082100100708,2019년 8월 21일 23시,수요일,전라북도 완주군 봉동읍,중상사고,0,1,0,0,차대차 - 측면충돌,불법유턴,건조,맑음,교차로 - 교차로안,화물,남,37세,상해없음,승용,남,47세,중상
2019082200100065,2019년 8월 22일 02시,목요일,전라북도 전주시 완산구 중화산동2가,중상사고,0,1,0,0,차대사람 - 기타,안전운전불이행,젖음/습기,비,교차로 - 교차로안,승용,남,55세,상해없음,보행자,남,57세,중상
2019082200100078,2019년 8월 22일 04시,목요일,전라북도 완주군 삼례읍,중상사고,0,1,1,0,차대차 - 정면충돌,중앙선침범,젖음/습기,흐림,단일로 - 기타,승용,여,55세,중상,화물,남,47세,경상
2019082200100118,2019년 8월 22일 07시,목요일,전라북도 익산시 어양동,경상사고,0,0,1,0,차대차 - 정면충돌,교차로운행방법위반,건조,맑음,교차로 - 교차로안,화물,남,53세,상해없음,자전거,남,38세,경상
2019082200100156,2019년 8월 22일 08시,목요일,전라북도 전주시 덕진구 덕진동2가,경상사고,0,0,1,0,차대사람 - 기타,안전운전불이행,건조,맑음,단일로 - 기타,승용,여,45세,상해없음,보행자,여,23세,경상
2019082200100157,2019년 8월 22일 08시,목요일,전라북도 완주군 삼례읍,중상사고,0,1,1,0,차대차 - 측면충돌,과속,건조,맑음,교차로 - 교차로안,승용,여,32세,중상,승용,남,63세,경상
2019082200100227,2019년 8월 22일 10시,목요일,전라북도 전주시 덕진구 동산동,경상사고,0,0,1,0,차대사람 - 기타,안전운전불이행,건조,맑음,단일로 - 기타,승용,남,78세,상해없음,보행자,여,40세,경상
2019082200100228,2019년 8월 22일 10시,목요일,전라북도 완주군 이서면,중상사고,0,1,0,0,차대차 - 측면충돌,안전운전불이행,건조,맑음,단일로 - 기타,승용,남,74세,상해없음,승용,남,50세,중상
2019082200100296,2019년 8월 22일 12시,목요일,전라북도 전주시 완산구 다가동3가,중상사고,0,1,0,0,차대사람 - 횡단중,보행자보호의무위반,건조,맑음,단일로 - 기타,승용,남,25세,상해없음,보행자,여,74세,중상
2019082200100297,2019년 8월 22일 12시,목요일,전라북도 익산시 남중동,경상사고,0,0,1,0,차대차 - 측면충돌,기타,건조,맑음,단일로 - 기타,화물,남,26세,상해없음,이륜,남,69세,경상
2019082200100298,2019년 8월 22일 12시,목요일,전라북도 익산시 신동,경상사고,0,0,1,0,차대차 - 측면충돌,안전거리미확보,건조,맑음,단일로 - 기타,승용,남,23세,상해없음,이륜,남,16세,경상
2019082200100318,2019년 8월 22일 13시,목요일,전라북도 익산시 남중동,중상사고,0,1,0,0,차대차 - 측면충돌,안전운전불이행,건조,맑음,교차로 - 교차로부근,승용,여,56세,상해없음,자전거,남,77세,중상
2019082200100363,2019년 8월 22일 14시,목요일,전라북도 전주시 덕진구 인후동2가,중상사고,0,1,0,0,차대사람 - 횡단중,안전운전불이행,건조,맑음,단일로 - 기타,화물,남,56세,상해없음,보행자,여,72세,중상
2019082200100396,2019년 8월 22일 15시,목요일,전라북도 전주시 덕진구 금암동,경상사고,0,0,2,0,차대차 - 측면충돌,안전운전불이행,건조,맑음,단일로 - 기타,승용,남,62세,상해없음,승용,여,67세,경상
2019082200100474,2019년 8월 22일 17시,목요일,전라북도 군산시 문화동,경상사고,0,0,1,0,차대차 - 측면충돌,교차로운행방법위반,건조,맑음,교차로 - 교차로안,승용,남,72세,상해없음,승용,여,44세,경상
2019082200100475,2019년 8월 22일 17시,목요일,전라북도 익산시 신동,중상사고,0,1,0,0,차대차 - 측면충돌,신호위반,건조,맑음,교차로 - 교차로안,승용,남,24세,상해없음,승용,여,60세,중상
2019082200100572,2019년 8월 22일 19시,목요일,전라북도 군산시 대야면,경상사고,0,0,1,0,차대차 - 추돌,안전운전불이행,건조,맑음,교차로 - 교차로부근,화물,남,63세,상해없음,화물,남,59세,경상
2019082200100573,2019년 8월 22일 19시,목요일,전라북도 무주군 설천면,중상사고,0,1,0,0,차대사람 - 차도통행중,안전운전불이행,건조,맑음,단일로 - 지하차도(도로)내,승용,남,49세,상해없음,보행자,남,66세,중상
2019082200100613,2019년 8월 22일 20시,목요일,전라북도 군산시 나운동,경상사고,0,0,5,0,차대차 - 측면충돌,안전운전불이행,건조,맑음,단일로 - 기타,승용,여,19세,상해없음,승합,남,45세,경상
2019082200100614,2019년 8월 22일 20시,목요일,전라북도 군산시 오식도동,경상사고,0,0,2,0,차대차 - 추돌,안전운전불이행,건조,흐림,교차로 - 교차로부근,화물,남,71세,상해없음,승용,남,34세,경상
2019082200100638,2019년 8월 22일 21시,목요일,전라북도 전주시 완산구 효자동3가,경상사고,0,0,1,0,차대차 - 추돌,안전거리미확보,건조,기타,단일로 - 기타,승용,남,72세,상해없음,승용,남,60세,경상
2019082200100639,2019년 8월 22일 21시,목요일,전라북도 진안군 용담면,중상사고,0,1,0,0,차량단독 - 공작물충돌,안전운전불이행,건조,맑음,단일로 - 기타,승용,남,51세,중상,,,,
2019082200100685,2019년 8월 22일 23시,목요일,전라북도 전주시 완산구 중노송동,경상사고,0,0,4,0,차대차 - 정면충돌,신호위반,건조,기타,교차로 - 교차로안,승용,여,60세,상해없음,승용,남,47세,경상
2019082200100686,2019년 8월 22일 23시,목요일,전라북도 전주시 덕진구 산정동,중상사고,0,1,3,0,차대차 - 기타,신호위반,건조,맑음,단일로 - 기타,승용,남,29세,중상,승용,남,27세,경상
2019082200100687,2019년 8월 22일 23시,목요일,전라북도 전주시 덕진구 송천동2가,중상사고,0,1,0,0,차대차 - 추돌,안전운전불이행,건조,맑음,교차로 - 교차로부근,승용,남,40세,상해없음,승용,여,55세,중상
2019082300100047,2019년 8월 23일 01시,금요일,전라북도 전주시 덕진구 진북동,경상사고,0,0,1,0,차대차 - 측면충돌,신호위반,건조,맑음,교차로 - 교차로안,승용,여,49세,상해없음,승용,남,70세,경상
2019082300100069,2019년 8월 23일 03시,금요일,전라북도 전주시 덕진구 덕진동1가,경상사고,0,0,1,0,차대차 - 측면충돌,신호위반,건조,맑음,교차로 - 교차로안,승용,남,67세,상해없음,승합,남,50세,경상
2019082300100077,2019년 8월 23일 04시,금요일,전라북도 전주시 완산구 서신동,중상사고,0,2,1,0,차대차 - 측면충돌,신호위반,건조,기타,교차로 - 교차로안,승용,남,25세,경상,승용,남,36세,중상
2019082300100085,2019년 8월 23일 05시,금요일,전라북도 전주시 덕진구 금암동,경상사고,0,0,1,0,차대사람 - 기타,안전운전불이행,건조,맑음,단일로 - 기타,승용,남,32세,상해없음,보행자,남,21세,경상
2019082300100150,2019년 8월 23일 08시,금요일,전라북도 전주시 완산구 효자동3가,경상사고,0,0,1,0,차대차 - 측면충돌,안전거리미확보,건조,맑음,단일로 - 지하차도(도로)내,화물,남,63세,상해없음,승용,여,44세,경상
2019082300100252,2019년 8월 23일 11시,금요일,전라북도 군산시 오식도동,경상사고,0,0,4,0,차대차 - 기타,신호위반,건조,맑음,교차로 - 교차로안,승용,남,22세,상해없음,승용,남,22세,경상
2019082300100253,2019년 8월 23일 11시,금요일,전라북도 군산시 지곡동,경상사고,0,0,5,0,차대차 - 기타,신호위반,건조,맑음,교차로 - 교차로안,승용,남,77세,상해없음,승용,남,29세,경상
2019082300100320,2019년 8월 23일 13시,금요일,전라북도 정읍시 신태인읍,경상사고,0,0,2,0,차대차 - 측면충돌,신호위반,건조,맑음,교차로 - 교차로안,승용,여,55세,경상,승용,남,80세,경상
2019082300100356,2019년 8월 23일 14시,금요일,전라북도 전주시 완산구 효자동3가,중상사고,0,1,0,0,차대차 - 측면충돌,안전운전불이행,건조,맑음,교차로 - 교차로횡단보도내,승합,남,22세,상해없음,자전거,여,25세,중상
2019082300100357,2019년 8월 23일 14시,금요일,전라북도 무주군 적상면,사망사고,1,1,0,0,차량단독 - 전도전복 - 전도,안전운전불이행,건조,맑음,단일로 - 기타,승용,남,46세,중상,,,,
2019082300100385,2019년 8월 23일 15시,금요일,전라북도 남원시 하정동,중상사고,0,1,0,0,차대사람 - 기타,안전운전불이행,건조,맑음,단일로 - 기타,승용,남,56세,상해없음,보행자,여,73세,중상
2019082300100425,2019년 8월 23일 16시,금요일,전라북도 군산시 나운동,경상사고,0,0,1,0,차대차 - 기타,안전운전불이행,건조,맑음,단일로 - 기타,승합,남,55세,상해없음,자전거,남,31세,경상
2019082300100426,2019년 8월 23일 16시,금요일,전라북도 순창군 순창읍,사망사고,1,3,0,0,차대차 - 기타,신호위반,건조,맑음,교차로 - 교차로안,화물,남,48세,상해없음,승용,남,31세,중상
2019082300100476,2019년 8월 23일 17시,금요일,전라북도 전주시 덕진구 덕진동2가,경상사고,0,0,1,0,차대차 - 측면충돌,안전운전불이행,건조,맑음,교차로 - 교차로안,승용,여,57세,상해없음,승합,여,39세,경상
2019082300100477,2019년 8월 23일 17시,금요일,전라북도 익산시 남중동,경상사고,0,0,1,0,차대차 - 기타,안전운전불이행,건조,맑음,단일로 - 기타,승용,남,21세,상해없음,승용,남,28세,경상
2019082300100542,2019년 8월 23일 18시,금요일,전라북도 전주시 완산구 효자동3가,경상사고,0,0,1,0,차대차 - 측면충돌,교차로운행방법위반,건조,맑음,교차로 - 교차로안,승합,남,37세,상해없음,승용,남,26세,경상