사고번호,사고일시,요일,시군구,사고내용,사망자수,중상자수,경상자수,부상신고자수,사고유형,법규위반,노면상태,기상상태,도로형태,가해운전자 차종,가해운전자 성별,가해운전자 연령,가해운전자 상해정도,피해운전자 차종,피해운전자 성별,피해운전자 연령,피해운전자 상해정도
2019082300100543,2019년 8월 23일 18시,금요일,전라북도 군산시 나운동,경상사고,0,0,1,0,차대차 - 추돌,안전거리미확보,건조,맑음,교차로 - 교차로안,승용,남,60세,상해없음,화물,남,54세,경상
2019082300100583,2019년 8월 23일 19시,금요일,전라북도 전주시 완산구 중노송동,경상사고,0,0,1,0,차대차 - 측면충돌,안전운전불이행,건조,맑음,단일로 - 기타,승합,남,69세,상해없음,승용,남,54세,경상
2019082400100053,2019년 8월 24일 01시,토요일,전라북도 익산시 모현동1가,중상사고,0,1,0,0,차대사람 - 횡단중,안전운전불이행,건조,맑음,단일로 - 기타,화물,남,28세,상해없음,보행자,남,41세,중상
2019082400100054,2019년 8월 24일 01시,토요일,전라북도 김제시 입석동,경상사고,0,0,2,0,차대차 - 정면충돌,안전운전불이행,건조,맑음,단일로 - 기타,화물,남,60세,상해없음,화물,남,51세,상해없음
2019082400100070,2019년 8월 24일 02시,토요일,전라북도 익산시 영등동,경상사고,0,0,1,0,차대차 - 추돌,안전운전불이행,건조,맑음,단일로 - 기타,승용,남,59세,상해없음,화물,남,61세,경상
2019082400100071,2019년 8월 24일 02시,토요일,전라북도 익산시 주현동,경상사고,0,0,1,0,차대차 - 측면충돌,안전운전불이행,건조,맑음,단일로 - 기타,승용,남,28세,경상,승용,남,44세,기타불명
2019082400100113,2019년 8월 24일 05시,토요일,전라북도 전주시 덕진구 반월동,중상사고,0,1,0,0,차대사람 - 횡단중,안전운전불이행,건조,맑음,단일로 - 기타,화물,남,70세,상해없음,보행자,남,23세,중상
2019082400100140,2019년 8월 24일 07시,토요일,전라북도 군산시 나운동,경상사고,0,0,3,0,차대차 - 기타,안전운전불이행,건조,맑음,교차로 - 교차로안,승용,여,53세,상해없음,승용,남,36세,경상
2019082400100141,2019년 8월 24일 07시,토요일,전라북도 순창군 쌍치면,부상신고사고,0,0,0,1,차대차 - 기타,신호위반,건조,맑음,교차로 - 교차로안,화물,남,53세,부상신고,건설기계,남,45세,상해없음
2019082400100162,2019년 8월 24일 08시,토요일,전라북도 익산시 용안면,경상사고,0,0,1,0,차대차 - 측면충돌,안전운전불이행,건조,맑음,단일로 - 기타,승용,여,65세,상해없음,화물,남,66세,경상
2019082400100208,2019년 8월 24일 10시,토요일,전라북도 익산시 황등면,경상사고,0,0,1,0,차대사람 - 횡단중,안전운전불이행,건조,맑음,단일로 - 기타,승용,남,67세,상해없음,보행자,여,71세,경상
2019082400100239,2019년 8월 24일 11시,토요일,전라북도 김제시 금구면,사망사고,1,0,0,0,차량단독 - 도로외이탈 - 추락,안전운전불이행,건조,맑음,교차로 - 교차로안,화물,남,61세,사망,,,,
2019082400100288,2019년 8월 24일 12시,토요일,전라북도 전주시 완산구 효자동1가,중상사고,0,1,0,0,차대사람 - 차도통행중,안전운전불이행,건조,맑음,기타 - 기타,승용,여,50세,상해없음,보행자,남,78세,중상
2019082400100315,2019년 8월 24일 13시,토요일,전라북도 전주시 덕진구 덕진동1가,경상사고,0,0,2,0,차대차 - 추돌,안전운전불이행,건조,맑음,교차로 - 교차로안,승용,남,53세,상해없음,승용,여,27세,경상
2019082400100460,2019년 8월 24일 17시,토요일,전라북도 남원시 향교동,중상사고,0,1,0,0,차대차 - 측면충돌,안전운전불이행,건조,맑음,교차로 - 교차로안,승용,남,65세,상해없음,이륜,남,33세,중상
2019082400100492,2019년 8월 24일 18시,토요일,전라북도 익산시 마동,중상사고,0,1,0,0,차대차 - 측면충돌,교차로운행방법위반,건조,맑음,교차로 - 교차로안,승용,남,57세,상해없음,이륜,남,60세,중상
2019082400100493,2019년 8월 24일 18시,토요일,전라북도 전주시 덕진구 화전동,경상사고,0,0,1,0,차대차 - 기타,안전거리미확보,건조,맑음,단일로 - 기타,승합,남,51세,상해없음,승용,남,24세,경상
2019082400100558,2019년 8월 24일 20시,토요일,전라북도 익산시 남중동,경상사고,0,0,1,0,차대차 - 측면충돌,안전거리미확보,건조,맑음,교차로 - 교차로안,승용,여,59세,상해없음,승용,남,29세,경상
2019082400100559,2019년 8월 24일 20시,토요일,전라북도 익산시 중앙동1가,경상사고,0,0,2,0,차대차 - 추돌,안전운전불이행,건조,맑음,교차로 - 교차로부근,승용,남,44세,상해없음,승용,남,26세,경상
2019082400100560,2019년 8월 24일 20시,토요일,전라북도 순창군 순창읍,중상사고,0,1,0,0,차대차 - 추돌,안전운전불이행,건조,맑음,단일로 - 기타,승용,여,38세,상해없음,승용,남,57세,상해없음
2019082400100596,2019년 8월 24일 21시,토요일,전라북도 김제시 금산면,경상사고,0,0,2,0,차대차 - 기타,기타,기타,흐림,교차로 - 교차로안,승용,여,50세,상해없음,승용,남,30세,경상
2019082400100629,2019년 8월 24일 22시,토요일,전라북도 전주시 완산구 효자동3가,경상사고,0,0,3,0,차대차 - 측면충돌,직진우회전진행방해,건조,맑음,교차로 - 교차로안,승용,남,50세,경상,승용,남,25세,경상
2019082400100630,2019년 8월 24일 22시,토요일,전라북도 군산시 나운동,중상사고,0,1,0,0,차대차 - 기타,안전거리미확보,건조,맑음,단일로 - 기타,승용,남,50세,상해없음,승용,남,44세,중상
2019082500100078,2019년 8월 25일 05시,일요일,전라북도 군산시 조촌동,경상사고,0,0,2,0,차대차 - 추돌,안전운전불이행,건조,맑음,교차로 - 교차로안,승용,남,23세,상해없음,승용,남,63세,경상
2019082500100143,2019년 8월 25일 10시,일요일,전라북도 전주시 덕진구 진북동,경상사고,0,0,1,0,차대차 - 측면충돌,신호위반,건조,맑음,교차로 - 교차로부근,승용,남,66세,상해없음,승용,여,51세,경상
2019082500100167,2019년 8월 25일 11시,일요일,전라북도 김제시 교동,중상사고,0,1,0,0,차대차 - 측면충돌,신호위반,건조,맑음,교차로 - 교차로안,화물,남,69세,상해없음,승용,남,44세,중상
2019082500100199,2019년 8월 25일 12시,일요일,전라북도 전주시 완산구 서신동,중상사고,0,1,0,0,차대차 - 측면충돌,신호위반,건조,맑음,교차로 - 교차로안,승용,남,78세,상해없음,승용,여,69세,중상
2019082500100299,2019년 8월 25일 15시,일요일,전라북도 전주시 덕진구 반월동,경상사고,0,0,1,0,차대차 - 기타,안전거리미확보,건조,맑음,교차로 - 교차로부근,승용,남,54세,상해없음,승용,남,66세,경상
2019082500100300,2019년 8월 25일 15시,일요일,전라북도 군산시 대야면,경상사고,0,0,7,0,차대차 - 추돌,안전운전불이행,건조,맑음,단일로 - 기타,승용,남,26세,상해없음,승용,남,20세,경상
2019082500100340,2019년 8월 25일 16시,일요일,전라북도 군산시 금암동,경상사고,0,0,3,0,차대차 - 측면충돌,안전운전불이행,건조,맑음,단일로 - 기타,승용,남,69세,상해없음,승용,여,37세,경상
2019082500100366,2019년 8월 25일 17시,일요일,전라북도 군산시 나운동,경상사고,0,0,1,0,차대차 - 측면충돌,신호위반,건조,맑음,교차로 - 교차로안,이륜,남,24세,상해없음,승용,남,24세,경상
2019082500100400,2019년 8월 25일 18시,일요일,전라북도 부안군 줄포면,경상사고,0,0,1,0,차대차 - 추돌,중앙선침범,건조,맑음,단일로 - 기타,승용,남,72세,상해없음,승용,남,51세,경상
2019082500100474,2019년 8월 25일 20시,일요일,전라북도 김제시 금구면,중상사고,0,2,0,0,차대차 - 추돌,안전운전불이행,건조,맑음,교차로 - 교차로부근,승용,남,62세,상해없음,승용,남,29세,중상
2019082600100056,2019년 8월 26일 03시,월요일,전라북도 전주시 완산구 효자동3가,경상사고,0,0,3,0,차대차 - 측면충돌,신호위반,건조,맑음,교차로 - 교차로안,승용,남,20세,상해없음,승용,남,48세,경상
2019082600100073,2019년 8월 26일 05시,월요일,전라북도 전주시 덕진구 팔복동2가,중상사고,0,1,0,0,차대차 - 측면충돌,교차로운행방법위반,건조,맑음,교차로 - 교차로안,화물,남,46세,상해없음,자전거,남,81세,중상
2019082600100124,2019년 8월 26일 07시,월요일,전라북도 김제시 백산면,경상사고,0,0,2,0,차대차 - 측면충돌,교차로운행방법위반,건조,맑음,교차로 - 교차로안,특수,남,64세,상해없음,승용,여,50세,경상
2019082600100125,2019년 8월 26일 07시,월요일,전라북도 김제시 흥사동,경상사고,0,0,1,0,차대차 - 기타,차로위반,건조,맑음,단일로 - 기타,건설기계,남,65세,상해없음,승용,남,29세,경상
2019082600100126,2019년 8월 26일 07시,월요일,전라북도 부안군 계화면,경상사고,0,0,2,0,차대차 - 추돌,안전운전불이행,건조,맑음,교차로 - 교차로안,승용,남,66세,상해없음,승용,여,35세,경상
2019082600100156,2019년 8월 26일 08시,월요일,전라북도 익산시 마동,경상사고,0,0,1,0,차대차 - 측면충돌,신호위반,건조,맑음,교차로 - 교차로안,승용,여,39세,상해없음,승용,여,52세,경상
2019082600100157,2019년 8월 26일 08시,월요일,전라북도 완주군 삼례읍,중상사고,0,1,0,0,차대차 - 기타,안전거리미확보,건조,맑음,교차로 - 교차로부근,화물,남,46세,상해없음,승용,여,56세,중상
2019082600100198,2019년 8월 26일 09시,월요일,전라북도 정읍시 감곡면,경상사고,0,0,1,0,차대차 - 측면충돌,직진우회전진행방해,건조,맑음,교차로 - 교차로안,승용,남,69세,경상,건설기계,남,40세,상해없음
2019082600100239,2019년 8월 26일 10시,월요일,전라북도 전주시 완산구 삼천동1가,경상사고,0,0,2,0,차대차 - 기타,차로위반,건조,맑음,단일로 - 기타,승용,여,43세,상해없음,승용,남,36세,경상
2019082600100240,2019년 8월 26일 10시,월요일,전라북도 익산시 마동,중상사고,0,1,0,0,차대사람 - 횡단중,안전운전불이행,건조,맑음,단일로 - 기타,승용,남,50세,기타불명,보행자,여,77세,중상
2019082600100241,2019년 8월 26일 10시,월요일,전라북도 김제시 금산면,중상사고,0,1,0,0,차대차 - 정면충돌,교차로운행방법위반,건조,맑음,단일로 - 기타,승용,남,71세,상해없음,개인형이동수단(PM),남,81세,중상
2019082600100278,2019년 8월 26일 11시,월요일,전라북도 익산시 모현동1가,중상사고,0,1,0,0,차대사람 - 횡단중,안전운전불이행,건조,맑음,단일로 - 기타,승합,남,73세,상해없음,보행자,여,72세,중상
2019082600100320,2019년 8월 26일 12시,월요일,전라북도 군산시 나운동,중상사고,0,1,0,0,차대차 - 측면충돌,직진우회전진행방해,건조,맑음,교차로 - 교차로안,승용,여,41세,상해없음,이륜,남,36세,중상
2019082600100321,2019년 8월 26일 12시,월요일,전라북도 익산시 신동,중상사고,0,1,0,0,차대차 - 측면충돌,안전거리미확보,건조,맑음,교차로 - 교차로안,화물,남,20세,상해없음,이륜,남,25세,중상
2019082600100350,2019년 8월 26일 13시,월요일,전라북도 전주시 완산구 중앙동3가,경상사고,0,0,1,0,차대차 - 측면충돌,차로위반,건조,맑음,단일로 - 기타,승용,남,66세,상해없음,이륜,남,52세,경상
2019082600100351,2019년 8월 26일 13시,월요일,전라북도 익산시 왕궁면,경상사고,0,0,1,0,차대차 - 측면충돌,안전운전불이행,건조,맑음,단일로 - 기타,승용,여,71세,상해없음,승용,남,28세,경상
2019082600100352,2019년 8월 26일 13시,월요일,전라북도 완주군 봉동읍,중상사고,0,1,0,0,차대차 - 기타,직진우회전진행방해,건조,맑음,교차로 - 교차로안,승용,여,31세,상해없음,원동기,남,73세,중상
2019082600100387,2019년 8월 26일 14시,월요일,전라북도 전주시 완산구 삼천동1가,경상사고,0,0,1,0,차대차 - 추돌,안전운전불이행,건조,맑음,교차로 - 교차로부근,승용,여,21세,상해없음,승용,여,62세,경상
2019082600100474,2019년 8월 26일 16시,월요일,전라북도 정읍시 송산동,경상사고,0,0,4,0,차대차 - 측면충돌,교차로운행방법위반,건조,맑음,교차로 - 교차로안,승용,여,42세,경상,승용,남,62세,경상
2019082600100475,2019년 8월 26일 16시,월요일,전라북도 남원시 송동면,중상사고,0,1,0,0,차대차 - 측면충돌,중앙선침범,건조,맑음,교차로 - 교차로안,화물,남,53세,상해없음,이륜,남,58세,중상
2019082600100561,2019년 8월 26일 18시,월요일,전라북도 전주시 덕진구 덕진동2가,중상사고,0,1,0,0,차대차 - 측면충돌,기타,건조,맑음,단일로 - 기타,승용,남,51세,상해없음,이륜,남,21세,중상
2019082600100603,2019년 8월 26일 19시,월요일,전라북도 익산시 어양동,중상사고,0,1,2,0,차대차 - 측면충돌,신호위반,건조,맑음,교차로 - 교차로안,승용,남,27세,상해없음,승용,여,33세,중상
2019082600100686,2019년 8월 26일 22시,월요일,전라북도 전주시 완산구 효자동2가,경상사고,0,0,2,0,차대차 - 추돌,안전운전불이행,건조,맑음,교차로 - 교차로부근,승용,남,46세,상해없음,승용,여,51세,경상
2019082600100687,2019년 8월 26일 22시,월요일,전라북도 군산시 임피면,중상사고,0,1,2,1,차대차 - 추돌,과속,건조,맑음,단일로 - 기타,승용,남,28세,부상신고,승용,남,42세,경상
2019082600100688,2019년 8월 26일 22시,월요일,전라북도 정읍시 입암면,경상사고,0,0,1,0,차량단독 - 기타,안전운전불이행,건조,맑음,단일로 - 기타,이륜,남,60세,경상,,,,
2019082700100125,2019년 8월 27일 07시,화요일,전라북도 군산시 수송동,경상사고,0,0,3,0,차대차 - 측면충돌,중앙선침범,젖음/습기,흐림,단일로 - 지하차도(도로)내,승용,남,51세,상해없음,승용,남,55세,경상
2019082700100126,2019년 8월 27일 07시,화요일,전라북도 익산시 부송동,경상사고,0,0,1,0,차대차 - 측면충돌,안전운전불이행,건조,맑음,단일로 - 기타,승합,남,50세,상해없음,승용,여,23세,경상
2019082700100127,2019년 8월 27일 07시,화요일,전라북도 무주군 안성면,중상사고,0,1,0,0,차대사람 - 기타,안전운전불이행,건조,흐림,단일로 - 지하차도(도로)내,승용,여,63세,상해없음,보행자,여,86세,중상
2019082700100160,2019년 8월 27일 08시,화요일,전라북도 군산시 산북동,경상사고,0,0,1,0,차대사람 - 횡단중,안전운전불이행,젖음/습기,비,교차로 - 교차로부근,승용,남,60세,상해없음,보행자,여,22세,경상
2019082700100161,2019년 8월 27일 08시,화요일,전라북도 김제시 만경읍,중상사고,0,1,2,0,차대차 - 추돌,안전운전불이행,젖음/습기,비,단일로 - 기타,승용,여,35세,경상,승용,남,25세,상해없음
2019082700100162,2019년 8월 27일 08시,화요일,전라북도 남원시 아영면,경상사고,0,0,1,0,차대차 - 기타,중앙선침범,건조,맑음,단일로 - 기타,승용,여,57세,상해없음,이륜,남,74세,경상
2019082700100163,2019년 8월 27일 08시,화요일,전라북도 부안군 하서면,경상사고,0,0,1,0,차대차 - 측면충돌,안전운전불이행,젖음/습기,비,교차로 - 교차로안,승용,남,57세,상해없음,승용,여,56세,경상
2019082700100207,2019년 8월 27일 09시,화요일,전라북도 전주시 덕진구 송천동1가,경상사고,0,0,2,0,차대차 - 측면충돌,신호위반,건조,흐림,교차로 - 교차로안,승용,여,58세,상해없음,승용,남,65세,경상
2019082700100208,2019년 8월 27일 09시,화요일,전라북도 남원시 향교동,경상사고,0,0,3,0,차대차 - 측면충돌,안전운전불이행,젖음/습기,흐림,단일로 - 기타,농기계,남,83세,경상,화물,남,59세,상해없음
2019082700100238,2019년 8월 27일 10시,화요일,전라북도 군산시 수송동,경상사고,0,0,1,0,차대차 - 기타,안전운전불이행,젖음/습기,비,단일로 - 기타,승용,남,73세,상해없음,승용,여,42세,경상
2019082700100266,2019년 8월 27일 11시,화요일,전라북도 군산시 월명동,경상사고,0,0,1,0,차대차 - 측면충돌,신호위반,젖음/습기,흐림,교차로 - 교차로안,승용,여,57세,기타불명,승용,남,62세,경상
2019082700100318,2019년 8월 27일 13시,화요일,전라북도 익산시 남중동,경상사고,0,0,1,0,차대사람 - 기타,안전운전불이행,건조,맑음,교차로 - 교차로안,승용,여,67세,상해없음,보행자,남,35세,경상
2019082700100359,2019년 8월 27일 14시,화요일,전라북도 김제시 검산동,경상사고,0,0,4,0,차대차 - 측면충돌,불법유턴,건조,맑음,단일로 - 기타,화물,남,19세,경상,승용,남,47세,경상
2019082700100401,2019년 8월 27일 15시,화요일,전라북도 군산시 수송동,경상사고,0,0,2,0,차대차 - 측면충돌,교차로운행방법위반,건조,맑음,교차로 - 교차로안,승합,남,54세,상해없음,승용,여,29세,경상
2019082700100402,2019년 8월 27일 15시,화요일,전라북도 임실군 청웅면,경상사고,0,0,1,0,차대차 - 측면충돌,중앙선침범,젖음/습기,흐림,단일로 - 기타,승용,남,45세,기타불명,승합,여,50세,상해없음
2019082700100432,2019년 8월 27일 16시,화요일,전라북도 김제시 용지면,경상사고,0,0,1,0,차량단독 - 기타,안전운전불이행,건조,맑음,단일로 - 기타,이륜,남,58세,경상,,,,
2019082700100478,2019년 8월 27일 17시,화요일,전라북도 군산시 지곡동,경상사고,0,0,2,0,차대차 - 측면충돌,신호위반,건조,맑음,교차로 - 교차로안,이륜,여,55세,경상,승용,여,26세,경상
2019082700100516,2019년 8월 27일 18시,화요일,전라북도 전주시 덕진구 금암동,경상사고,0,0,2,0,차대차 - 추돌,안전운전불이행,건조,맑음,단일로 - 기타,승용,남,54세,기타불명,승용,남,49세,경상
2019082700100517,2019년 8월 27일 18시,화요일,전라북도 전주시 덕진구 송천동2가,경상사고,0,0,4,0,차대차 - 측면충돌,안전거리미확보,건조,맑음,교차로 - 교차로안,승용,남,27세,기타불명,승용,남,41세,경상
2019082700100556,2019년 8월 27일 19시,화요일,전라북도 익산시 남중동,부상신고사고,0,0,0,1,차대차 - 정면충돌,중앙선침범,건조,맑음,단일로 - 기타,자전거,남,53세,부상신고,승용,남,38세,상해없음
2019082700100629,2019년 8월 27일 21시,화요일,전라북도 전주시 완산구 효자동2가,경상사고,0,0,1,0,차대차 - 측면충돌,교차로운행방법위반,건조,맑음,교차로 - 교차로부근,승용,여,40세,상해없음,승용,남,34세,경상
2019082700100645,2019년 8월 27일 22시,화요일,전라북도 전주시 완산구 효자동2가,경상사고,0,0,1,0,차대차 - 측면충돌,신호위반,건조,맑음,교차로 - 교차로안,이륜,남,20세,상해없음,승용,여,35세,경상
2019082700100646,2019년 8월 27일 22시,화요일,전라북도 남원시 향교동,경상사고,0,0,1,0,차대사람 - 횡단중,보행자보호의무위반,젖음/습기,비,교차로 - 교차로안,승용,남,24세,상해없음,보행자,여,37세,경상
2019082700100665,2019년 8월 27일 23시,화요일,전라북도 전주시 덕진구 인후동1가,경상사고,0,0,4,0,차대차 - 추돌,안전운전불이행,건조,맑음,교차로 - 교차로부근,화물,남,37세,기타불명,승용,남,55세,경상
2019082800100072,2019년 8월 28일 05시,수요일,전라북도 전주시 완산구 효자동3가,경상사고,0,0,1,0,차대차 - 측면충돌,신호위반,건조,맑음,교차로 - 교차로안,승용,남,19세,상해없음,승용,남,39세,경상
2019082800100073,2019년 8월 28일 05시,수요일,전라북도 정읍시 삼산동,중상사고,0,2,0,0,차대차 - 추돌,안전운전불이행,건조,맑음,단일로 - 기타,화물,남,73세,상해없음,농기계,남,82세,중상
2019082800100083,2019년 8월 28일 06시,수요일,전라북도 전주시 완산구 효자동1가,경상사고,0,0,1,0,차대차 - 추돌,안전운전불이행,건조,맑음,단일로 - 기타,승용,남,62세,상해없음,승용,남,31세,경상
2019082800100101,2019년 8월 28일 07시,수요일,전라북도 전주시 덕진구 호성동2가,중상사고,0,1,0,0,차대차 - 측면충돌,안전운전불이행,젖음/습기,비,교차로 - 교차로안,승용,남,48세,기타불명,승용,남,68세,중상
2019082800100102,2019년 8월 28일 07시,수요일,전라북도 군산시 미장동,경상사고,0,0,1,0,차대차 - 측면충돌,신호위반,건조,맑음,교차로 - 교차로안,승합,남,53세,상해없음,승용,여,27세,경상
2019082800100103,2019년 8월 28일 07시,수요일,전라북도 부안군 동진면,중상사고,0,1,3,0,차대차 - 추돌,안전운전불이행,건조,흐림,단일로 - 기타,화물,남,30세,경상,화물,여,45세,경상
2019082800100104,2019년 8월 28일 07시,수요일,전라북도 완주군 소양면,경상사고,0,0,1,0,차대차 - 기타,안전운전불이행,건조,맑음,단일로 - 기타,화물,남,63세,상해없음,승용,남,38세,경상
2019082800100184,2019년 8월 28일 09시,수요일,전라북도 김제시 금산면,경상사고,0,0,1,0,차대차 - 측면충돌,교차로운행방법위반,건조,맑음,교차로 - 교차로안,승용,여,55세,상해없음,승용,남,26세,경상
2019082800100338,2019년 8월 28일 14시,수요일,전라북도 군산시 오식도동,경상사고,0,0,1,0,차대차 - 기타,신호위반,건조,흐림,교차로 - 교차로안,화물,남,67세,상해없음,승용,남,58세,경상
2019082800100370,2019년 8월 28일 15시,수요일,전라북도 전주시 완산구 서노송동,중상사고,0,1,1,0,차대차 - 측면충돌,신호위반,건조,맑음,교차로 - 교차로안,승용,남,55세,경상,승용,여,61세,중상
2019082800100371,2019년 8월 28일 15시,수요일,전라북도 완주군 구이면,중상사고,0,1,0,0,차대사람 - 기타,불법유턴,건조,맑음,기타 - 기타,승용,여,61세,상해없음,보행자,여,82세,중상
2019082800100408,2019년 8월 28일 16시,수요일,전라북도 익산시 어양동,경상사고,0,0,1,0,차대사람 - 기타,안전운전불이행,건조,맑음,기타 - 기타,기타불명,기타불명,미분류,기타불명,보행자,여,56세,경상
2019082800100447,2019년 8월 28일 17시,수요일,전라북도 군산시 수송동,경상사고,0,0,1,0,차대차 - 기타,차로위반,건조,맑음,교차로 - 교차로부근,승용,남,45세,상해없음,승용,남,34세,경상
2019082800100492,2019년 8월 28일 18시,수요일,전라북도 군산시 옥산면,경상사고,0,0,2,0,차대차 - 측면충돌,안전운전불이행,건조,맑음,단일로 - 지하차도(도로)내,화물,남,62세,경상,승용,여,52세,경상
2019082800100542,2019년 8월 28일 19시,수요일,전라북도 전주시 완산구 효자동3가,경상사고,0,0,2,0,차대차 - 추돌,안전운전불이행,건조,맑음,단일로 - 기타,승용,남,49세,상해없음,승용,여,56세,경상
2019082800100543,2019년 8월 28일 19시,수요일,전라북도 전주시 덕진구 전미동1가,중상사고,0,1,0,0,차대차 - 측면충돌,안전운전불이행,건조,흐림,교차로 - 교차로안,승용,남,50세,상해없음,이륜,여,71세,중상
2019082800100544,2019년 8월 28일 19시,수요일,전라북도 군산시 수송동,경상사고,0,0,1,0,차대사람 - 횡단중,안전운전불이행,건조,맑음,교차로 - 교차로안,승용,여,64세,상해없음,보행자,여,48세,경상
2019082800100577,2019년 8월 28일 20시,수요일,전라북도 전주시 완산구 효자동3가,경상사고,0,0,3,0,차대차 - 측면충돌,안전운전불이행,건조,맑음,교차로 - 교차로안,승용,남,58세,경상,승용,남,52세,경상
2019082800100578,2019년 8월 28일 20시,수요일,전라북도 남원시 산동면,중상사고,0,1,0,0,차대사람 - 횡단중,안전운전불이행,건조,맑음,교차로 - 교차로안,승용,남,60세,상해없음,보행자,여,73세,중상
2019082800100596,2019년 8월 28일 21시,수요일,전라북도 전주시 완산구 중화산동2가,경상사고,0,0,1,0,차대차 - 측면충돌,안전운전불이행,건조,맑음,교차로 - 교차로안,승용,남,63세,상해없음,이륜,남,25세,경상
2019082800100643,2019년 8월 28일 23시,수요일,전라북도 전주시 완산구 서서학동,중상사고,0,1,0,0,차대차 - 측면충돌,신호위반,건조,맑음,교차로 - 교차로안,승용,남,37세,상해없음,이륜,남,32세,중상
2019082800100644,2019년 8월 28일 23시,수요일,전라북도 전주시 완산구 효자동1가,경상사고,0,0,1,0,차대차 - 측면충돌,과속,건조,맑음,단일로 - 기타,승용,남,50세,상해없음,승용,남,27세,경상
2019082800100645,2019년 8월 28일 23시,수요일,전라북도 군산시 수송동,경상사고,0,0,1,0,차량단독 - 공작물충돌,안전운전불이행,건조,맑음,단일로 - 지하차도(도로)내,승용,남,39세,경상,,,,
2019082900100032,2019년 8월 29일 00시,목요일,전라북도 전주시 완산구 중화산동2가,중상사고,0,1,0,0,차대차 - 추돌,안전운전불이행,건조,맑음,교차로 - 교차로부근,승용,남,60세,상해없음,승용,남,32세,중상
2019082900100033,2019년 8월 29일 00시,목요일,전라북도 전주시 덕진구 송천동2가,경상사고,0,0,1,0,차대차 - 기타,안전운전불이행,건조,맑음,교차로 - 교차로안,승용,남,29세,상해없음,승용,남,63세,경상
2019082900100068,2019년 8월 29일 05시,목요일,전라북도 전주시 완산구 효자동2가,중상사고,0,3,0,0,차대차 - 측면충돌,신호위반,건조,맑음,교차로 - 교차로안,승용,남,29세,중상,승용,남,56세,중상
2019082900100116,2019년 8월 29일 08시,목요일,전라북도 남원시 신정동,중상사고,0,1,0,0,차량단독 - 공작물충돌,안전운전불이행,건조,맑음,교차로 - 교차로부근,승용,여,79세,중상,,,,
2019082900100117,2019년 8월 29일 08시,목요일,전라북도 진안군 진안읍,경상사고,0,0,3,0,차량단독 - 도로외이탈 - 추락,안전운전불이행,건조,맑음,단일로 - 기타,승용,남,27세,경상,,,,
2019082900100156,2019년 8월 29일 09시,목요일,전라북도 전주시 덕진구 덕진동1가,중상사고,0,1,0,0,차대차 - 측면충돌,교차로운행방법위반,건조,맑음,교차로 - 교차로안,승용,남,64세,상해없음,이륜,남,79세,중상
2019082900100157,2019년 8월 29일 09시,목요일,전라북도 익산시 신동,경상사고,0,0,1,0,차대차 - 측면충돌,안전운전불이행,건조,맑음,교차로 - 교차로부근,화물,남,57세,상해없음,승용,남,67세,경상
2019082900100158,2019년 8월 29일 09시,목요일,전라북도 익산시 부송동,중상사고,0,1,0,0,차대차 - 측면충돌,안전운전불이행,건조,맑음,단일로 - 기타,승용,남,48세,상해없음,이륜,남,34세,중상
2019082900100208,2019년 8월 29일 11시,목요일,전라북도 군산시 소룡동,경상사고,0,0,1,0,차대차 - 추돌,안전운전불이행,건조,맑음,교차로 - 교차로부근,특수,남,51세,상해없음,특수,남,45세,경상
2019082900100209,2019년 8월 29일 11시,목요일,전라북도 정읍시 상동,경상사고,0,0,1,0,차대차 - 기타,안전운전불이행,건조,흐림,단일로 - 기타,화물,남,48세,상해없음,자전거,남,77세,경상
2019082900100210,2019년 8월 29일 11시,목요일,전라북도 부안군 부안읍,중상사고,0,1,0,0,차대사람 - 길가장자리구역통행중,안전운전불이행,건조,맑음,교차로 - 교차로부근,승용,남,70세,상해없음,보행자,여,65세,중상
2019082900100211,2019년 8월 29일 11시,목요일,전라북도 임실군 운암면,경상사고,0,0,1,0,차대차 - 추돌,안전거리미확보,건조,맑음,단일로 - 기타,승용,남,46세,상해없음,승용,남,38세,경상
2019082900100272,2019년 8월 29일 13시,목요일,전라북도 전주시 완산구 서신동,경상사고,0,0,1,0,차대차 - 측면충돌,안전운전불이행,건조,맑음,교차로 - 교차로횡단보도내,승용,여,61세,상해없음,승용,남,35세,경상
2019082900100273,2019년 8월 29일 13시,목요일,전라북도 전주시 덕진구 인후동2가,경상사고,0,0,1,0,차대차 - 기타,안전운전불이행,건조,맑음,단일로 - 기타,승용,남,76세,상해없음,승용,여,34세,경상
2019082900100274,2019년 8월 29일 13시,목요일,전라북도 김제시 백구면,중상사고,0,1,0,0,차대차 - 측면충돌,차로위반,건조,맑음,단일로 - 기타,화물,남,44세,상해없음,승용,여,54세,중상
2019082900100334,2019년 8월 29일 15시,목요일,전라북도 익산시 모현동2가,사망사고,1,0,0,0,차대사람 - 횡단중,보행자보호의무위반,건조,맑음,교차로 - 교차로횡단보도내,화물,남,27세,상해없음,보행자,남,75세,사망
2019082900100335,2019년 8월 29일 15시,목요일,전라북도 익산시 여산면,경상사고,0,0,1,0,차대차 - 추돌,안전운전불이행,건조,맑음,교차로 - 교차로부근,승용,남,40세,상해없음,승용,여,32세,경상