사고번호,사고일시,요일,시군구,사고내용,사망자수,중상자수,경상자수,부상신고자수,사고유형,법규위반,노면상태,기상상태,도로형태,가해운전자 차종,가해운전자 성별,가해운전자 연령,가해운전자 상해정도,피해운전자 차종,피해운전자 성별,피해운전자 연령,피해운전자 상해정도
2019082900100377,2019년 8월 29일 16시,목요일,전라북도 정읍시 수성동,경상사고,0,0,1,0,차대차 - 측면충돌,신호위반,건조,맑음,단일로 - 기타,승합,여,54세,상해없음,승용,여,54세,경상
2019082900100378,2019년 8월 29일 16시,목요일,전라북도 장수군 계남면,중상사고,0,1,1,0,차대차 - 측면충돌,직진우회전진행방해,건조,맑음,교차로 - 교차로안,승용,여,45세,경상,승용,여,68세,중상
2019082900100420,2019년 8월 29일 17시,목요일,전라북도 임실군 임실읍,경상사고,0,0,1,0,차대차 - 측면충돌,교차로운행방법위반,건조,맑음,교차로 - 교차로안,화물,남,33세,상해없음,승용,남,52세,경상
2019082900100533,2019년 8월 29일 19시,목요일,전라북도 정읍시 정우면,중상사고,0,1,0,0,차대사람 - 길가장자리구역통행중,안전운전불이행,건조,맑음,단일로 - 기타,화물,남,72세,상해없음,보행자,여,73세,중상
2019082900100617,2019년 8월 29일 21시,목요일,전라북도 익산시 어양동,경상사고,0,0,1,0,차대차 - 기타,교차로운행방법위반,건조,맑음,교차로 - 교차로안,승용,남,38세,상해없음,이륜,남,38세,경상
2019082900100657,2019년 8월 29일 22시,목요일,전라북도 군산시 나운동,경상사고,0,0,1,0,차대차 - 측면충돌,신호위반,건조,기타,교차로 - 교차로안,승합,남,54세,상해없음,승용,남,69세,경상
2019083000100033,2019년 8월 30일 00시,금요일,전라북도 정읍시 시기동,중상사고,0,1,0,0,차대차 - 측면충돌,안전거리미확보,건조,맑음,단일로 - 기타,승용,남,28세,기타불명,이륜,남,26세,중상
2019083000100071,2019년 8월 30일 05시,금요일,전라북도 전주시 완산구 중화산동1가,경상사고,0,0,1,0,차대사람 - 횡단중,신호위반,건조,맑음,기타 - 기타,이륜,여,53세,상해없음,보행자,여,53세,경상
2019083000100108,2019년 8월 30일 07시,금요일,전라북도 전주시 덕진구 덕진동2가,경상사고,0,0,1,0,차대차 - 추돌,안전운전불이행,건조,맑음,단일로 - 기타,화물,남,45세,상해없음,승용,여,64세,경상
2019083000100109,2019년 8월 30일 07시,금요일,전라북도 군산시 산북동,경상사고,0,0,1,0,차대차 - 기타,교차로운행방법위반,건조,기타,교차로 - 교차로안,승용,남,62세,상해없음,자전거,남,48세,경상
2019083000100147,2019년 8월 30일 08시,금요일,전라북도 익산시 부송동,경상사고,0,0,2,0,차대차 - 추돌,안전운전불이행,건조,맑음,교차로 - 교차로부근,화물,남,46세,상해없음,화물,남,41세,경상
2019083000100148,2019년 8월 30일 08시,금요일,전라북도 정읍시 북면,경상사고,0,0,1,0,차대차 - 측면충돌,불법유턴,건조,맑음,단일로 - 기타,승용,남,23세,상해없음,화물,남,65세,경상
2019083000100223,2019년 8월 30일 10시,금요일,전라북도 익산시 남중동,경상사고,0,0,1,0,차대차 - 후진중충돌,안전운전불이행,건조,맑음,교차로 - 교차로안,승용,여,52세,상해없음,승용,남,76세,경상
2019083000100224,2019년 8월 30일 10시,금요일,전라북도 익산시 황등면,경상사고,0,0,1,0,차대차 - 추돌,안전운전불이행,건조,맑음,교차로 - 교차로부근,승용,남,84세,상해없음,화물,남,65세,경상
2019083000100225,2019년 8월 30일 10시,금요일,전라북도 완주군 봉동읍,경상사고,0,0,1,0,차대사람 - 횡단중,보행자보호의무위반,건조,맑음,교차로 - 교차로횡단보도내,승용,남,58세,상해없음,보행자,여,74세,경상
2019083000100267,2019년 8월 30일 11시,금요일,전라북도 익산시 영등동,경상사고,0,0,1,0,차대차 - 측면충돌,안전거리미확보,건조,맑음,단일로 - 기타,승용,남,73세,상해없음,승용,남,58세,경상
2019083000100268,2019년 8월 30일 11시,금요일,전라북도 부안군 부안읍,경상사고,0,0,1,0,차대차 - 추돌,안전운전불이행,건조,맑음,교차로 - 교차로안,승용,남,69세,상해없음,이륜,남,80세,경상
2019083000100300,2019년 8월 30일 12시,금요일,전라북도 익산시 웅포면,경상사고,0,0,2,0,차대차 - 측면충돌,직진우회전진행방해,건조,맑음,교차로 - 교차로안,화물,남,64세,상해없음,화물,남,19세,경상
2019083000100331,2019년 8월 30일 13시,금요일,전라북도 전주시 완산구 동서학동,경상사고,0,0,1,0,차대차 - 추돌,안전거리미확보,건조,맑음,단일로 - 기타,승용,남,36세,상해없음,승용,여,68세,경상
2019083000100332,2019년 8월 30일 13시,금요일,전라북도 전주시 완산구 효자동2가,중상사고,0,1,0,0,차대사람 - 횡단중,보행자보호의무위반,건조,맑음,단일로 - 기타,승용,여,53세,상해없음,보행자,여,6세,중상
2019083000100333,2019년 8월 30일 13시,금요일,전라북도 남원시 월락동,중상사고,0,1,0,0,차대차 - 측면충돌,안전운전불이행,건조,맑음,단일로 - 기타,기타불명,기타불명,미분류,기타불명,이륜,남,79세,중상
2019083000100334,2019년 8월 30일 13시,금요일,전라북도 부안군 하서면,중상사고,0,1,7,0,차량단독 - 기타,과속,젖음/습기,비,기타 - 기타,승합,남,67세,상해없음,,,,
2019083000100379,2019년 8월 30일 14시,금요일,전라북도 군산시 경암동,경상사고,0,0,1,0,차대차 - 측면충돌,교차로운행방법위반,건조,맑음,교차로 - 교차로안,승용,남,52세,상해없음,승용,남,33세,경상
2019083000100380,2019년 8월 30일 14시,금요일,전라북도 익산시 오산면,경상사고,0,0,1,0,차대차 - 기타,안전운전불이행,건조,맑음,교차로 - 교차로안,승용,여,49세,상해없음,승용,남,58세,경상
2019083000100381,2019년 8월 30일 14시,금요일,전라북도 김제시 만경읍,중상사고,0,1,0,0,차대사람 - 횡단중,안전운전불이행,건조,맑음,교차로 - 교차로부근,승용,여,60세,상해없음,보행자,여,83세,중상
2019083000100431,2019년 8월 30일 15시,금요일,전라북도 김제시 검산동,중상사고,0,1,0,0,차대사람 - 횡단중,신호위반,건조,맑음,교차로 - 교차로부근,승용,남,64세,상해없음,보행자,여,45세,중상
2019083000100432,2019년 8월 30일 15시,금요일,전라북도 김제시 금구면,중상사고,0,1,0,0,차대차 - 측면충돌,신호위반,건조,맑음,교차로 - 교차로안,승용,남,23세,상해없음,화물,여,65세,중상
2019083000100479,2019년 8월 30일 16시,금요일,전라북도 순창군 순창읍,중상사고,0,1,0,0,차대차 - 측면충돌,교차로운행방법위반,건조,맑음,교차로 - 교차로안,승용,여,53세,상해없음,이륜,여,68세,중상
2019083000100536,2019년 8월 30일 17시,금요일,전라북도 전주시 완산구 서신동,경상사고,0,0,1,0,차대사람 - 기타,불법유턴,건조,맑음,단일로 - 기타,승용,남,63세,상해없음,보행자,여,37세,경상
2019083000100537,2019년 8월 30일 17시,금요일,전라북도 군산시 대야면,중상사고,0,1,0,0,차대사람 - 횡단중,안전운전불이행,건조,맑음,단일로 - 지하차도(도로)내,승용,남,29세,상해없음,보행자,남,53세,중상
2019083000100590,2019년 8월 30일 18시,금요일,전라북도 익산시 영등동,경상사고,0,0,2,0,차대차 - 측면충돌,중앙선침범,건조,맑음,단일로 - 기타,이륜,남,37세,상해없음,승용,여,47세,경상
2019083000100591,2019년 8월 30일 18시,금요일,전라북도 익산시 송학동,경상사고,0,0,2,0,차대차 - 측면충돌,직진우회전진행방해,건조,맑음,교차로 - 교차로안,승용,남,70세,상해없음,승용,여,26세,경상
2019083000100592,2019년 8월 30일 18시,금요일,전라북도 부안군 부안읍,중상사고,0,1,0,0,차대사람 - 기타,안전운전불이행,건조,맑음,주차장 - 주차장,건설기계,남,30세,상해없음,보행자,남,41세,중상
2019083000100593,2019년 8월 30일 18시,금요일,전라북도 부안군 부안읍,경상사고,0,0,1,0,차대사람 - 기타,불법유턴,건조,맑음,기타 - 기타,화물,남,31세,상해없음,보행자,남,70세,경상
2019083000100663,2019년 8월 30일 19시,금요일,전라북도 전주시 완산구 평화동2가,경상사고,0,0,1,0,차대차 - 측면충돌,교차로운행방법위반,건조,기타,교차로 - 교차로안,기타불명,기타불명,미분류,기타불명,이륜,남,60세,경상
2019083000100664,2019년 8월 30일 19시,금요일,전라북도 전주시 덕진구 송천동1가,경상사고,0,0,2,0,차대차 - 측면충돌,신호위반,건조,맑음,교차로 - 교차로안,승용,여,52세,상해없음,승용,남,62세,경상
2019083000100665,2019년 8월 30일 19시,금요일,전라북도 고창군 무장면,중상사고,0,1,0,0,차대차 - 측면충돌,안전운전불이행,건조,맑음,교차로 - 교차로안,승용,남,49세,상해없음,자전거,남,50세,중상
2019083000100745,2019년 8월 30일 21시,금요일,전라북도 군산시 나운동,경상사고,0,0,1,0,차대차 - 기타,중앙선침범,건조,맑음,단일로 - 기타,개인형이동수단(PM),남,47세,상해없음,원동기,남,24세,경상
2019083000100780,2019년 8월 30일 22시,금요일,전라북도 전주시 완산구 효자동3가,경상사고,0,0,1,0,차대차 - 후진중충돌,안전운전불이행,건조,기타,단일로 - 기타,승용,남,55세,상해없음,승용,남,52세,경상
2019083000100813,2019년 8월 30일 23시,금요일,전라북도 군산시 옥서면,중상사고,0,1,1,0,차대사람 - 차도통행중,안전운전불이행,건조,맑음,단일로 - 기타,승용,남,52세,상해없음,보행자,남,31세,중상
2019083100100064,2019년 8월 31일 01시,토요일,전라북도 전주시 완산구 중화산동2가,경상사고,0,0,1,0,차대차 - 추돌,안전운전불이행,건조,기타,교차로 - 교차로부근,승용,남,59세,상해없음,승용,남,48세,경상
2019083100100065,2019년 8월 31일 01시,토요일,전라북도 김제시 검산동,경상사고,0,0,6,2,차대차 - 측면충돌,교차로운행방법위반,젖음/습기,비,교차로 - 교차로안,승용,남,21세,상해없음,승용,남,19세,경상
2019083100100109,2019년 8월 31일 04시,토요일,전라북도 전주시 완산구 중화산동2가,경상사고,0,0,2,0,차대차 - 추돌,안전운전불이행,건조,기타,단일로 - 기타,승용,남,39세,상해없음,승용,남,34세,경상
2019083100100122,2019년 8월 31일 05시,토요일,전라북도 전주시 완산구 효자동1가,경상사고,0,0,2,0,차대차 - 후진중충돌,안전운전불이행,건조,맑음,교차로 - 교차로부근,기타불명,기타불명,미분류,기타불명,승용,여,50세,경상
2019083100100123,2019년 8월 31일 05시,토요일,전라북도 익산시 현영동,경상사고,0,0,1,0,차대차 - 측면충돌,안전운전불이행,건조,맑음,단일로 - 기타,건설기계,남,54세,상해없음,승용,여,48세,경상
2019083100100144,2019년 8월 31일 06시,토요일,전라북도 익산시 함열읍,중상사고,0,2,1,0,차대차 - 측면충돌,신호위반,건조,맑음,교차로 - 교차로안,화물,남,52세,상해없음,화물,남,65세,경상
2019083100100169,2019년 8월 31일 07시,토요일,전라북도 전주시 완산구 효자동2가,중상사고,0,1,0,0,차대차 - 측면충돌,신호위반,건조,맑음,교차로 - 교차로안,승용,남,55세,상해없음,승용,여,55세,중상
2019083100100170,2019년 8월 31일 07시,토요일,전라북도 전주시 덕진구 팔복동2가,중상사고,0,1,0,0,차대차 - 측면충돌,중앙선침범,건조,맑음,단일로 - 기타,승용,남,74세,상해없음,승용,남,41세,중상
2019083100100189,2019년 8월 31일 08시,토요일,전라북도 전주시 완산구 경원동1가,경상사고,0,0,1,0,차대사람 - 횡단중,보행자보호의무위반,건조,맑음,단일로 - 지하차도(도로)내,승용,남,69세,상해없음,보행자,남,51세,경상
2019083100100190,2019년 8월 31일 08시,토요일,전라북도 전주시 완산구 효자동2가,경상사고,0,0,4,0,차대차 - 추돌,안전운전불이행,건조,맑음,기타 - 기타,승용,남,23세,상해없음,승용,남,27세,경상
2019083100100191,2019년 8월 31일 08시,토요일,전라북도 익산시 동산동,중상사고,0,1,0,0,차대차 - 측면충돌,중앙선침범,건조,맑음,단일로 - 기타,승용,여,52세,상해없음,승용,남,60세,중상
2019083100100270,2019년 8월 31일 10시,토요일,전라북도 익산시 웅포면,경상사고,0,0,2,0,차대차 - 추돌,안전운전불이행,건조,맑음,단일로 - 기타,이륜,남,25세,상해없음,승용,여,25세,경상
2019083100100333,2019년 8월 31일 12시,토요일,전라북도 익산시 남중동,경상사고,0,0,1,0,차대차 - 추돌,안전운전불이행,건조,맑음,교차로 - 교차로부근,화물,남,72세,상해없음,승용,남,57세,경상
2019083100100334,2019년 8월 31일 12시,토요일,전라북도 익산시 부송동,경상사고,0,0,1,0,차량단독 - 기타,안전운전불이행,건조,맑음,단일로 - 기타,승합,남,55세,상해없음,,,,
2019083100100427,2019년 8월 31일 14시,토요일,전라북도 전주시 덕진구 인후동1가,중상사고,0,1,0,0,차대차 - 측면충돌,안전운전불이행,건조,맑음,교차로 - 교차로안,승용,여,34세,상해없음,이륜,남,16세,중상
2019083100100428,2019년 8월 31일 14시,토요일,전라북도 군산시 오식도동,경상사고,0,0,2,0,차대차 - 추돌,안전운전불이행,건조,맑음,교차로 - 교차로부근,승용,여,28세,상해없음,승용,남,58세,경상
2019083100100429,2019년 8월 31일 14시,토요일,전라북도 익산시 영등동,중상사고,0,1,0,0,차대사람 - 횡단중,안전운전불이행,건조,맑음,단일로 - 기타,승용,남,46세,상해없음,보행자,여,69세,중상
2019083100100467,2019년 8월 31일 15시,토요일,전라북도 군산시 소룡동,경상사고,0,0,1,0,차대차 - 기타,교차로운행방법위반,건조,맑음,교차로 - 교차로안,승용,남,21세,상해없음,승용,남,72세,경상
2019083100100503,2019년 8월 31일 16시,토요일,전라북도 김제시 용지면,경상사고,0,0,2,0,차대차 - 측면충돌,차로위반,건조,맑음,단일로 - 기타,승용,남,61세,상해없음,승용,남,69세,경상
2019083100100549,2019년 8월 31일 17시,토요일,전라북도 군산시 창성동,부상신고사고,0,0,0,1,차대차 - 후진중충돌,안전운전불이행,건조,맑음,기타 - 기타,승용,남,58세,부상신고,승용,남,63세,상해없음
2019083100100587,2019년 8월 31일 18시,토요일,전라북도 전주시 완산구 서신동,경상사고,0,0,2,0,차대차 - 기타,신호위반,건조,맑음,교차로 - 교차로안,기타불명,기타불명,미분류,기타불명,승용,남,49세,경상
2019083100100633,2019년 8월 31일 19시,토요일,전라북도 군산시 수송동,경상사고,0,0,3,0,차대차 - 기타,신호위반,건조,흐림,교차로 - 교차로부근,승용,남,48세,상해없음,승합,남,61세,경상
2019083100100634,2019년 8월 31일 19시,토요일,전라북도 완주군 삼례읍,경상사고,0,0,1,0,차대차 - 정면충돌,교차로운행방법위반,건조,맑음,교차로 - 교차로안,승용,여,60세,상해없음,이륜,남,19세,경상
2019083100100707,2019년 8월 31일 21시,토요일,전라북도 전주시 완산구 효자동3가,중상사고,0,1,0,0,차대차 - 측면충돌,안전운전불이행,건조,맑음,교차로 - 교차로안,승용,여,26세,상해없음,이륜,남,37세,중상
2019083100100708,2019년 8월 31일 21시,토요일,전라북도 전주시 덕진구 동산동,경상사고,0,0,2,0,차대사람 - 길가장자리구역통행중,안전운전불이행,건조,맑음,교차로 - 교차로안,승용,여,55세,상해없음,보행자,남,52세,경상
2019083100100709,2019년 8월 31일 21시,토요일,전라북도 무주군 무주읍,경상사고,0,0,1,0,차대사람 - 차도통행중,안전운전불이행,건조,맑음,단일로 - 기타,승용,남,60세,상해없음,보행자,남,31세,경상
2019083100100722,2019년 8월 31일 22시,토요일,전라북도 군산시 경암동,경상사고,0,0,3,0,차대차 - 측면충돌,신호위반,건조,맑음,교차로 - 교차로안,승용,남,65세,상해없음,승용,남,33세,상해없음
2019090100100022,2019년 9월 1일 00시,일요일,전라북도 전주시 덕진구 덕진동1가,경상사고,0,0,1,0,차대차 - 측면충돌,안전운전불이행,건조,맑음,단일로 - 기타,승용,남,62세,기타불명,승용,남,43세,상해없음
2019090100100083,2019년 9월 1일 04시,일요일,전라북도 남원시 도통동,경상사고,0,0,1,0,차대사람 - 기타,안전운전불이행,젖음/습기,비,교차로 - 교차로부근,승용,남,52세,상해없음,보행자,남,18세,경상
2019090100100096,2019년 9월 1일 06시,일요일,전라북도 정읍시 농소동,경상사고,0,0,1,0,차대차 - 측면충돌,불법유턴,건조,맑음,교차로 - 교차로부근,승용,남,76세,상해없음,화물,여,64세,경상
2019090100100097,2019년 9월 1일 06시,일요일,전라북도 임실군 관촌면,경상사고,0,0,3,0,차대차 - 측면충돌,신호위반,건조,맑음,교차로 - 교차로안,승용,남,58세,경상,승용,여,25세,경상
2019090100100115,2019년 9월 1일 08시,일요일,전라북도 전주시 덕진구 송천동1가,중상사고,0,1,0,0,차대사람 - 기타,안전운전불이행,건조,맑음,기타 - 기타,화물,남,60세,상해없음,보행자,남,74세,중상
2019090100100134,2019년 9월 1일 09시,일요일,전라북도 정읍시 상동,중상사고,0,1,0,0,차대차 - 측면충돌,신호위반,건조,맑음,교차로 - 교차로안,승용,여,53세,상해없음,이륜,남,43세,중상
2019090100100157,2019년 9월 1일 10시,일요일,전라북도 무주군 무주읍,경상사고,0,0,1,0,차대차 - 측면충돌,기타,건조,맑음,교차로 - 교차로부근,화물,남,60세,상해없음,승용,남,69세,경상
2019090100100198,2019년 9월 1일 12시,일요일,전라북도 군산시 미룡동,경상사고,0,0,1,0,차대사람 - 기타,안전운전불이행,건조,맑음,단일로 - 기타,승용,남,22세,상해없음,보행자,여,62세,경상
2019090100100261,2019년 9월 1일 14시,일요일,전라북도 군산시 월명동,경상사고,0,0,1,0,차대차 - 기타,교차로운행방법위반,건조,맑음,교차로 - 교차로안,승용,남,24세,상해없음,이륜,남,47세,경상
2019090100100325,2019년 9월 1일 16시,일요일,전라북도 완주군 경천면,중상사고,0,1,0,0,차대차 - 측면충돌,중앙선침범,건조,맑음,단일로 - 지하차도(도로)내,승용,여,39세,상해없음,이륜,남,43세,중상
2019090100100422,2019년 9월 1일 19시,일요일,전라북도 군산시 산북동,사망사고,1,0,0,0,차량단독 - 공작물충돌,안전운전불이행,건조,맑음,교차로 - 교차로부근,화물,남,72세,사망,,,,
2019090100100423,2019년 9월 1일 19시,일요일,전라북도 정읍시 상동,경상사고,0,0,1,0,차대차 - 기타,안전운전불이행,건조,맑음,교차로 - 교차로안,승용,여,65세,상해없음,승용,남,46세,경상
2019090100100424,2019년 9월 1일 19시,일요일,전라북도 정읍시 입암면,중상사고,0,1,0,0,차대사람 - 기타,안전운전불이행,건조,맑음,단일로 - 기타,승용,남,70세,상해없음,보행자,남,45세,중상
2019090100100463,2019년 9월 1일 20시,일요일,전라북도 김제시 성덕면,경상사고,0,0,5,0,차대차 - 측면충돌,안전운전불이행,건조,맑음,교차로 - 교차로안,승용,남,24세,경상,승용,여,44세,경상
2019090100100486,2019년 9월 1일 21시,일요일,전라북도 전주시 완산구 효자동2가,중상사고,0,1,1,0,차대차 - 측면충돌,신호위반,건조,맑음,교차로 - 교차로안,승용,여,21세,상해없음,승용,남,36세,경상
2019090100100504,2019년 9월 1일 22시,일요일,전라북도 익산시 영등동,경상사고,0,0,1,0,차대차 - 측면충돌,교차로운행방법위반,건조,맑음,교차로 - 교차로안,승용,남,57세,상해없음,이륜,남,47세,경상
2019090200100097,2019년 9월 2일 07시,월요일,전라북도 익산시 부송동,경상사고,0,0,1,0,차대차 - 측면충돌,교차로운행방법위반,건조,흐림,교차로 - 교차로부근,화물,남,63세,상해없음,이륜,남,24세,경상
2019090200100194,2019년 9월 2일 09시,월요일,전라북도 전주시 덕진구 덕진동1가,경상사고,0,0,1,0,차대사람 - 기타,안전운전불이행,건조,맑음,단일로 - 기타,승용,여,51세,상해없음,보행자,남,7세,경상
2019090200100195,2019년 9월 2일 09시,월요일,전라북도 부안군 주산면,경상사고,0,0,1,0,차대사람 - 횡단중,안전운전불이행,건조,맑음,단일로 - 기타,화물,남,73세,상해없음,보행자,남,86세,경상
2019090200100234,2019년 9월 2일 10시,월요일,전라북도 전주시 완산구 삼천동1가,경상사고,0,0,1,0,차대차 - 추돌,안전운전불이행,건조,맑음,교차로 - 교차로안,승용,남,54세,상해없음,승용,여,52세,경상
2019090200100267,2019년 9월 2일 11시,월요일,전라북도 익산시 용안면,중상사고,0,1,0,0,차대사람 - 횡단중,안전운전불이행,건조,맑음,단일로 - 기타,화물,남,73세,상해없음,보행자,여,79세,중상
2019090200100268,2019년 9월 2일 11시,월요일,전라북도 김제시 백구면,중상사고,0,3,1,0,차대차 - 측면충돌,안전운전불이행,건조,흐림,교차로 - 교차로안,화물,남,53세,상해없음,승용,남,50세,중상
2019090200100347,2019년 9월 2일 13시,월요일,전라북도 익산시 신흥동,경상사고,0,0,2,0,차대차 - 추돌,안전운전불이행,건조,맑음,단일로 - 기타,승용,여,52세,상해없음,승용,여,32세,경상
2019090200100418,2019년 9월 2일 15시,월요일,전라북도 전주시 덕진구 반월동,경상사고,0,0,2,0,차대차 - 측면충돌,신호위반,젖음/습기,비,교차로 - 교차로안,승용,여,23세,기타불명,승용,여,46세,경상
2019090200100486,2019년 9월 2일 17시,월요일,전라북도 전주시 완산구 효자동2가,경상사고,0,0,1,0,차대차 - 추돌,안전운전불이행,건조,흐림,교차로 - 교차로안,승용,남,45세,상해없음,승용,여,37세,경상
2019090200100487,2019년 9월 2일 17시,월요일,전라북도 전주시 덕진구 금암동,경상사고,0,0,1,0,차대차 - 기타,안전거리미확보,젖음/습기,비,단일로 - 기타,승용,여,46세,상해없음,이륜,남,25세,경상
2019090200100590,2019년 9월 2일 19시,월요일,전라북도 군산시 나운동,경상사고,0,0,1,0,차대차 - 기타,교차로운행방법위반,젖음/습기,맑음,교차로 - 교차로안,승용,남,53세,상해없음,이륜,남,38세,경상
2019090200100591,2019년 9월 2일 19시,월요일,전라북도 군산시 개정면,경상사고,0,0,1,0,차대차 - 기타,안전운전불이행,젖음/습기,비,단일로 - 기타,승용,여,54세,상해없음,승용,남,41세,경상
2019090200100650,2019년 9월 2일 20시,월요일,전라북도 전주시 덕진구 인후동1가,중상사고,0,1,0,0,차대사람 - 횡단중,안전운전불이행,젖음/습기,비,단일로 - 기타,승용,남,35세,상해없음,보행자,남,76세,중상
2019090200100651,2019년 9월 2일 20시,월요일,전라북도 익산시 주현동,경상사고,0,0,1,0,차대사람 - 횡단중,안전운전불이행,젖음/습기,비,교차로 - 교차로횡단보도내,이륜,남,26세,상해없음,보행자,여,15세,경상
2019090200100652,2019년 9월 2일 20시,월요일,전라북도 정읍시 시기동,경상사고,0,0,1,0,차량단독 - 전도전복 - 전도,안전운전불이행,젖음/습기,흐림,단일로 - 기타,이륜,남,54세,경상,,,,
2019090200100680,2019년 9월 2일 21시,월요일,전라북도 전주시 완산구 서서학동,중상사고,0,1,0,0,차대차 - 측면충돌,안전운전불이행,젖음/습기,비,단일로 - 기타,승합,남,47세,상해없음,승용,여,67세,중상
2019090200100681,2019년 9월 2일 21시,월요일,전라북도 전주시 완산구 삼천동1가,경상사고,0,0,1,0,차대사람 - 보도통행중,신호위반,젖음/습기,비,교차로 - 교차로횡단보도내,기타불명,기타불명,미분류,기타불명,보행자,남,53세,경상
2019090200100682,2019년 9월 2일 21시,월요일,전라북도 전주시 덕진구 덕진동2가,경상사고,0,0,1,0,차대차 - 추돌,안전거리미확보,젖음/습기,비,교차로 - 교차로안,승용,남,54세,상해없음,승용,남,38세,경상
2019090200100744,2019년 9월 2일 23시,월요일,전라북도 전주시 완산구 효자동3가,중상사고,0,2,1,0,차대차 - 측면충돌,신호위반,젖음/습기,비,교차로 - 교차로안,승용,남,40세,상해없음,승용,남,44세,경상
2019090300100065,2019년 9월 3일 04시,화요일,전라북도 전주시 덕진구 금암동,경상사고,0,0,2,0,차대차 - 측면충돌,신호위반,젖음/습기,비,교차로 - 교차로안,승용,여,53세,상해없음,화물,남,54세,경상
2019090300100072,2019년 9월 3일 05시,화요일,전라북도 군산시 나운동,중상사고,0,1,0,0,차대사람 - 횡단중,안전운전불이행,건조,맑음,단일로 - 기타,승용,남,30세,상해없음,보행자,여,77세,중상
2019090300100073,2019년 9월 3일 05시,화요일,전라북도 정읍시 이평면,경상사고,0,0,1,0,차대차 - 측면충돌,직진우회전진행방해,젖음/습기,비,교차로 - 교차로안,이륜,남,76세,경상,승용,남,51세,상해없음
2019090300100085,2019년 9월 3일 06시,화요일,전라북도 완주군 삼례읍,중상사고,0,1,0,0,차대사람 - 횡단중,보행자보호의무위반,건조,맑음,교차로 - 교차로횡단보도내,승용,기타불명,미분류,기타불명,보행자,여,81세,중상
2019090300100105,2019년 9월 3일 07시,화요일,전라북도 전주시 덕진구 송천동2가,경상사고,0,0,4,0,차대차 - 측면충돌,안전거리미확보,젖음/습기,비,단일로 - 기타,승용,여,42세,상해없음,화물,남,63세,경상
2019090300100106,2019년 9월 3일 07시,화요일,전라북도 익산시 인화동1가,경상사고,0,0,1,0,차대차 - 측면충돌,직진우회전진행방해,건조,맑음,교차로 - 교차로안,승용,남,63세,상해없음,승용,남,26세,경상
2019090300100107,2019년 9월 3일 07시,화요일,전라북도 익산시 춘포면,중상사고,0,1,1,0,차대차 - 측면충돌,신호위반,건조,맑음,교차로 - 교차로안,승용,남,52세,상해없음,승용,여,50세,중상
2019090300100147,2019년 9월 3일 08시,화요일,전라북도 정읍시 북면,경상사고,0,0,1,0,차대차 - 측면충돌,직진우회전진행방해,건조,맑음,교차로 - 교차로안,승용,남,70세,상해없음,승용,남,53세,경상
2019090300100176,2019년 9월 3일 09시,화요일,전라북도 전주시 덕진구 금암동,중상사고,0,1,1,0,차대차 - 측면충돌,직진우회전진행방해,젖음/습기,비,교차로 - 교차로안,승용,남,43세,기타불명,승용,남,64세,경상
2019090300100276,2019년 9월 3일 12시,화요일,전라북도 완주군 구이면,경상사고,0,0,2,0,차대차 - 기타,중앙선침범,건조,맑음,단일로 - 교량,승용,여,73세,경상,승용,남,58세,상해없음
2019090300100309,2019년 9월 3일 13시,화요일,전라북도 전주시 완산구 동완산동,중상사고,0,1,2,0,차대차 - 기타,안전운전불이행,건조,맑음,교차로 - 교차로부근,승합,남,35세,경상,승용,남,56세,상해없음
2019090300100310,2019년 9월 3일 13시,화요일,전라북도 완주군 삼례읍,경상사고,0,0,1,0,차대차 - 기타,안전운전불이행,건조,맑음,교차로 - 교차로안,자전거,남,19세,경상,승용,남,22세,상해없음
2019090300100343,2019년 9월 3일 14시,화요일,전라북도 정읍시 수성동,경상사고,0,0,1,0,차대차 - 측면충돌,안전운전불이행,젖음/습기,흐림,단일로 - 기타,승용,여,72세,상해없음,자전거,남,78세,경상
2019090300100479,2019년 9월 3일 17시,화요일,전라북도 정읍시 수성동,경상사고,0,0,1,0,차대사람 - 횡단중,보행자보호의무위반,젖음/습기,흐림,교차로 - 교차로횡단보도내,승용,남,61세,상해없음,보행자,여,62세,경상
2019090300100528,2019년 9월 3일 18시,화요일,전라북도 군산시 문화동,중상사고,0,1,0,0,차대차 - 기타,교차로운행방법위반,건조,흐림,교차로 - 교차로안,승용,남,46세,상해없음,이륜,남,18세,중상
2019090300100529,2019년 9월 3일 18시,화요일,전라북도 군산시 문화동,경상사고,0,0,1,0,차대차 - 기타,안전운전불이행,건조,흐림,교차로 - 교차로부근,승용,여,34세,상해없음,승용,여,53세,경상
2019090300100530,2019년 9월 3일 18시,화요일,전라북도 정읍시 상동,경상사고,0,0,1,0,차대차 - 기타,안전운전불이행,건조,맑음,교차로 - 교차로부근,승용,남,51세,상해없음,자전거,남,13세,경상
2019090300100649,2019년 9월 3일 20시,화요일,전라북도 익산시 황등면,경상사고,0,0,1,0,차대사람 - 기타,안전운전불이행,건조,맑음,단일로 - 기타,자전거,남,61세,상해없음,보행자,여,49세,경상
2019090300100650,2019년 9월 3일 20시,화요일,전라북도 익산시 어양동,중상사고,0,1,0,0,차대차 - 기타,교차로운행방법위반,건조,맑음,교차로 - 교차로안,화물,남,59세,상해없음,이륜,남,35세,중상