사고번호,사고일시,요일,시군구,사고내용,사망자수,중상자수,경상자수,부상신고자수,사고유형,법규위반,노면상태,기상상태,도로형태,가해운전자 차종,가해운전자 성별,가해운전자 연령,가해운전자 상해정도,피해운전자 차종,피해운전자 성별,피해운전자 연령,피해운전자 상해정도
2019090900100331,2019년 9월 9일 12시,월요일,전라북도 고창군 성내면,경상사고,0,0,2,0,차대사람 - 기타,안전운전불이행,건조,맑음,기타 - 기타,이륜,남,72세,경상,보행자,여,76세,경상
2019090900100332,2019년 9월 9일 12시,월요일,전라북도 순창군 순창읍,경상사고,0,0,1,0,차대차 - 측면충돌,교차로운행방법위반,건조,맑음,교차로 - 교차로안,승용,여,32세,상해없음,이륜,남,82세,경상
2019090900100333,2019년 9월 9일 12시,월요일,전라북도 무주군 무주읍,경상사고,0,0,1,0,차대차 - 측면충돌,안전운전불이행,젖음/습기,비,교차로 - 교차로안,화물,남,60세,상해없음,승용,여,51세,경상
2019090900100334,2019년 9월 9일 12시,월요일,전라북도 군산시 임피면,중상사고,0,5,15,3,차대차 - 추돌,안전운전불이행,젖음/습기,비,단일로 - 기타,승합,남,63세,상해없음,화물,남,62세,경상
2019090900100396,2019년 9월 9일 14시,월요일,전라북도 전주시 완산구 효자동1가,경상사고,0,0,1,0,차대차 - 측면충돌,신호위반,건조,맑음,교차로 - 교차로안,승용,남,74세,상해없음,이륜,여,58세,경상
2019090900100397,2019년 9월 9일 14시,월요일,전라북도 전주시 덕진구 금암동,경상사고,0,0,1,0,차대차 - 정면충돌,안전거리미확보,건조,맑음,교차로 - 교차로부근,승용,남,55세,상해없음,승용,여,62세,경상
2019090900100398,2019년 9월 9일 14시,월요일,전라북도 익산시 망성면,경상사고,0,0,2,0,차대차 - 측면충돌,안전거리미확보,젖음/습기,비,교차로 - 교차로부근,화물,남,58세,상해없음,승용,남,56세,경상
2019090900100399,2019년 9월 9일 14시,월요일,전라북도 장수군 천천면,사망사고,2,0,0,0,차량단독 - 공작물충돌,안전운전불이행,젖음/습기,맑음,단일로 - 기타,화물,남,68세,사망,,,,
2019090900100437,2019년 9월 9일 15시,월요일,전라북도 익산시 신동,경상사고,0,0,1,0,차대사람 - 차도통행중,안전운전불이행,젖음/습기,비,단일로 - 기타,화물,남,58세,상해없음,보행자,여,58세,경상
2019090900100487,2019년 9월 9일 16시,월요일,전라북도 전주시 완산구 평화동1가,중상사고,0,1,0,0,차대사람 - 횡단중,신호위반,건조,맑음,교차로 - 교차로부근,승용,여,49세,상해없음,보행자,여,64세,중상
2019090900100575,2019년 9월 9일 18시,월요일,전라북도 정읍시 정우면,경상사고,0,0,1,0,차대차 - 측면충돌,직진우회전진행방해,건조,맑음,교차로 - 교차로안,화물,남,55세,상해없음,화물,남,54세,경상
2019090900100641,2019년 9월 9일 19시,월요일,전라북도 군산시 수송동,중상사고,0,1,0,0,차대차 - 기타,안전운전불이행,건조,맑음,단일로 - 기타,승용,남,62세,상해없음,이륜,남,17세,중상
2019090900100692,2019년 9월 9일 20시,월요일,전라북도 남원시 천거동,경상사고,0,0,1,0,차대차 - 기타,안전운전불이행,건조,맑음,교차로 - 교차로안,승용,여,42세,상해없음,자전거,남,14세,경상
2019091000100077,2019년 9월 10일 04시,화요일,전라북도 전주시 덕진구 인후동1가,경상사고,0,0,1,0,차대사람 - 횡단중,신호위반,건조,맑음,교차로 - 교차로횡단보도내,승용,남,33세,상해없음,보행자,여,76세,경상
2019091000100172,2019년 9월 10일 08시,화요일,전라북도 전주시 완산구 서서학동,경상사고,0,0,1,0,차대사람 - 기타,안전운전불이행,건조,맑음,단일로 - 기타,자전거,남,12세,상해없음,보행자,여,82세,경상
2019091000100234,2019년 9월 10일 09시,화요일,전라북도 전주시 완산구 효자동3가,경상사고,0,0,2,0,차대차 - 측면충돌,안전운전불이행,건조,맑음,단일로 - 기타,승용,남,77세,상해없음,승용,남,59세,경상
2019091000100279,2019년 9월 10일 10시,화요일,전라북도 익산시 인화동1가,경상사고,0,0,1,0,차대차 - 측면충돌,중앙선침범,건조,맑음,단일로 - 기타,원동기,남,87세,경상,승용,남,55세,상해없음
2019091000100280,2019년 9월 10일 10시,화요일,전라북도 부안군 부안읍,경상사고,0,0,1,0,차대사람 - 차도통행중,안전운전불이행,건조,맑음,단일로 - 기타,승용,남,66세,상해없음,보행자,여,64세,경상
2019091000100439,2019년 9월 10일 14시,화요일,전라북도 전주시 덕진구 우아동3가,중상사고,0,1,0,0,차대차 - 측면충돌,신호위반,건조,맑음,교차로 - 교차로안,승용,남,80세,상해없음,승용,남,67세,중상
2019091000100440,2019년 9월 10일 14시,화요일,전라북도 익산시 갈산동,중상사고,0,1,0,0,차대사람 - 기타,안전운전불이행,건조,맑음,단일로 - 기타,승용,남,58세,상해없음,보행자,여,66세,중상
2019091000100441,2019년 9월 10일 14시,화요일,전라북도 정읍시 장명동,중상사고,0,1,0,0,차대사람 - 횡단중,안전운전불이행,건조,맑음,교차로 - 교차로횡단보도내,승용,남,49세,상해없음,보행자,남,56세,중상
2019091000100481,2019년 9월 10일 15시,화요일,전라북도 전주시 완산구 서노송동,중상사고,0,1,0,0,차대사람 - 기타,안전운전불이행,건조,맑음,교차로 - 교차로안,승용,남,56세,상해없음,보행자,여,81세,중상
2019091000100570,2019년 9월 10일 17시,화요일,전라북도 전주시 덕진구 송천동1가,중상사고,0,1,0,0,차대사람 - 횡단중,보행자보호의무위반,건조,맑음,단일로 - 기타,원동기,남,19세,상해없음,보행자,여,61세,중상
2019091000100571,2019년 9월 10일 17시,화요일,전라북도 익산시 어양동,경상사고,0,0,3,0,차대차 - 측면충돌,직진우회전진행방해,건조,맑음,교차로 - 교차로안,승용,여,44세,경상,승용,여,43세,경상
2019091000100572,2019년 9월 10일 17시,화요일,전라북도 익산시 모현동2가,중상사고,0,1,0,0,차대차 - 측면충돌,직진우회전진행방해,건조,맑음,교차로 - 교차로안,승용,남,63세,상해없음,자전거,남,34세,중상
2019091000100612,2019년 9월 10일 18시,화요일,전라북도 군산시 옥산면,경상사고,0,0,4,0,차대차 - 기타,안전운전불이행,건조,맑음,교차로 - 교차로안,승용,남,61세,상해없음,화물,남,41세,경상
2019091000100665,2019년 9월 10일 19시,화요일,전라북도 전주시 덕진구 인후동1가,경상사고,0,0,1,0,차대차 - 추돌,안전운전불이행,건조,맑음,교차로 - 교차로부근,승용,여,48세,상해없음,자전거,남,25세,경상
2019091000100666,2019년 9월 10일 19시,화요일,전라북도 남원시 쌍교동,중상사고,0,1,0,0,차대사람 - 횡단중,안전운전불이행,건조,맑음,단일로 - 기타,화물,남,71세,기타불명,보행자,남,64세,중상
2019091000100716,2019년 9월 10일 20시,화요일,전라북도 전주시 덕진구 인후동1가,경상사고,0,0,2,0,차대차 - 측면충돌,안전운전불이행,건조,맑음,단일로 - 기타,승용,여,47세,상해없음,승용,남,28세,경상
2019091000100769,2019년 9월 10일 21시,화요일,전라북도 익산시 어양동,경상사고,0,0,2,0,차대차 - 측면충돌,직진우회전진행방해,건조,맑음,교차로 - 교차로안,승용,여,60세,상해없음,승용,여,54세,경상
2019091100100138,2019년 9월 11일 07시,수요일,전라북도 익산시 성당면,경상사고,0,0,1,0,차대차 - 측면충돌,직진우회전진행방해,젖음/습기,비,교차로 - 교차로안,화물,남,69세,상해없음,승용,여,29세,경상
2019091100100139,2019년 9월 11일 07시,수요일,전라북도 익산시 왕궁면,경상사고,0,0,1,0,차대차 - 측면충돌,차로위반,건조,맑음,단일로 - 기타,승합,남,63세,상해없음,승용,남,51세,경상
2019091100100218,2019년 9월 11일 09시,수요일,전라북도 전주시 완산구 서신동,경상사고,0,0,1,0,차대차 - 측면충돌,차로위반,건조,흐림,단일로 - 기타,승용,여,34세,기타불명,승용,남,45세,경상
2019091100100219,2019년 9월 11일 09시,수요일,전라북도 전주시 완산구 평화동1가,경상사고,0,0,1,0,차대차 - 정면충돌,안전운전불이행,건조,맑음,단일로 - 기타,승용,남,72세,상해없음,승용,남,28세,경상
2019091100100252,2019년 9월 11일 10시,수요일,전라북도 익산시 신동,경상사고,0,0,1,0,차대차 - 추돌,안전운전불이행,건조,맑음,주차장 - 주차장,승용,여,43세,상해없음,승용,여,44세,경상
2019091100100301,2019년 9월 11일 11시,수요일,전라북도 군산시 서흥남동,경상사고,0,0,1,0,차대차 - 측면충돌,직진우회전진행방해,건조,맑음,교차로 - 교차로안,승용,여,67세,상해없음,승용,남,79세,경상
2019091100100302,2019년 9월 11일 11시,수요일,전라북도 임실군 임실읍,경상사고,0,0,1,0,차대차 - 측면충돌,신호위반,건조,맑음,교차로 - 교차로안,승용,남,82세,상해없음,승용,남,63세,경상
2019091100100351,2019년 9월 11일 12시,수요일,전라북도 김제시 옥산동,경상사고,0,0,2,0,차대차 - 측면충돌,직진우회전진행방해,건조,맑음,교차로 - 교차로안,화물,남,64세,상해없음,승용,여,54세,경상
2019091100100379,2019년 9월 11일 13시,수요일,전라북도 부안군 보안면,중상사고,0,1,0,0,차량단독 - 도로외이탈 - 기타,안전운전불이행,건조,맑음,기타 - 기타,화물,남,71세,중상,,,,
2019091100100425,2019년 9월 11일 14시,수요일,전라북도 전주시 덕진구 여의동,중상사고,0,1,0,0,차대차 - 정면충돌,중앙선침범,건조,맑음,단일로 - 기타,승용,남,69세,기타불명,승용,남,52세,중상
2019091100100426,2019년 9월 11일 14시,수요일,전라북도 완주군 삼례읍,경상사고,0,0,1,0,차대사람 - 기타,안전운전불이행,건조,맑음,단일로 - 기타,화물,남,52세,상해없음,보행자,남,55세,경상
2019091100100541,2019년 9월 11일 16시,수요일,전라북도 군산시 회현면,중상사고,0,1,0,0,차대차 - 추돌,신호위반,건조,맑음,교차로 - 교차로안,승용,여,41세,상해없음,이륜,남,45세,중상
2019091100100542,2019년 9월 11일 16시,수요일,전라북도 군산시 문화동,경상사고,0,0,1,0,차대사람 - 횡단중,안전운전불이행,건조,맑음,단일로 - 지하차도(도로)내,승용,여,56세,상해없음,보행자,남,6세,경상
2019091100100597,2019년 9월 11일 17시,수요일,전라북도 군산시 내흥동,경상사고,0,0,1,0,차대차 - 측면충돌,안전거리미확보,건조,맑음,단일로 - 지하차도(도로)내,승용,여,47세,상해없음,승용,남,36세,경상
2019091100100598,2019년 9월 11일 17시,수요일,전라북도 부안군 행안면,경상사고,0,0,2,0,차대차 - 측면충돌,안전운전불이행,건조,맑음,교차로 - 교차로안,승용,남,32세,상해없음,승용,여,62세,경상
2019091100100727,2019년 9월 11일 19시,수요일,전라북도 전주시 완산구 중화산동2가,경상사고,0,0,1,0,차대사람 - 횡단중,안전운전불이행,건조,흐림,단일로 - 기타,승용,여,53세,상해없음,보행자,남,60세,경상
2019091100100764,2019년 9월 11일 20시,수요일,전라북도 전주시 완산구 색장동,사망사고,1,1,1,0,차대차 - 측면충돌,과속,건조,맑음,교차로 - 교차로안,승용,남,36세,경상,승용,남,49세,사망
2019091100100825,2019년 9월 11일 22시,수요일,전라북도 군산시 나운동,중상사고,0,1,1,0,차대사람 - 횡단중,안전운전불이행,건조,맑음,교차로 - 교차로부근,승용,남,47세,상해없음,보행자,남,35세,중상
2019091100100855,2019년 9월 11일 23시,수요일,전라북도 전주시 완산구 효자동1가,중상사고,0,1,0,0,차대차 - 측면충돌,중앙선침범,건조,맑음,단일로 - 기타,승용,남,56세,상해없음,이륜,남,41세,중상
2019091200100023,2019년 9월 12일 00시,목요일,전라북도 전주시 덕진구 금암동,중상사고,0,1,0,0,차대사람 - 횡단중,안전운전불이행,젖음/습기,비,단일로 - 기타,승용,남,57세,상해없음,보행자,남,41세,중상
2019091200100024,2019년 9월 12일 00시,목요일,전라북도 군산시 산북동,경상사고,0,0,2,0,차대차 - 측면충돌,안전운전불이행,건조,맑음,교차로 - 교차로안,승용,남,21세,상해없음,승용,남,56세,경상
2019091200100054,2019년 9월 12일 02시,목요일,전라북도 전주시 완산구 효자동3가,중상사고,0,1,0,0,차대차 - 추돌,안전운전불이행,젖음/습기,비,교차로 - 교차로안,승용,남,28세,상해없음,승용,남,36세,중상
2019091200100063,2019년 9월 12일 03시,목요일,전라북도 전주시 완산구 효자동3가,경상사고,0,0,1,0,차대사람 - 횡단중,보행자보호의무위반,젖음/습기,비,교차로 - 교차로횡단보도내,승용,여,37세,상해없음,보행자,여,26세,경상
2019091200100064,2019년 9월 12일 03시,목요일,전라북도 전주시 완산구 효자동3가,중상사고,0,1,0,0,차대사람 - 횡단중,안전운전불이행,젖음/습기,비,단일로 - 기타,승용,남,60세,상해없음,보행자,남,20세,중상
2019091200100065,2019년 9월 12일 03시,목요일,전라북도 전주시 덕진구 덕진동1가,경상사고,0,0,2,0,차대차 - 측면충돌,차로위반,건조,맑음,교차로 - 교차로부근,승용,남,27세,상해없음,승용,여,21세,경상
2019091200100134,2019년 9월 12일 08시,목요일,전라북도 군산시 옥산면,경상사고,0,0,1,0,차량단독 - 전도전복 - 전도,안전운전불이행,젖음/습기,비,단일로 - 지하차도(도로)내,승용,남,39세,경상,,,,
2019091200100135,2019년 9월 12일 08시,목요일,전라북도 익산시 인화동2가,경상사고,0,0,2,0,차대차 - 측면충돌,직진우회전진행방해,젖음/습기,비,교차로 - 교차로안,승합,남,36세,상해없음,승용,남,48세,경상
2019091200100189,2019년 9월 12일 11시,목요일,전라북도 부안군 계화면,경상사고,0,0,5,0,차대차 - 측면충돌,직진우회전진행방해,건조,흐림,교차로 - 교차로안,승용,남,65세,상해없음,승용,남,39세,경상
2019091200100218,2019년 9월 12일 12시,목요일,전라북도 익산시 함열읍,경상사고,0,0,1,0,차대사람 - 횡단중,안전운전불이행,젖음/습기,비,교차로 - 교차로안,승용,남,46세,상해없음,보행자,여,63세,경상
2019091200100255,2019년 9월 12일 13시,목요일,전라북도 정읍시 고부면,경상사고,0,0,1,0,차대차 - 측면충돌,신호위반,젖음/습기,흐림,교차로 - 교차로안,승용,남,75세,상해없음,승용,남,67세,경상
2019091200100288,2019년 9월 12일 14시,목요일,전라북도 남원시 이백면,중상사고,0,2,2,0,차대차 - 측면충돌,중앙선침범,젖음/습기,비,단일로 - 기타,승용,남,35세,경상,승용,남,41세,중상
2019091200100289,2019년 9월 12일 14시,목요일,전라북도 순창군 순창읍,경상사고,0,0,1,0,차대차 - 측면충돌,안전운전불이행,건조,흐림,교차로 - 교차로안,승용,남,46세,상해없음,승용,남,22세,경상
2019091200100319,2019년 9월 12일 15시,목요일,전라북도 임실군 오수면,경상사고,0,0,1,0,차대차 - 후진중충돌,안전운전불이행,건조,맑음,단일로 - 기타,승용,남,70세,상해없음,자전거,남,55세,경상
2019091200100429,2019년 9월 12일 19시,목요일,전라북도 김제시 황산면,경상사고,0,0,1,0,차대차 - 측면충돌,중앙선침범,건조,맑음,단일로 - 기타,승용,남,84세,상해없음,승용,여,62세,경상
2019091200100471,2019년 9월 12일 20시,목요일,전라북도 전주시 덕진구 반월동,경상사고,0,0,1,0,차대차 - 측면충돌,중앙선침범,건조,맑음,단일로 - 기타,화물,남,38세,상해없음,이륜,남,23세,경상
2019091200100472,2019년 9월 12일 20시,목요일,전라북도 익산시 신용동,중상사고,0,1,0,0,차대사람 - 횡단중,안전운전불이행,건조,맑음,단일로 - 기타,승용,여,45세,상해없음,보행자,남,51세,중상
2019091200100473,2019년 9월 12일 20시,목요일,전라북도 익산시 평화동,경상사고,0,0,1,0,차대차 - 측면충돌,교차로운행방법위반,건조,맑음,교차로 - 교차로안,승용,남,53세,상해없음,승용,여,38세,경상
2019091200100517,2019년 9월 12일 22시,목요일,전라북도 전주시 덕진구 우아동3가,경상사고,0,0,2,0,차대차 - 추돌,안전운전불이행,건조,맑음,교차로 - 교차로부근,승용,여,43세,기타불명,화물,남,26세,경상
2019091200100518,2019년 9월 12일 22시,목요일,전라북도 군산시 수송동,경상사고,0,0,1,0,차대차 - 측면충돌,안전운전불이행,건조,맑음,교차로 - 교차로부근,승용,남,59세,상해없음,승용,남,61세,경상
2019091200100519,2019년 9월 12일 22시,목요일,전라북도 임실군 임실읍,중상사고,0,1,0,0,차대사람 - 기타,안전운전불이행,서리/결빙,기타,기타 - 기타,승용,여,46세,상해없음,보행자,여,36세,중상
2019091200100538,2019년 9월 12일 23시,목요일,전라북도 완주군 봉동읍,경상사고,0,0,3,0,차대차 - 측면충돌,안전운전불이행,건조,맑음,단일로 - 기타,승용,남,26세,상해없음,승용,여,33세,경상
2019091300100041,2019년 9월 13일 02시,금요일,전라북도 익산시 송학동,경상사고,0,0,2,0,차대차 - 측면충돌,안전운전불이행,건조,맑음,단일로 - 기타,승용,남,25세,상해없음,승용,남,58세,경상
2019091300100042,2019년 9월 13일 02시,금요일,전라북도 익산시 영등동,경상사고,0,0,1,0,차대사람 - 기타,안전운전불이행,건조,맑음,단일로 - 기타,승용,여,24세,상해없음,보행자,여,24세,경상
2019091300100052,2019년 9월 13일 03시,금요일,전라북도 익산시 영등동,경상사고,0,0,1,0,차대차 - 측면충돌,안전거리미확보,건조,맑음,단일로 - 기타,승용,남,64세,상해없음,승용,남,65세,상해없음
2019091300100080,2019년 9월 13일 08시,금요일,전라북도 순창군 유등면,부상신고사고,0,0,0,1,차대차 - 기타,직진우회전진행방해,건조,맑음,교차로 - 교차로안,자전거,여,59세,부상신고,화물,남,50세,상해없음
2019091300100115,2019년 9월 13일 10시,금요일,전라북도 무주군 무주읍,경상사고,0,0,6,0,차대차 - 측면충돌,신호위반,건조,맑음,교차로 - 교차로안,승용,남,51세,상해없음,승용,여,36세,경상
2019091300100118,2019년 9월 13일 10시,금요일,전라북도 완주군 이서면,경상사고,0,0,1,0,차대차 - 추돌,안전거리미확보,건조,맑음,기타 - 기타,화물,남,57세,상해없음,승용,남,65세,경상
2019091300100141,2019년 9월 13일 11시,금요일,전라북도 군산시 성산면,경상사고,0,0,2,0,차대차 - 기타,안전운전불이행,건조,맑음,단일로 - 기타,승용,남,22세,기타불명,승용,남,72세,경상
2019091300100142,2019년 9월 13일 11시,금요일,전라북도 익산시 인화동1가,경상사고,0,0,2,0,차대차 - 측면충돌,직진우회전진행방해,건조,맑음,교차로 - 교차로안,승용,남,56세,상해없음,승용,남,72세,경상
2019091300100176,2019년 9월 13일 12시,금요일,전라북도 정읍시 태인면,경상사고,0,0,2,0,차대차 - 측면충돌,교차로운행방법위반,건조,맑음,교차로 - 교차로안,승용,남,41세,경상,승용,남,74세,경상
2019091300100177,2019년 9월 13일 12시,금요일,전라북도 부안군 줄포면,중상사고,0,2,5,0,차대차 - 측면충돌,직진우회전진행방해,건조,맑음,교차로 - 교차로안,승용,남,41세,경상,승용,남,52세,경상
2019091300100282,2019년 9월 13일 15시,금요일,전라북도 김제시 청하면,경상사고,0,0,4,0,차대차 - 측면충돌,차로위반,건조,맑음,단일로 - 기타,승용,남,63세,상해없음,승용,남,48세,경상
2019091300100283,2019년 9월 13일 15시,금요일,전라북도 남원시 운봉읍,중상사고,0,1,0,0,차대차 - 측면충돌,중앙선침범,건조,맑음,단일로 - 기타,승용,남,40세,상해없음,승용,여,50세,중상
2019091300100308,2019년 9월 13일 16시,금요일,전라북도 완주군 비봉면,중상사고,0,1,1,0,차대차 - 정면충돌,중앙선침범,건조,맑음,단일로 - 기타,승용,남,48세,상해없음,승용,남,69세,경상
2019091300100336,2019년 9월 13일 17시,금요일,전라북도 익산시 팔봉동,경상사고,0,0,4,0,차대차 - 추돌,안전운전불이행,건조,맑음,교차로 - 교차로부근,승용,여,50세,상해없음,승용,남,46세,경상
2019091300100371,2019년 9월 13일 18시,금요일,전라북도 김제시 금구면,경상사고,0,0,2,0,차대차 - 측면충돌,안전거리미확보,건조,맑음,단일로 - 기타,승용,남,47세,상해없음,승용,남,63세,경상
2019091300100385,2019년 9월 13일 19시,금요일,전라북도 전주시 덕진구 금암동,경상사고,0,0,3,0,차대차 - 측면충돌,직진우회전진행방해,건조,맑음,교차로 - 교차로안,승용,남,42세,상해없음,승용,남,40세,경상
2019091300100386,2019년 9월 13일 19시,금요일,전라북도 정읍시 용계동,경상사고,0,0,1,0,차대차 - 측면충돌,안전운전불이행,건조,맑음,교차로 - 교차로부근,승용,남,58세,상해없음,승용,남,42세,경상
2019091300100399,2019년 9월 13일 20시,금요일,전라북도 전주시 완산구 삼천동1가,부상신고사고,0,0,0,1,차대차 - 측면충돌,신호위반,건조,맑음,교차로 - 교차로안,이륜,남,17세,상해없음,승용,남,49세,상해없음
2019091300100420,2019년 9월 13일 21시,금요일,전라북도 군산시 대야면,경상사고,0,0,1,0,차대차 - 측면충돌,신호위반,건조,흐림,교차로 - 교차로안,승용,남,32세,상해없음,승용,남,50세,경상
2019091300100429,2019년 9월 13일 22시,금요일,전라북도 전주시 완산구 평화동2가,경상사고,0,0,1,0,차대차 - 측면충돌,안전운전불이행,건조,맑음,단일로 - 기타,승용,여,56세,경상,이륜,남,21세,상해없음
2019091300100444,2019년 9월 13일 23시,금요일,전라북도 익산시 어양동,경상사고,0,0,1,0,차대차 - 측면충돌,안전운전불이행,건조,맑음,단일로 - 기타,이륜,남,59세,경상,화물,남,59세,상해없음
2019091400100033,2019년 9월 14일 01시,토요일,전라북도 전주시 덕진구 호성동1가,경상사고,0,0,1,0,차대차 - 측면충돌,안전거리미확보,건조,맑음,교차로 - 교차로부근,승용,남,28세,상해없음,승용,남,30세,경상
2019091400100039,2019년 9월 14일 02시,토요일,전라북도 전주시 덕진구 덕진동1가,중상사고,0,1,0,0,차대사람 - 횡단중,보행자보호의무위반,건조,맑음,교차로 - 교차로횡단보도내,승용,남,55세,상해없음,보행자,남,29세,중상
2019091400100063,2019년 9월 14일 05시,토요일,전라북도 전주시 완산구 서신동,경상사고,0,0,3,0,차대차 - 측면충돌,신호위반,건조,맑음,교차로 - 교차로안,화물,남,67세,상해없음,승용,여,25세,경상
2019091400100100,2019년 9월 14일 10시,토요일,전라북도 완주군 삼례읍,경상사고,0,0,2,0,차대차 - 추돌,안전운전불이행,건조,맑음,단일로 - 기타,승용,남,48세,경상,승용,남,54세,경상
2019091400100133,2019년 9월 14일 12시,토요일,전라북도 전주시 완산구 중화산동2가,경상사고,0,0,2,0,차대차 - 측면충돌,직진우회전진행방해,젖음/습기,흐림,교차로 - 교차로안,승용,남,58세,상해없음,승용,남,57세,경상
2019091400100134,2019년 9월 14일 12시,토요일,전라북도 전주시 덕진구 호성동1가,부상신고사고,0,0,0,1,차대차 - 추돌,안전거리미확보,건조,맑음,교차로 - 교차로안,승용,남,70세,상해없음,승용,남,39세,부상신고
2019091400100171,2019년 9월 14일 13시,토요일,전라북도 전주시 덕진구 덕진동1가,부상신고사고,0,0,0,1,차대사람 - 보도통행중,기타,건조,맑음,단일로 - 기타,이륜,남,54세,상해없음,보행자,남,3세,부상신고
2019091400100200,2019년 9월 14일 14시,토요일,전라북도 군산시 옥도면,경상사고,0,0,2,0,차대차 - 추돌,안전운전불이행,건조,맑음,단일로 - 기타,화물,남,52세,상해없음,승용,남,64세,경상
2019091400100201,2019년 9월 14일 14시,토요일,전라북도 김제시 교동,경상사고,0,0,2,0,차대차 - 기타,안전운전불이행,건조,맑음,단일로 - 기타,승합,남,57세,상해없음,이륜,남,67세,경상
2019091400100202,2019년 9월 14일 14시,토요일,전라북도 고창군 무장면,경상사고,0,0,1,0,차대차 - 추돌,안전운전불이행,건조,맑음,단일로 - 기타,승용,남,25세,상해없음,승용,남,45세,경상
2019091400100257,2019년 9월 14일 16시,토요일,전라북도 정읍시 상동,중상사고,0,1,0,0,차대차 - 기타,직진우회전진행방해,건조,맑음,교차로 - 교차로안,승용,남,18세,상해없음,자전거,남,59세,중상
2019091400100258,2019년 9월 14일 16시,토요일,전라북도 정읍시 북면,경상사고,0,0,4,0,차대차 - 기타,직진우회전진행방해,건조,맑음,교차로 - 교차로안,승용,여,34세,상해없음,승용,남,52세,경상
2019091400100284,2019년 9월 14일 17시,토요일,전라북도 전주시 완산구 경원동3가,경상사고,0,0,1,0,차대차 - 측면충돌,안전운전불이행,건조,흐림,단일로 - 기타,이륜,남,32세,상해없음,승용,여,50세,경상
2019091400100285,2019년 9월 14일 17시,토요일,전라북도 김제시 요촌동,경상사고,0,0,1,0,차대차 - 기타,안전운전불이행,건조,맑음,교차로 - 교차로안,승용,여,54세,상해없음,자전거,여,45세,경상
2019091400100312,2019년 9월 14일 18시,토요일,전라북도 전주시 완산구 효자동2가,경상사고,0,0,2,0,차대차 - 측면충돌,신호위반,건조,맑음,교차로 - 교차로안,승용,여,60세,경상,승용,여,36세,경상
2019091400100345,2019년 9월 14일 19시,토요일,전라북도 전주시 완산구 서신동,경상사고,0,0,3,0,차대차 - 기타,안전운전불이행,건조,맑음,교차로 - 교차로부근,승용,남,54세,상해없음,화물,남,23세,경상
2019091400100362,2019년 9월 14일 20시,토요일,전라북도 군산시 조촌동,중상사고,0,1,0,0,차대사람 - 횡단중,보행자보호의무위반,건조,기타,단일로 - 기타,승용,남,50세,상해없음,보행자,여,13세,중상
2019091400100426,2019년 9월 14일 23시,토요일,전라북도 익산시 마동,중상사고,0,1,0,0,차대사람 - 기타,안전운전불이행,건조,맑음,단일로 - 기타,승용,남,53세,상해없음,보행자,남,50세,중상
2019091500100039,2019년 9월 15일 01시,일요일,전라북도 전주시 완산구 중화산동2가,경상사고,0,0,3,0,차대차 - 추돌,안전운전불이행,건조,맑음,단일로 - 기타,승용,남,24세,상해없음,승용,남,24세,경상
2019091500100088,2019년 9월 15일 07시,일요일,전라북도 군산시 수송동,사망사고,1,0,2,0,차대차 - 측면충돌,중앙선침범,건조,맑음,교차로 - 교차로부근,화물,남,70세,상해없음,승용,남,22세,경상
2019091500100161,2019년 9월 15일 12시,일요일,전라북도 고창군 대산면,경상사고,0,0,4,0,차대차 - 추돌,안전거리미확보,건조,맑음,단일로 - 기타,화물,남,43세,상해없음,승용,남,34세,경상
2019091500100162,2019년 9월 15일 12시,일요일,전라북도 부안군 변산면,중상사고,0,3,2,0,차대차 - 추돌,안전운전불이행,건조,맑음,교차로 - 교차로안,승합,남,58세,상해없음,승합,남,26세,중상
2019091500100190,2019년 9월 15일 13시,일요일,전라북도 전주시 덕진구 인후동1가,경상사고,0,0,1,0,차대사람 - 횡단중,보행자보호의무위반,건조,맑음,교차로 - 교차로횡단보도내,승용,여,36세,상해없음,보행자,여,46세,경상
2019091500100253,2019년 9월 15일 15시,일요일,전라북도 전주시 완산구 효자동3가,사망사고,1,0,0,0,차대차 - 측면충돌,안전거리미확보,건조,맑음,단일로 - 기타,이륜,남,67세,사망,화물,남,36세,상해없음
2019091500100279,2019년 9월 15일 16시,일요일,전라북도 전주시 완산구 효자동3가,경상사고,0,0,3,0,차대차 - 추돌,안전운전불이행,건조,맑음,단일로 - 기타,승용,여,40세,기타불명,승용,남,27세,경상
2019091500100280,2019년 9월 15일 16시,일요일,전라북도 익산시 함열읍,경상사고,0,0,1,0,차대차 - 측면충돌,신호위반,건조,맑음,교차로 - 교차로안,승합,남,47세,상해없음,화물,남,58세,경상
2019091500100314,2019년 9월 15일 17시,일요일,전라북도 전주시 덕진구 고랑동,경상사고,0,0,5,0,차대차 - 추돌,안전운전불이행,건조,맑음,교차로 - 교차로부근,승용,남,57세,기타불명,승용,남,38세,경상
2019091500100377,2019년 9월 15일 19시,일요일,전라북도 익산시 오산면,중상사고,0,1,1,0,차대차 - 추돌,안전거리미확보,건조,맑음,단일로 - 기타,승용,여,40세,상해없음,승용,남,18세,경상