사고번호,사고일시,요일,시군구,사고내용,사망자수,중상자수,경상자수,부상신고자수,사고유형,법규위반,노면상태,기상상태,도로형태,가해운전자 차종,가해운전자 성별,가해운전자 연령,가해운전자 상해정도,피해운전자 차종,피해운전자 성별,피해운전자 연령,피해운전자 상해정도
2019091600100054,2019년 9월 16일 02시,월요일,전라북도 전주시 완산구 중화산동2가,경상사고,0,0,1,0,차대차 - 추돌,안전운전불이행,건조,맑음,단일로 - 기타,승용,남,24세,상해없음,승용,남,40세,경상
2019091600100139,2019년 9월 16일 08시,월요일,전라북도 전주시 완산구 서신동,중상사고,0,1,0,0,차대사람 - 횡단중,보행자보호의무위반,건조,맑음,교차로 - 교차로횡단보도내,승용,여,77세,상해없음,보행자,남,20세,중상
2019091600100140,2019년 9월 16일 08시,월요일,전라북도 전주시 덕진구 반월동,경상사고,0,0,1,0,차대차 - 측면충돌,신호위반,건조,맑음,교차로 - 교차로안,승용,남,52세,상해없음,승용,남,40세,경상
2019091600100141,2019년 9월 16일 08시,월요일,전라북도 고창군 대산면,경상사고,0,0,2,0,차대차 - 측면충돌,중앙선침범,건조,맑음,단일로 - 기타,화물,남,59세,상해없음,승합,남,67세,경상
2019091600100142,2019년 9월 16일 08시,월요일,전라북도 부안군 하서면,중상사고,0,2,5,0,차대차 - 정면충돌,신호위반,건조,맑음,교차로 - 교차로안,승용,남,79세,경상,승합,남,55세,상해없음
2019091600100192,2019년 9월 16일 09시,월요일,전라북도 전주시 덕진구 송천동1가,경상사고,0,0,1,0,차대차 - 측면충돌,안전운전불이행,건조,맑음,교차로 - 교차로안,승용,남,69세,상해없음,승용,남,58세,경상
2019091600100193,2019년 9월 16일 09시,월요일,전라북도 완주군 상관면,중상사고,0,1,0,0,차대차 - 측면충돌,신호위반,건조,맑음,단일로 - 교량,화물,남,60세,상해없음,승용,여,50세,중상
2019091600100228,2019년 9월 16일 10시,월요일,전라북도 전주시 완산구 중화산동2가,경상사고,0,0,1,0,차대사람 - 기타,안전운전불이행,건조,맑음,교차로 - 교차로부근,승용,여,49세,상해없음,보행자,여,60세,경상
2019091600100229,2019년 9월 16일 10시,월요일,전라북도 군산시 옥산면,경상사고,0,0,1,0,차대차 - 기타,안전운전불이행,건조,맑음,단일로 - 기타,화물,남,60세,상해없음,승용,남,49세,경상
2019091600100251,2019년 9월 16일 11시,월요일,전라북도 군산시 송창동,중상사고,0,1,0,0,차대사람 - 횡단중,보행자보호의무위반,건조,맑음,교차로 - 교차로안,승용,남,75세,상해없음,보행자,여,68세,중상
2019091600100252,2019년 9월 16일 11시,월요일,전라북도 익산시 송학동,경상사고,0,0,1,0,차대차 - 측면충돌,직진우회전진행방해,건조,맑음,교차로 - 교차로안,승용,여,50세,상해없음,승용,남,36세,경상
2019091600100286,2019년 9월 16일 12시,월요일,전라북도 김제시 성덕면,중상사고,0,1,0,0,차대차 - 측면충돌,불법유턴,건조,맑음,단일로 - 기타,승용,여,54세,상해없음,이륜,남,45세,중상
2019091600100322,2019년 9월 16일 13시,월요일,전라북도 전주시 완산구 중화산동1가,경상사고,0,0,1,0,차대차 - 측면충돌,중앙선침범,건조,맑음,교차로 - 교차로안,승용,남,27세,상해없음,승용,남,49세,경상
2019091600100323,2019년 9월 16일 13시,월요일,전라북도 전주시 덕진구 만성동,경상사고,0,0,1,0,차대차 - 측면충돌,신호위반,건조,맑음,교차로 - 교차로안,승용,남,24세,상해없음,승용,여,59세,경상
2019091600100324,2019년 9월 16일 13시,월요일,전라북도 남원시 노암동,중상사고,0,1,0,0,차대차 - 기타,기타,건조,맑음,단일로 - 기타,승용,남,69세,상해없음,이륜,남,74세,중상
2019091600100441,2019년 9월 16일 16시,월요일,전라북도 익산시 모현동1가,경상사고,0,0,1,0,차대차 - 측면충돌,직진우회전진행방해,건조,맑음,교차로 - 교차로안,승용,남,23세,상해없음,승용,여,50세,경상
2019091600100442,2019년 9월 16일 16시,월요일,전라북도 김제시 요촌동,경상사고,0,0,1,0,차대차 - 측면충돌,안전운전불이행,건조,맑음,단일로 - 기타,승용,남,71세,상해없음,자전거,남,17세,경상
2019091600100443,2019년 9월 16일 16시,월요일,전라북도 남원시 향교동,경상사고,0,0,1,0,차대차 - 기타,안전운전불이행,건조,맑음,단일로 - 기타,화물,남,58세,상해없음,자전거,남,63세,경상
2019091600100482,2019년 9월 16일 17시,월요일,전라북도 전주시 완산구 삼천동1가,경상사고,0,0,1,0,차대사람 - 횡단중,보행자보호의무위반,건조,맑음,기타 - 기타,승용,여,36세,상해없음,보행자,남,5세,경상
2019091600100483,2019년 9월 16일 17시,월요일,전라북도 군산시 옥산면,경상사고,0,0,1,0,차대차 - 기타,안전운전불이행,건조,맑음,교차로 - 교차로안,승용,남,27세,상해없음,승용,여,63세,경상
2019091600100484,2019년 9월 16일 17시,월요일,전라북도 김제시 용지면,경상사고,0,0,1,0,차대차 - 측면충돌,직진우회전진행방해,건조,맑음,교차로 - 교차로안,이륜,남,64세,경상,화물,여,69세,상해없음
2019091600100534,2019년 9월 16일 18시,월요일,전라북도 군산시 영화동,중상사고,0,1,0,0,차대차 - 측면충돌,교차로운행방법위반,건조,맑음,교차로 - 교차로안,승용,남,26세,상해없음,이륜,남,20세,중상
2019091600100535,2019년 9월 16일 18시,월요일,전라북도 군산시 신풍동,중상사고,0,1,1,0,차대차 - 측면충돌,신호위반,건조,맑음,교차로 - 교차로안,승용,여,26세,상해없음,승용,여,60세,중상
2019091600100582,2019년 9월 16일 19시,월요일,전라북도 익산시 영등동,경상사고,0,0,2,0,차대사람 - 횡단중,보행자보호의무위반,건조,맑음,교차로 - 교차로횡단보도내,화물,남,65세,상해없음,보행자,여,30세,경상
2019091600100668,2019년 9월 16일 23시,월요일,전라북도 고창군 고창읍,경상사고,0,0,1,0,차대사람 - 기타,안전운전불이행,건조,맑음,단일로 - 기타,화물,남,71세,상해없음,보행자,남,67세,경상
2019091700100070,2019년 9월 17일 06시,화요일,전라북도 익산시 목천동,경상사고,0,0,1,0,차대차 - 측면충돌,직진우회전진행방해,건조,맑음,교차로 - 교차로안,승용,남,60세,상해없음,승용,남,57세,경상
2019091700100097,2019년 9월 17일 07시,화요일,전라북도 군산시 나운동,사망사고,1,0,0,0,차대차 - 추돌,안전운전불이행,건조,맑음,교차로 - 교차로부근,승합,남,64세,상해없음,승용,남,46세,상해없음
2019091700100098,2019년 9월 17일 07시,화요일,전라북도 군산시 미룡동,중상사고,0,1,2,0,차대차 - 측면충돌,안전운전불이행,건조,맑음,단일로 - 지하차도(도로)내,승용,남,25세,상해없음,승용,여,46세,중상
2019091700100141,2019년 9월 17일 08시,화요일,전라북도 익산시 춘포면,경상사고,0,0,1,0,차대차 - 측면충돌,신호위반,건조,맑음,교차로 - 교차로안,농기계,남,59세,상해없음,화물,남,24세,경상
2019091700100207,2019년 9월 17일 09시,화요일,전라북도 익산시 성당면,경상사고,0,0,1,0,차대차 - 측면충돌,신호위반,건조,맑음,교차로 - 교차로안,화물,여,65세,상해없음,화물,남,59세,경상
2019091700100240,2019년 9월 17일 10시,화요일,전라북도 진안군 진안읍,중상사고,0,1,0,0,차량단독 - 도로외이탈 - 기타,안전운전불이행,건조,맑음,단일로 - 기타,농기계,남,81세,중상,,,,
2019091700100241,2019년 9월 17일 10시,화요일,전라북도 임실군 관촌면,중상사고,0,1,1,0,차대차 - 추돌,안전운전불이행,건조,맑음,단일로 - 터널,승용,여,44세,상해없음,화물,남,46세,경상
2019091700100268,2019년 9월 17일 11시,화요일,전라북도 익산시 모현동2가,경상사고,0,0,1,0,차대사람 - 기타,보행자보호의무위반,건조,맑음,기타 - 기타,승용,남,63세,상해없음,보행자,남,76세,경상
2019091700100269,2019년 9월 17일 11시,화요일,전라북도 김제시 성덕면,경상사고,0,0,1,0,차대사람 - 차도통행중,안전운전불이행,건조,맑음,교차로 - 교차로부근,화물,남,73세,상해없음,보행자,남,46세,경상
2019091700100410,2019년 9월 17일 15시,화요일,전라북도 익산시 여산면,경상사고,0,0,1,0,차대차 - 측면충돌,교차로운행방법위반,건조,맑음,교차로 - 교차로안,승용,남,63세,상해없음,이륜,남,78세,경상
2019091700100495,2019년 9월 17일 17시,화요일,전라북도 전주시 완산구 효자동3가,경상사고,0,0,1,0,차대차 - 측면충돌,교차로운행방법위반,건조,맑음,교차로 - 교차로횡단보도내,이륜,남,20세,상해없음,승용,남,59세,경상
2019091700100496,2019년 9월 17일 17시,화요일,전라북도 전주시 완산구 효자동3가,중상사고,0,1,1,0,차대사람 - 횡단중,보행자보호의무위반,건조,맑음,교차로 - 교차로횡단보도내,승합,남,50세,상해없음,보행자,여,21세,중상
2019091700100497,2019년 9월 17일 17시,화요일,전라북도 남원시 어현동,중상사고,0,1,0,0,차대차 - 기타,안전운전불이행,건조,맑음,단일로 - 기타,이륜,남,53세,상해없음,자전거,남,76세,중상
2019091700100541,2019년 9월 17일 18시,화요일,전라북도 익산시 오산면,중상사고,0,1,1,0,차대차 - 추돌,안전거리미확보,건조,맑음,단일로 - 기타,승용,여,24세,상해없음,승용,남,29세,경상
2019091700100598,2019년 9월 17일 19시,화요일,전라북도 군산시 서흥남동,경상사고,0,0,2,0,차대차 - 기타,안전운전불이행,건조,맑음,교차로 - 교차로안,승용,남,63세,상해없음,승용,남,56세,경상
2019091700100599,2019년 9월 17일 19시,화요일,전라북도 익산시 금마면,경상사고,0,0,1,0,차대차 - 추돌,안전운전불이행,건조,맑음,단일로 - 기타,승용,남,30세,상해없음,건설기계,남,53세,경상
2019091700100600,2019년 9월 17일 19시,화요일,전라북도 익산시 신동,경상사고,0,0,1,0,차대차 - 추돌,안전거리미확보,건조,맑음,단일로 - 기타,승용,여,62세,상해없음,이륜,남,17세,경상
2019091700100649,2019년 9월 17일 21시,화요일,전라북도 전주시 완산구 효자동2가,중상사고,0,1,0,0,차대사람 - 횡단중,안전운전불이행,건조,맑음,교차로 - 교차로안,승용,남,62세,상해없음,보행자,여,20세,중상
2019091700100673,2019년 9월 17일 22시,화요일,전라북도 전주시 덕진구 호성동2가,경상사고,0,0,2,0,차대차 - 기타,안전운전불이행,건조,맑음,단일로 - 기타,화물,남,69세,상해없음,승용,여,33세,경상
2019091800100076,2019년 9월 18일 06시,수요일,전라북도 전주시 완산구 중화산동2가,경상사고,0,0,1,0,차대차 - 측면충돌,안전운전불이행,건조,맑음,교차로 - 교차로안,승용,남,68세,상해없음,승용,남,56세,경상
2019091800100099,2019년 9월 18일 07시,수요일,전라북도 군산시 오룡동,경상사고,0,0,1,0,차대차 - 기타,안전운전불이행,건조,맑음,교차로 - 교차로안,승용,남,66세,상해없음,승용,남,74세,경상
2019091800100100,2019년 9월 18일 07시,수요일,전라북도 군산시 오식도동,경상사고,0,0,1,0,차대차 - 측면충돌,신호위반,건조,맑음,교차로 - 교차로안,승용,여,60세,상해없음,승용,남,48세,경상
2019091800100128,2019년 9월 18일 08시,수요일,전라북도 전주시 완산구 효자동2가,경상사고,0,0,2,0,차대차 - 추돌,안전운전불이행,건조,맑음,단일로 - 기타,승용,남,22세,상해없음,승용,남,49세,경상
2019091800100129,2019년 9월 18일 08시,수요일,전라북도 전주시 덕진구 인후동2가,중상사고,0,1,0,0,차대사람 - 횡단중,안전운전불이행,건조,맑음,교차로 - 교차로횡단보도내,화물,여,43세,상해없음,보행자,여,83세,중상
2019091800100130,2019년 9월 18일 08시,수요일,전라북도 고창군 고창읍,경상사고,0,0,1,0,차대차 - 기타,직진우회전진행방해,건조,맑음,교차로 - 교차로안,승용,여,61세,상해없음,승용,남,40세,경상
2019091800100166,2019년 9월 18일 09시,수요일,전라북도 전주시 완산구 효자동1가,경상사고,0,0,2,0,차대차 - 측면충돌,신호위반,건조,맑음,교차로 - 교차로안,화물,남,53세,상해없음,승용,여,39세,경상
2019091800100167,2019년 9월 18일 09시,수요일,전라북도 전주시 덕진구 송천동1가,경상사고,0,0,1,0,차대차 - 추돌,안전운전불이행,건조,맑음,단일로 - 기타,기타불명,기타불명,미분류,기타불명,승용,남,82세,상해없음
2019091800100168,2019년 9월 18일 09시,수요일,전라북도 군산시 미장동,경상사고,0,0,1,0,차대사람 - 기타,보행자보호의무위반,건조,맑음,교차로 - 교차로안,승용,여,57세,상해없음,보행자,여,50세,경상
2019091800100193,2019년 9월 18일 10시,수요일,전라북도 진안군 백운면,경상사고,0,0,1,0,차대차 - 측면충돌,안전운전불이행,건조,맑음,교차로 - 교차로안,자전거,남,79세,경상,승용,여,46세,상해없음
2019091800100225,2019년 9월 18일 11시,수요일,전라북도 익산시 평화동,중상사고,0,1,1,0,차대차 - 측면충돌,신호위반,건조,맑음,교차로 - 교차로안,이륜,남,77세,중상,승용,남,68세,경상
2019091800100333,2019년 9월 18일 14시,수요일,전라북도 전주시 덕진구 호성동1가,부상신고사고,0,0,0,1,차대차 - 측면충돌,직진우회전진행방해,건조,흐림,교차로 - 교차로안,승용,남,60세,상해없음,자전거,남,15세,부상신고
2019091800100334,2019년 9월 18일 14시,수요일,전라북도 익산시 남중동,중상사고,0,1,0,0,차대차 - 측면충돌,신호위반,건조,맑음,교차로 - 교차로안,이륜,남,26세,상해없음,자전거,남,27세,중상
2019091800100335,2019년 9월 18일 14시,수요일,전라북도 장수군 장계면,경상사고,0,0,1,0,차대차 - 기타,안전운전불이행,건조,맑음,단일로 - 기타,승용,남,49세,상해없음,농기계,남,85세,경상
2019091800100369,2019년 9월 18일 15시,수요일,전라북도 진안군 진안읍,중상사고,0,1,0,0,차대사람 - 횡단중,보행자보호의무위반,건조,맑음,교차로 - 교차로부근,승용,여,26세,상해없음,보행자,남,9세,중상
2019091800100415,2019년 9월 18일 16시,수요일,전라북도 정읍시 태인면,사망사고,1,0,0,0,차량단독 - 공작물충돌,안전운전불이행,건조,맑음,단일로 - 기타,화물,남,49세,사망,,,,
2019091800100416,2019년 9월 18일 16시,수요일,전라북도 부안군 행안면,중상사고,0,1,0,0,차대차 - 정면충돌,중앙선침범,건조,맑음,단일로 - 기타,승용,남,27세,상해없음,화물,남,67세,중상
2019091800100467,2019년 9월 18일 17시,수요일,전라북도 전주시 덕진구 덕진동2가,부상신고사고,0,0,0,1,차대차 - 기타,안전운전불이행,건조,맑음,교차로 - 교차로안,기타불명,기타불명,미분류,기타불명,자전거,남,9세,부상신고
2019091800100468,2019년 9월 18일 17시,수요일,전라북도 전주시 덕진구 송천동2가,중상사고,0,1,1,0,차대차 - 추돌,안전운전불이행,건조,맑음,단일로 - 기타,승용,남,63세,상해없음,승용,여,43세,경상
2019091800100469,2019년 9월 18일 17시,수요일,전라북도 익산시 신동,경상사고,0,0,1,0,차대차 - 측면충돌,교차로운행방법위반,건조,맑음,교차로 - 교차로안,자전거,여,70세,경상,승용,남,56세,상해없음
2019091800100470,2019년 9월 18일 17시,수요일,전라북도 익산시 신동,중상사고,0,1,0,0,차대차 - 측면충돌,안전운전불이행,건조,맑음,교차로 - 교차로안,원동기,여,21세,중상,승용,남,69세,상해없음
2019091800100529,2019년 9월 18일 18시,수요일,전라북도 전주시 덕진구 산정동,중상사고,0,1,0,0,차대차 - 측면충돌,중앙선침범,건조,맑음,단일로 - 기타,이륜,남,18세,상해없음,승용,남,42세,중상
2019091800100599,2019년 9월 18일 19시,수요일,전라북도 전주시 덕진구 송천동2가,경상사고,0,0,1,0,차대차 - 기타,안전거리미확보,건조,맑음,단일로 - 기타,승용,남,67세,상해없음,승용,남,59세,경상
2019091800100646,2019년 9월 18일 20시,수요일,전라북도 완주군 봉동읍,경상사고,0,0,1,0,차대차 - 기타,안전운전불이행,건조,흐림,기타 - 기타,승용,남,63세,상해없음,승용,남,37세,경상
2019091800100678,2019년 9월 18일 21시,수요일,전라북도 군산시 경암동,경상사고,0,0,1,0,차대사람 - 기타,교차로운행방법위반,건조,맑음,단일로 - 기타,승용,남,64세,상해없음,보행자,여,68세,경상
2019091800100695,2019년 9월 18일 22시,수요일,전라북도 전주시 덕진구 금암동,경상사고,0,0,1,0,차대차 - 측면충돌,신호위반,건조,맑음,교차로 - 교차로안,승용,남,21세,상해없음,승용,여,53세,경상
2019091900100047,2019년 9월 19일 01시,목요일,전라북도 전주시 완산구 중화산동2가,중상사고,0,1,0,0,차대사람 - 기타,안전운전불이행,건조,맑음,기타 - 기타,승용,남,58세,상해없음,보행자,여,53세,중상
2019091900100078,2019년 9월 19일 05시,목요일,전라북도 군산시 경장동,경상사고,0,0,1,0,차대사람 - 횡단중,신호위반,건조,맑음,교차로 - 교차로횡단보도내,승용,남,58세,상해없음,보행자,여,60세,경상
2019091900100106,2019년 9월 19일 07시,목요일,전라북도 전주시 완산구 평화동2가,경상사고,0,0,1,0,차대차 - 측면충돌,안전운전불이행,건조,맑음,단일로 - 기타,화물,남,44세,상해없음,승용,여,48세,경상
2019091900100107,2019년 9월 19일 07시,목요일,전라북도 장수군 장수읍,중상사고,0,1,1,0,차대차 - 추돌,교차로운행방법위반,건조,맑음,교차로 - 교차로안,화물,남,60세,중상,화물,남,49세,경상
2019091900100155,2019년 9월 19일 08시,목요일,전라북도 전주시 덕진구 중동,경상사고,0,0,2,0,차대차 - 추돌,안전운전불이행,건조,맑음,단일로 - 기타,승용,여,43세,기타불명,승용,남,48세,경상
2019091900100156,2019년 9월 19일 08시,목요일,전라북도 전주시 덕진구 송천동2가,경상사고,0,0,1,0,차대차 - 추돌,안전운전불이행,건조,맑음,단일로 - 기타,승용,여,40세,상해없음,승용,여,60세,경상
2019091900100157,2019년 9월 19일 08시,목요일,전라북도 전주시 덕진구 팔복동3가,경상사고,0,0,1,0,차대차 - 측면충돌,불법유턴,건조,맑음,단일로 - 기타,승용,남,34세,기타불명,자전거,남,43세,경상
2019091900100158,2019년 9월 19일 08시,목요일,전라북도 군산시 문화동,경상사고,0,0,1,0,차대사람 - 횡단중,안전운전불이행,건조,맑음,단일로 - 지하차도(도로)내,승용,여,43세,상해없음,보행자,여,14세,경상
2019091900100159,2019년 9월 19일 08시,목요일,전라북도 익산시 어양동,중상사고,0,1,0,0,차대차 - 측면충돌,직진우회전진행방해,건조,맑음,교차로 - 교차로안,승용,여,42세,상해없음,자전거,남,64세,중상
2019091900100160,2019년 9월 19일 08시,목요일,전라북도 정읍시 하북동,경상사고,0,0,1,0,차대차 - 측면충돌,신호위반,건조,맑음,교차로 - 교차로안,승용,남,48세,상해없음,화물,남,46세,경상
2019091900100161,2019년 9월 19일 08시,목요일,전라북도 완주군 구이면,경상사고,0,0,1,0,차대차 - 기타,안전운전불이행,건조,맑음,단일로 - 기타,기타불명,기타불명,미분류,기타불명,승용,여,46세,경상
2019091900100208,2019년 9월 19일 09시,목요일,전라북도 익산시 부송동,경상사고,0,0,2,0,차대차 - 추돌,안전운전불이행,건조,맑음,교차로 - 교차로부근,화물,남,40세,상해없음,승합,여,45세,경상
2019091900100209,2019년 9월 19일 09시,목요일,전라북도 김제시 죽산면,중상사고,0,1,0,0,차대차 - 측면충돌,기타,건조,맑음,교차로 - 교차로안,건설기계,남,26세,상해없음,화물,남,22세,중상
2019091900100210,2019년 9월 19일 09시,목요일,전라북도 완주군 삼례읍,중상사고,0,1,0,0,차대차 - 기타,안전운전불이행,건조,맑음,교차로 - 교차로안,승용,남,62세,상해없음,이륜,남,80세,중상
2019091900100236,2019년 9월 19일 10시,목요일,전라북도 전주시 덕진구 만성동,중상사고,0,1,5,0,차대차 - 정면충돌,교차로운행방법위반,건조,맑음,교차로 - 교차로안,화물,남,64세,기타불명,승합,남,56세,경상
2019091900100264,2019년 9월 19일 11시,목요일,전라북도 무주군 안성면,중상사고,0,1,0,0,차대차 - 측면충돌,과속,건조,맑음,교차로 - 교차로안,이륜,남,18세,중상,화물,남,62세,상해없음
2019091900100297,2019년 9월 19일 12시,목요일,전라북도 전주시 완산구 동서학동,경상사고,0,0,3,0,차대차 - 기타,중앙선침범,건조,맑음,단일로 - 기타,이륜,남,49세,상해없음,승용,남,58세,경상
2019091900100298,2019년 9월 19일 12시,목요일,전라북도 전주시 덕진구 반월동,중상사고,0,1,0,0,차대차 - 측면충돌,직진우회전진행방해,건조,맑음,교차로 - 교차로안,승용,남,54세,상해없음,이륜,여,73세,중상
2019091900100324,2019년 9월 19일 13시,목요일,전라북도 정읍시 수성동,경상사고,0,0,1,0,차대차 - 기타,안전운전불이행,건조,맑음,교차로 - 교차로안,자전거,여,37세,경상,승용,여,39세,상해없음
2019091900100325,2019년 9월 19일 13시,목요일,전라북도 남원시 대산면,경상사고,0,0,3,0,차대차 - 측면충돌,중앙선침범,건조,맑음,단일로 - 기타,화물,남,63세,상해없음,승용,남,72세,경상
2019091900100391,2019년 9월 19일 15시,목요일,전라북도 익산시 신동,경상사고,0,0,1,0,차대차 - 기타,신호위반,건조,맑음,교차로 - 교차로안,화물,남,70세,상해없음,원동기,남,77세,경상
2019091900100392,2019년 9월 19일 15시,목요일,전라북도 익산시 어양동,사망사고,1,0,0,0,차대사람 - 횡단중,안전운전불이행,건조,맑음,교차로 - 교차로안,특수,남,45세,상해없음,보행자,남,70세,사망
2019091900100443,2019년 9월 19일 16시,목요일,전라북도 전주시 완산구 평화동1가,경상사고,0,0,3,0,차대차 - 추돌,안전운전불이행,건조,맑음,교차로 - 교차로부근,승용,여,56세,상해없음,승용,남,51세,경상
2019091900100444,2019년 9월 19일 16시,목요일,전라북도 군산시 수송동,경상사고,0,0,1,0,차대사람 - 차도통행중,안전운전불이행,건조,맑음,단일로 - 지하차도(도로)내,승용,남,56세,상해없음,보행자,남,7세,경상
2019091900100477,2019년 9월 19일 17시,목요일,전라북도 군산시 오식도동,경상사고,0,0,1,0,차대차 - 측면충돌,교차로운행방법위반,건조,맑음,교차로 - 교차로부근,특수,남,56세,상해없음,건설기계,남,48세,경상
2019091900100478,2019년 9월 19일 17시,목요일,전라북도 부안군 줄포면,중상사고,0,1,0,0,차대차 - 측면충돌,기타,건조,맑음,교차로 - 교차로안,원동기,남,73세,중상,승용,남,53세,상해없음
2019091900100518,2019년 9월 19일 18시,목요일,전라북도 전주시 완산구 중화산동2가,중상사고,0,1,0,0,차대차 - 측면충돌,신호위반,건조,맑음,교차로 - 교차로안,승용,여,39세,상해없음,이륜,남,41세,중상
2019091900100519,2019년 9월 19일 18시,목요일,전라북도 진안군 마령면,경상사고,0,0,1,0,차량단독 - 도로외이탈 - 기타,안전운전불이행,건조,맑음,단일로 - 기타,농기계,남,55세,경상,,,,
2019091900100620,2019년 9월 19일 21시,목요일,전라북도 익산시 모현동1가,경상사고,0,0,1,0,차대차 - 측면충돌,신호위반,건조,맑음,교차로 - 교차로안,승용,여,50세,상해없음,승용,여,55세,경상
2019091900100671,2019년 9월 19일 23시,목요일,전라북도 전주시 덕진구 인후동1가,경상사고,0,0,2,0,차대차 - 정면충돌,안전운전불이행,건조,맑음,교차로 - 교차로횡단보도내,승용,여,36세,상해없음,승용,남,32세,경상
2019091900100672,2019년 9월 19일 23시,목요일,전라북도 군산시 나운동,중상사고,0,1,0,0,차대차 - 기타,안전운전불이행,건조,맑음,단일로 - 기타,화물,남,50세,상해없음,이륜,남,17세,중상
2019091900100673,2019년 9월 19일 23시,목요일,전라북도 군산시 미룡동,경상사고,0,0,1,0,차대사람 - 기타,안전운전불이행,건조,맑음,단일로 - 기타,승용,남,21세,상해없음,보행자,남,19세,경상
2019091900100674,2019년 9월 19일 23시,목요일,전라북도 익산시 부송동,경상사고,0,0,2,0,차대차 - 추돌,안전운전불이행,건조,맑음,교차로 - 교차로부근,승용,남,40세,상해없음,승용,남,24세,경상
2019092000100042,2019년 9월 20일 01시,금요일,전라북도 전주시 덕진구 팔복동3가,사망사고,1,0,0,0,차대차 - 추돌,안전운전불이행,건조,맑음,단일로 - 기타,승합,남,47세,사망,화물,남,40세,기타불명
2019092000100074,2019년 9월 20일 05시,금요일,전라북도 고창군 대산면,중상사고,0,1,0,0,차대사람 - 차도통행중,안전운전불이행,건조,맑음,단일로 - 기타,화물,여,56세,상해없음,보행자,여,77세,중상
2019092000100158,2019년 9월 20일 08시,금요일,전라북도 군산시 미원동,경상사고,0,0,1,0,차대차 - 측면충돌,신호위반,건조,맑음,교차로 - 교차로횡단보도내,승용,남,73세,상해없음,자전거,여,60세,경상
2019092000100159,2019년 9월 20일 08시,금요일,전라북도 군산시 회현면,경상사고,0,0,4,0,차대차 - 측면충돌,기타,건조,맑음,교차로 - 교차로안,화물,남,65세,경상,농기계,남,69세,경상
2019092000100196,2019년 9월 20일 09시,금요일,전라북도 군산시 오룡동,경상사고,0,0,2,0,차대차 - 측면충돌,불법유턴,건조,맑음,단일로 - 지하차도(도로)내,승용,남,80세,상해없음,이륜,남,62세,경상
2019092000100197,2019년 9월 20일 09시,금요일,전라북도 군산시 개정면,사망사고,1,1,1,0,차대차 - 측면충돌,안전운전불이행,건조,맑음,교차로 - 교차로안,승용,남,75세,중상,승합,남,49세,경상
2019092000100198,2019년 9월 20일 09시,금요일,전라북도 익산시 남중동,중상사고,0,1,1,0,차대차 - 측면충돌,직진우회전진행방해,건조,맑음,교차로 - 교차로안,승용,여,26세,상해없음,승용,남,78세,경상
2019092000100236,2019년 9월 20일 10시,금요일,전라북도 전주시 덕진구 장동,경상사고,0,0,5,0,차대차 - 측면충돌,안전운전불이행,건조,맑음,교차로 - 교차로부근,승용,남,68세,상해없음,승합,남,39세,경상
2019092000100237,2019년 9월 20일 10시,금요일,전라북도 익산시 신용동,경상사고,0,0,1,0,차대차 - 정면충돌,중앙선침범,건조,맑음,단일로 - 기타,승용,여,44세,상해없음,승용,남,68세,경상
2019092000100238,2019년 9월 20일 10시,금요일,전라북도 고창군 대산면,사망사고,1,0,0,0,차대차 - 추돌,안전운전불이행,건조,맑음,단일로 - 기타,이륜,남,66세,사망,화물,남,23세,기타불명
2019092000100239,2019년 9월 20일 10시,금요일,전라북도 고창군 부안면,경상사고,0,0,1,0,차대차 - 측면충돌,신호위반,건조,맑음,교차로 - 교차로안,승용,남,26세,상해없음,승용,남,38세,경상
2019092000100240,2019년 9월 20일 10시,금요일,전라북도 부안군 변산면,경상사고,0,0,5,0,차대차 - 측면충돌,신호위반,건조,맑음,교차로 - 교차로안,화물,남,62세,상해없음,승용,남,74세,경상
2019092000100274,2019년 9월 20일 11시,금요일,전라북도 익산시 영등동,경상사고,0,0,1,0,차대차 - 측면충돌,교차로운행방법위반,건조,맑음,교차로 - 교차로부근,화물,남,64세,상해없음,원동기,남,49세,경상
2019092000100311,2019년 9월 20일 12시,금요일,전라북도 전주시 완산구 평화동1가,경상사고,0,0,2,0,차대차 - 추돌,안전운전불이행,건조,맑음,교차로 - 교차로부근,승용,남,66세,상해없음,승용,남,63세,경상
2019092000100312,2019년 9월 20일 12시,금요일,전라북도 김제시 검산동,중상사고,0,1,6,0,차대차 - 측면충돌,직진우회전진행방해,건조,맑음,교차로 - 교차로안,승용,남,65세,상해없음,승용,남,60세,경상
2019092000100313,2019년 9월 20일 12시,금요일,전라북도 고창군 고창읍,경상사고,0,0,2,0,차대차 - 측면충돌,안전거리미확보,건조,맑음,단일로 - 기타,승용,남,65세,상해없음,승용,여,24세,경상
2019092000100314,2019년 9월 20일 12시,금요일,전라북도 완주군 삼례읍,경상사고,0,0,1,0,차대차 - 측면충돌,안전운전불이행,건조,맑음,교차로 - 교차로부근,화물,남,56세,상해없음,승용,여,50세,경상
2019092000100390,2019년 9월 20일 15시,금요일,전라북도 전주시 완산구 삼천동1가,경상사고,0,0,1,0,차대사람 - 횡단중,보행자보호의무위반,건조,맑음,교차로 - 교차로안,기타불명,기타불명,미분류,기타불명,보행자,여,57세,경상