사고번호,사고일시,요일,시군구,사고내용,사망자수,중상자수,경상자수,부상신고자수,사고유형,법규위반,노면상태,기상상태,도로형태,가해운전자 차종,가해운전자 성별,가해운전자 연령,가해운전자 상해정도,피해운전자 차종,피해운전자 성별,피해운전자 연령,피해운전자 상해정도
2019092000100391,2019년 9월 20일 15시,금요일,전라북도 익산시 마동,경상사고,0,0,1,0,차대사람 - 횡단중,안전운전불이행,건조,맑음,단일로 - 기타,승용,남,59세,상해없음,보행자,남,14세,경상
2019092000100433,2019년 9월 20일 16시,금요일,전라북도 군산시 삼학동,경상사고,0,0,1,0,차대차 - 기타,안전운전불이행,건조,맑음,교차로 - 교차로안,승용,남,80세,상해없음,승합,남,48세,상해없음
2019092000100434,2019년 9월 20일 16시,금요일,전라북도 남원시 인월면,경상사고,0,0,1,0,차대차 - 기타,안전운전불이행,건조,맑음,교차로 - 교차로부근,화물,남,64세,상해없음,자전거,남,12세,경상
2019092000100481,2019년 9월 20일 17시,금요일,전라북도 임실군 신평면,경상사고,0,0,1,0,차대사람 - 기타,안전운전불이행,건조,맑음,단일로 - 기타,화물,남,49세,상해없음,보행자,남,72세,경상
2019092000100482,2019년 9월 20일 17시,금요일,전라북도 순창군 순창읍,경상사고,0,0,1,0,차대차 - 측면충돌,교차로운행방법위반,건조,맑음,교차로 - 교차로부근,승용,남,65세,상해없음,승용,여,43세,경상
2019092000100519,2019년 9월 20일 18시,금요일,전라북도 전주시 덕진구 송천동2가,경상사고,0,0,2,0,차대차 - 측면충돌,안전운전불이행,건조,맑음,단일로 - 기타,승용,남,52세,기타불명,승용,남,55세,경상
2019092000100520,2019년 9월 20일 18시,금요일,전라북도 전주시 덕진구 장동,중상사고,0,1,0,0,차대차 - 정면충돌,안전운전불이행,건조,맑음,교차로 - 교차로안,승용,남,54세,기타불명,승용,남,32세,중상
2019092000100573,2019년 9월 20일 19시,금요일,전라북도 부안군 변산면,중상사고,0,1,0,0,차대차 - 추돌,안전운전불이행,건조,흐림,단일로 - 기타,승용,남,66세,상해없음,농기계,여,74세,중상
2019092000100617,2019년 9월 20일 20시,금요일,전라북도 부안군 부안읍,경상사고,0,0,1,0,차대사람 - 횡단중,보행자보호의무위반,건조,맑음,교차로 - 교차로안,승용,남,27세,상해없음,보행자,여,13세,경상
2019092000100646,2019년 9월 20일 21시,금요일,전라북도 전주시 덕진구 진북동,경상사고,0,0,1,0,차대차 - 정면충돌,신호위반,건조,맑음,교차로 - 교차로안,승용,남,37세,기타불명,승용,남,43세,경상
2019092000100686,2019년 9월 20일 22시,금요일,전라북도 전주시 완산구 전동,경상사고,0,0,2,0,차대차 - 추돌,안전운전불이행,건조,맑음,단일로 - 기타,승용,남,37세,상해없음,승용,여,25세,경상
2019092100100099,2019년 9월 21일 04시,토요일,전라북도 전주시 완산구 효자동3가,경상사고,0,0,1,0,차대차 - 측면충돌,신호위반,건조,맑음,교차로 - 교차로안,승용,남,21세,상해없음,승용,남,45세,경상
2019092100100129,2019년 9월 21일 06시,토요일,전라북도 전주시 덕진구 호성동2가,경상사고,0,0,1,0,차대차 - 측면충돌,신호위반,건조,흐림,교차로 - 교차로안,화물,남,50세,기타불명,승용,여,61세,경상
2019092100100130,2019년 9월 21일 06시,토요일,전라북도 정읍시 공평동,경상사고,0,0,1,0,차대차 - 측면충돌,안전운전불이행,건조,맑음,단일로 - 기타,화물,남,51세,상해없음,승용,여,48세,경상
2019092100100160,2019년 9월 21일 08시,토요일,전라북도 전주시 덕진구 여의동,경상사고,0,0,18,0,차대차 - 추돌,안전운전불이행,젖음/습기,비,교차로 - 교차로부근,승용,남,33세,상해없음,승합,남,51세,경상
2019092100100186,2019년 9월 21일 09시,토요일,전라북도 익산시 부송동,경상사고,0,0,1,0,차대차 - 측면충돌,직진우회전진행방해,젖음/습기,비,교차로 - 교차로안,승용,남,21세,상해없음,승용,남,32세,경상
2019092100100241,2019년 9월 21일 11시,토요일,전라북도 전주시 완산구 서신동,경상사고,0,0,1,0,차대차 - 추돌,안전운전불이행,젖음/습기,비,교차로 - 교차로부근,승용,남,33세,상해없음,승용,남,33세,경상
2019092100100242,2019년 9월 21일 11시,토요일,전라북도 익산시 남중동,경상사고,0,0,1,0,차대사람 - 횡단중,안전운전불이행,젖음/습기,비,교차로 - 교차로부근,승용,여,40세,상해없음,보행자,여,54세,경상
2019092100100393,2019년 9월 21일 15시,토요일,전라북도 전주시 덕진구 송천동2가,경상사고,0,0,2,0,차대차 - 측면충돌,중앙선침범,젖음/습기,비,단일로 - 기타,화물,남,43세,상해없음,승합,남,55세,경상
2019092100100394,2019년 9월 21일 15시,토요일,전라북도 군산시 나운동,경상사고,0,0,1,0,차대차 - 측면충돌,안전운전불이행,젖음/습기,비,단일로 - 지하차도(도로)내,승용,여,30세,상해없음,승용,여,74세,경상
2019092100100395,2019년 9월 21일 15시,토요일,전라북도 무주군 설천면,경상사고,0,0,2,0,차대차 - 기타,중앙선침범,젖음/습기,비,단일로 - 기타,승용,남,46세,상해없음,승용,남,49세,경상
2019092100100465,2019년 9월 21일 17시,토요일,전라북도 전주시 덕진구 덕진동1가,경상사고,0,0,1,0,차대차 - 측면충돌,기타,젖음/습기,비,단일로 - 기타,승용,남,35세,상해없음,이륜,남,42세,경상
2019092100100466,2019년 9월 21일 17시,토요일,전라북도 군산시 나운동,경상사고,0,0,6,0,차대차 - 추돌,안전운전불이행,젖음/습기,흐림,교차로 - 교차로부근,승용,남,51세,상해없음,승용,여,46세,경상
2019092100100511,2019년 9월 21일 18시,토요일,전라북도 익산시 마동,경상사고,0,0,5,0,차대차 - 측면충돌,직진우회전진행방해,젖음/습기,비,교차로 - 교차로안,승용,남,64세,상해없음,승용,남,60세,경상
2019092100100512,2019년 9월 21일 18시,토요일,전라북도 익산시 함열읍,경상사고,0,0,2,0,차대차 - 측면충돌,직진우회전진행방해,젖음/습기,비,교차로 - 교차로안,승용,남,52세,상해없음,승용,남,62세,경상
2019092100100513,2019년 9월 21일 18시,토요일,전라북도 익산시 부송동,경상사고,0,0,1,0,차량단독 - 기타,안전운전불이행,젖음/습기,비,교차로 - 교차로안,승용,남,66세,상해없음,,,,
2019092100100514,2019년 9월 21일 18시,토요일,전라북도 남원시 천거동,중상사고,0,1,0,0,차대차 - 측면충돌,안전운전불이행,젖음/습기,비,단일로 - 기타,화물,남,27세,상해없음,이륜,남,24세,중상
2019092100100515,2019년 9월 21일 18시,토요일,전라북도 부안군 부안읍,경상사고,0,0,2,0,차대차 - 측면충돌,직진우회전진행방해,젖음/습기,비,교차로 - 교차로안,승용,여,54세,경상,승용,남,69세,경상
2019092100100570,2019년 9월 21일 19시,토요일,전라북도 전주시 완산구 중화산동2가,경상사고,0,0,1,0,차대사람 - 횡단중,신호위반,젖음/습기,비,교차로 - 교차로부근,이륜,남,19세,상해없음,보행자,여,78세,경상
2019092100100571,2019년 9월 21일 19시,토요일,전라북도 전주시 완산구 중화산동2가,경상사고,0,0,1,0,차대차 - 기타,안전운전불이행,젖음/습기,비,교차로 - 교차로횡단보도내,승용,남,53세,상해없음,승용,남,51세,경상
2019092100100572,2019년 9월 21일 19시,토요일,전라북도 군산시 경암동,경상사고,0,0,2,1,차대차 - 측면충돌,안전운전불이행,젖음/습기,비,단일로 - 지하차도(도로)내,승용,남,38세,상해없음,승용,남,61세,경상
2019092100100573,2019년 9월 21일 19시,토요일,전라북도 정읍시 시기동,경상사고,0,0,1,0,차대사람 - 횡단중,안전운전불이행,젖음/습기,비,단일로 - 기타,승용,남,57세,상해없음,보행자,여,47세,경상
2019092100100626,2019년 9월 21일 20시,토요일,전라북도 전주시 덕진구 송천동1가,중상사고,0,1,0,0,차대차 - 측면충돌,안전거리미확보,젖음/습기,비,단일로 - 기타,승용,남,72세,상해없음,이륜,남,19세,중상
2019092100100627,2019년 9월 21일 20시,토요일,전라북도 완주군 삼례읍,경상사고,0,0,1,0,차대차 - 측면충돌,안전운전불이행,젖음/습기,비,단일로 - 기타,승용,남,64세,상해없음,승용,남,39세,경상
2019092100100673,2019년 9월 21일 21시,토요일,전라북도 전주시 덕진구 인후동2가,경상사고,0,0,1,0,차대차 - 추돌,안전운전불이행,젖음/습기,비,교차로 - 교차로부근,승용,남,58세,상해없음,승용,남,61세,경상
2019092100100709,2019년 9월 21일 22시,토요일,전라북도 전주시 완산구 중화산동2가,중상사고,0,1,0,0,차대사람 - 기타,안전운전불이행,젖음/습기,비,단일로 - 기타,승용,남,54세,상해없음,보행자,남,64세,중상
2019092100100710,2019년 9월 21일 22시,토요일,전라북도 전주시 완산구 삼천동1가,경상사고,0,0,1,0,차대사람 - 길가장자리구역통행중,안전운전불이행,젖음/습기,비,교차로 - 교차로부근,승용,남,21세,상해없음,보행자,남,45세,경상
2019092100100732,2019년 9월 21일 23시,토요일,전라북도 익산시 영등동,경상사고,0,0,3,0,차량단독 - 공작물충돌,안전운전불이행,젖음/습기,비,단일로 - 기타,승용,남,33세,상해없음,,,,
2019092200100048,2019년 9월 22일 01시,일요일,전라북도 전주시 완산구 삼천동1가,중상사고,0,1,0,0,차량단독 - 공작물충돌,안전운전불이행,젖음/습기,비,단일로 - 기타,승용,여,56세,상해없음,,,,
2019092200100049,2019년 9월 22일 01시,일요일,전라북도 군산시 개정면,경상사고,0,0,1,0,차량단독 - 공작물충돌,안전운전불이행,젖음/습기,비,단일로 - 지하차도(도로)내,승용,남,60세,경상,,,,
2019092200100087,2019년 9월 22일 03시,일요일,전라북도 전주시 덕진구 금암동,경상사고,0,0,1,0,차대차 - 추돌,안전운전불이행,건조,맑음,단일로 - 기타,승합,남,47세,상해없음,승용,남,43세,경상
2019092200100182,2019년 9월 22일 11시,일요일,전라북도 익산시 신동,경상사고,0,0,2,0,차대차 - 측면충돌,직진우회전진행방해,건조,맑음,교차로 - 교차로안,승용,여,62세,상해없음,승용,남,61세,경상
2019092200100205,2019년 9월 22일 12시,일요일,전라북도 군산시 옥산면,경상사고,0,0,2,0,차대차 - 측면충돌,안전운전불이행,젖음/습기,비,단일로 - 기타,승용,남,20세,상해없음,승용,여,36세,경상
2019092200100229,2019년 9월 22일 13시,일요일,전라북도 완주군 용진읍,경상사고,0,0,1,0,차대차 - 추돌,안전운전불이행,젖음/습기,비,단일로 - 기타,승용,남,35세,상해없음,승용,남,56세,경상
2019092200100259,2019년 9월 22일 14시,일요일,전라북도 익산시 금마면,경상사고,0,0,3,0,차량단독 - 공작물충돌,안전운전불이행,젖음/습기,비,단일로 - 기타,승용,남,58세,상해없음,,,,
2019092200100361,2019년 9월 22일 18시,일요일,전라북도 남원시 신촌동,경상사고,0,0,4,0,차대차 - 추돌,안전운전불이행,젖음/습기,흐림,단일로 - 기타,승용,남,65세,상해없음,승용,여,52세,경상
2019092200100488,2019년 9월 22일 22시,일요일,전라북도 군산시 수송동,경상사고,0,0,2,0,차대차 - 추돌,안전운전불이행,건조,맑음,교차로 - 교차로부근,승용,여,37세,상해없음,승용,남,53세,경상
2019092200100489,2019년 9월 22일 22시,일요일,전라북도 익산시 부송동,경상사고,0,0,1,0,차대차 - 추돌,안전거리미확보,젖음/습기,비,교차로 - 교차로안,승용,남,64세,상해없음,승용,남,26세,경상
2019092300100076,2019년 9월 23일 06시,월요일,전라북도 전주시 덕진구 금암동,부상신고사고,0,0,0,1,차대차 - 측면충돌,신호위반,건조,맑음,교차로 - 교차로안,이륜,남,41세,부상신고,승용,남,62세,상해없음
2019092300100098,2019년 9월 23일 07시,월요일,전라북도 익산시 오산면,경상사고,0,0,2,0,차대차 - 추돌,안전거리미확보,젖음/습기,맑음,단일로 - 기타,승용,남,33세,경상,화물,남,69세,상해없음
2019092300100099,2019년 9월 23일 07시,월요일,전라북도 무주군 설천면,중상사고,0,1,0,0,차대차 - 측면충돌,안전운전불이행,건조,맑음,교차로 - 교차로안,화물,남,66세,상해없음,승용,여,46세,중상
2019092300100148,2019년 9월 23일 08시,월요일,전라북도 남원시 고죽동,중상사고,0,1,0,0,차대차 - 측면충돌,안전운전불이행,건조,맑음,단일로 - 기타,승용,여,38세,상해없음,승용,남,25세,상해없음
2019092300100149,2019년 9월 23일 08시,월요일,전라북도 부안군 부안읍,경상사고,0,0,2,0,차대차 - 측면충돌,신호위반,건조,맑음,교차로 - 교차로안,화물,남,27세,상해없음,승용,여,66세,경상
2019092300100221,2019년 9월 23일 10시,월요일,전라북도 정읍시 연지동,경상사고,0,0,1,0,차대사람 - 횡단중,보행자보호의무위반,건조,맑음,교차로 - 교차로횡단보도내,승용,남,50세,상해없음,보행자,남,72세,경상
2019092300100250,2019년 9월 23일 11시,월요일,전라북도 정읍시 시기동,중상사고,0,1,0,0,차대사람 - 보도통행중,기타,건조,맑음,기타 - 기타,자전거,남,54세,상해없음,보행자,남,52세,중상
2019092300100251,2019년 9월 23일 11시,월요일,전라북도 고창군 무장면,중상사고,0,1,0,0,차대차 - 추돌,안전운전불이행,건조,맑음,단일로 - 기타,승용,남,38세,기타불명,농기계,남,77세,중상
2019092300100252,2019년 9월 23일 11시,월요일,전라북도 임실군 임실읍,경상사고,0,0,1,0,차대차 - 측면충돌,교차로운행방법위반,건조,맑음,교차로 - 교차로안,승용,남,69세,상해없음,화물,남,32세,경상
2019092300100276,2019년 9월 23일 12시,월요일,전라북도 익산시 용안면,경상사고,0,0,2,0,차대차 - 측면충돌,안전운전불이행,건조,맑음,교차로 - 교차로부근,화물,남,66세,경상,원동기,남,62세,경상
2019092300100311,2019년 9월 23일 13시,월요일,전라북도 익산시 춘포면,경상사고,0,0,4,0,차대차 - 측면충돌,직진우회전진행방해,건조,맑음,교차로 - 교차로안,승용,남,55세,경상,화물,남,66세,경상
2019092300100312,2019년 9월 23일 13시,월요일,전라북도 익산시 부송동,경상사고,0,0,1,0,차대사람 - 기타,안전운전불이행,건조,맑음,단일로 - 기타,승용,남,54세,기타불명,보행자,여,70세,경상
2019092300100313,2019년 9월 23일 13시,월요일,전라북도 고창군 고창읍,경상사고,0,0,2,0,차대차 - 후진중충돌,안전운전불이행,건조,맑음,단일로 - 기타,승용,남,36세,상해없음,승용,여,34세,경상
2019092300100345,2019년 9월 23일 14시,월요일,전라북도 전주시 덕진구 인후동1가,사망사고,1,0,0,0,차대사람 - 횡단중,신호위반,건조,맑음,단일로 - 기타,화물,남,54세,상해없음,보행자,여,87세,사망
2019092300100346,2019년 9월 23일 14시,월요일,전라북도 군산시 소룡동,경상사고,0,0,3,0,차대차 - 측면충돌,교차로운행방법위반,건조,맑음,교차로 - 교차로안,승용,여,43세,상해없음,승합,여,37세,경상
2019092300100347,2019년 9월 23일 14시,월요일,전라북도 익산시 신동,중상사고,0,1,1,0,차대차 - 측면충돌,직진우회전진행방해,건조,맑음,교차로 - 교차로안,이륜,남,39세,중상,승용,여,21세,경상
2019092300100385,2019년 9월 23일 15시,월요일,전라북도 정읍시 송산동,경상사고,0,0,3,0,차대차 - 측면충돌,안전운전불이행,건조,맑음,단일로 - 기타,화물,남,30세,상해없음,승합,남,33세,경상
2019092300100453,2019년 9월 23일 17시,월요일,전라북도 전주시 덕진구 팔복동3가,경상사고,0,0,1,0,차대차 - 측면충돌,안전운전불이행,건조,맑음,단일로 - 기타,화물,남,61세,상해없음,자전거,남,48세,경상
2019092300100454,2019년 9월 23일 17시,월요일,전라북도 군산시 장재동,경상사고,0,0,2,0,차대차 - 추돌,신호위반,건조,맑음,교차로 - 교차로안,승용,여,70세,상해없음,승용,남,70세,경상
2019092300100455,2019년 9월 23일 17시,월요일,전라북도 군산시 미룡동,중상사고,0,1,0,0,차대사람 - 횡단중,보행자보호의무위반,건조,맑음,교차로 - 교차로횡단보도내,승용,남,54세,상해없음,보행자,여,88세,중상
2019092300100456,2019년 9월 23일 17시,월요일,전라북도 김제시 금구면,경상사고,0,0,1,0,차대차 - 추돌,안전운전불이행,건조,맑음,교차로 - 교차로부근,승용,여,39세,상해없음,승용,여,49세,경상
2019092300100457,2019년 9월 23일 17시,월요일,전라북도 부안군 보안면,경상사고,0,0,1,0,차대차 - 추돌,안전운전불이행,건조,맑음,기타 - 기타,승합,남,60세,상해없음,승용,여,55세,경상
2019092300100508,2019년 9월 23일 18시,월요일,전라북도 전주시 완산구 중노송동,경상사고,0,0,1,0,차대차 - 측면충돌,신호위반,건조,맑음,교차로 - 교차로안,승용,여,52세,상해없음,이륜,남,40세,경상
2019092300100548,2019년 9월 23일 19시,월요일,전라북도 전주시 완산구 서신동,경상사고,0,0,1,0,차대차 - 측면충돌,신호위반,건조,기타,단일로 - 기타,화물,남,69세,상해없음,승용,남,66세,경상
2019092400100037,2019년 9월 24일 01시,화요일,전라북도 군산시 나운동,경상사고,0,0,1,0,차대차 - 추돌,안전운전불이행,건조,흐림,교차로 - 교차로부근,승용,남,40세,상해없음,승용,남,23세,경상
2019092400100050,2019년 9월 24일 02시,화요일,전라북도 전주시 완산구 효자동3가,경상사고,0,0,1,0,차대사람 - 횡단중,보행자보호의무위반,젖음/습기,기타,단일로 - 기타,승용,여,36세,상해없음,보행자,여,29세,경상
2019092400100065,2019년 9월 24일 04시,화요일,전라북도 군산시 경장동,경상사고,0,0,1,0,차대차 - 측면충돌,안전거리미확보,건조,흐림,교차로 - 교차로부근,승용,남,28세,상해없음,승용,여,52세,경상
2019092400100116,2019년 9월 24일 07시,화요일,전라북도 전주시 완산구 효자동3가,중상사고,0,1,0,0,차대차 - 측면충돌,중앙선침범,건조,맑음,교차로 - 교차로안,승용,남,36세,상해없음,승용,남,35세,중상
2019092400100117,2019년 9월 24일 07시,화요일,전라북도 전주시 덕진구 덕진동1가,중상사고,0,1,0,0,차대차 - 기타,신호위반,건조,맑음,교차로 - 교차로안,승용,남,38세,상해없음,승용,남,55세,중상
2019092400100155,2019년 9월 24일 08시,화요일,전라북도 전주시 덕진구 전미동1가,경상사고,0,0,1,0,차대차 - 추돌,안전거리미확보,건조,맑음,단일로 - 기타,승합,남,59세,상해없음,승용,남,58세,경상
2019092400100156,2019년 9월 24일 08시,화요일,전라북도 부안군 부안읍,경상사고,0,0,1,0,차대차 - 추돌,신호위반,건조,맑음,교차로 - 교차로안,승용,여,48세,상해없음,자전거,남,72세,경상
2019092400100192,2019년 9월 24일 09시,화요일,전라북도 익산시 동산동,경상사고,0,0,1,0,차대차 - 측면충돌,안전운전불이행,건조,맑음,단일로 - 기타,승용,남,55세,상해없음,승용,남,60세,경상
2019092400100270,2019년 9월 24일 11시,화요일,전라북도 전주시 완산구 효자동2가,경상사고,0,0,3,0,차대차 - 측면충돌,안전운전불이행,건조,맑음,교차로 - 교차로안,승용,남,35세,상해없음,승합,남,53세,경상
2019092400100347,2019년 9월 24일 13시,화요일,전라북도 전주시 완산구 효자동2가,중상사고,0,1,0,0,차대사람 - 보도통행중,기타,건조,맑음,단일로 - 기타,화물,남,51세,상해없음,보행자,여,53세,중상
2019092400100348,2019년 9월 24일 13시,화요일,전라북도 익산시 황등면,중상사고,0,1,0,0,차대차 - 측면충돌,안전운전불이행,건조,맑음,교차로 - 교차로안,화물,남,28세,상해없음,자전거,여,69세,중상
2019092400100374,2019년 9월 24일 14시,화요일,전라북도 전주시 덕진구 여의동,경상사고,0,0,1,0,차대차 - 후진중충돌,안전운전불이행,건조,맑음,단일로 - 기타,화물,남,52세,상해없음,승용,남,38세,경상
2019092400100375,2019년 9월 24일 14시,화요일,전라북도 익산시 남중동,중상사고,0,1,0,0,차대사람 - 횡단중,보행자보호의무위반,건조,맑음,교차로 - 교차로안,승용,남,42세,상해없음,보행자,남,74세,중상
2019092400100376,2019년 9월 24일 14시,화요일,전라북도 김제시 공덕면,중상사고,0,1,4,0,차대차 - 추돌,안전운전불이행,건조,맑음,단일로 - 기타,화물,남,72세,상해없음,승용,여,44세,경상
2019092400100377,2019년 9월 24일 14시,화요일,전라북도 김제시 용지면,경상사고,0,0,4,0,차대차 - 측면충돌,신호위반,건조,맑음,교차로 - 교차로안,승용,여,39세,경상,승용,여,48세,경상
2019092400100428,2019년 9월 24일 15시,화요일,전라북도 전주시 덕진구 팔복동2가,경상사고,0,0,1,0,차대차 - 정면충돌,신호위반,건조,맑음,교차로 - 교차로안,승용,남,67세,상해없음,승용,남,52세,경상
2019092400100429,2019년 9월 24일 15시,화요일,전라북도 정읍시 수성동,경상사고,0,0,1,0,차대차 - 측면충돌,안전거리미확보,건조,맑음,단일로 - 기타,화물,남,69세,상해없음,승용,여,59세,경상
2019092400100430,2019년 9월 24일 15시,화요일,전라북도 김제시 백구면,경상사고,0,0,1,0,차대차 - 측면충돌,차로위반,건조,맑음,단일로 - 기타,화물,남,31세,상해없음,화물,남,43세,경상
2019092400100431,2019년 9월 24일 15시,화요일,전라북도 남원시 도통동,중상사고,0,1,0,0,차대차 - 측면충돌,직진우회전진행방해,건조,맑음,교차로 - 교차로안,승용,여,42세,상해없음,이륜,남,34세,중상
2019092400100432,2019년 9월 24일 15시,화요일,전라북도 부안군 부안읍,경상사고,0,0,2,0,차대차 - 측면충돌,신호위반,건조,맑음,교차로 - 교차로안,화물,남,62세,상해없음,승용,여,53세,경상
2019092400100433,2019년 9월 24일 15시,화요일,전라북도 무주군 적상면,경상사고,0,0,3,0,차대차 - 측면충돌,중앙선침범,건조,맑음,단일로 - 지하차도(도로)내,승용,여,54세,상해없음,승용,남,51세,경상
2019092400100434,2019년 9월 24일 15시,화요일,전라북도 무주군 적상면,중상사고,0,2,0,0,차대사람 - 기타,중앙선침범,건조,맑음,단일로 - 지하차도(도로)내,승용,여,54세,중상,보행자,남,59세,중상
2019092400100482,2019년 9월 24일 16시,화요일,전라북도 전주시 완산구 효자동1가,경상사고,0,0,2,0,차대차 - 측면충돌,안전거리미확보,건조,맑음,단일로 - 지하차도(도로)내,승용,남,56세,상해없음,승용,남,33세,경상
2019092400100483,2019년 9월 24일 16시,화요일,전라북도 군산시 나운동,경상사고,0,0,1,0,차대차 - 기타,중앙선침범,건조,맑음,단일로 - 기타,화물,남,38세,상해없음,승용,여,54세,경상
2019092400100484,2019년 9월 24일 16시,화요일,전라북도 익산시 영등동,중상사고,0,1,0,0,차대차 - 측면충돌,안전운전불이행,건조,맑음,교차로 - 교차로부근,승용,남,59세,상해없음,이륜,남,37세,중상
2019092400100485,2019년 9월 24일 16시,화요일,전라북도 부안군 동진면,경상사고,0,0,2,0,차대차 - 측면충돌,직진우회전진행방해,건조,맑음,교차로 - 교차로안,이륜,여,77세,경상,승용,여,56세,경상
2019092400100486,2019년 9월 24일 16시,화요일,전라북도 임실군 임실읍,경상사고,0,0,1,0,차대차 - 추돌,안전운전불이행,건조,맑음,단일로 - 기타,승용,남,78세,상해없음,승용,여,61세,경상
2019092400100530,2019년 9월 24일 17시,화요일,전라북도 정읍시 연지동,경상사고,0,0,1,0,차대사람 - 횡단중,보행자보호의무위반,건조,맑음,교차로 - 교차로부근,승용,남,23세,상해없음,보행자,여,78세,경상
2019092400100531,2019년 9월 24일 17시,화요일,전라북도 김제시 백구면,경상사고,0,0,3,0,차대차 - 추돌,안전거리미확보,건조,맑음,단일로 - 기타,화물,남,39세,상해없음,화물,남,37세,경상
2019092400100581,2019년 9월 24일 18시,화요일,전라북도 전주시 완산구 중화산동2가,경상사고,0,0,1,0,차대차 - 측면충돌,안전거리미확보,건조,맑음,단일로 - 기타,기타불명,기타불명,미분류,기타불명,이륜,남,48세,경상
2019092400100582,2019년 9월 24일 18시,화요일,전라북도 군산시 나운동,중상사고,0,1,0,0,차대사람 - 횡단중,보행자보호의무위반,건조,맑음,교차로 - 교차로횡단보도내,승용,남,51세,상해없음,보행자,여,43세,중상
2019092400100583,2019년 9월 24일 18시,화요일,전라북도 익산시 어양동,경상사고,0,0,1,0,차대차 - 측면충돌,안전운전불이행,건조,맑음,교차로 - 교차로안,승용,여,30세,상해없음,승용,남,43세,경상
2019092400100584,2019년 9월 24일 18시,화요일,전라북도 김제시 백구면,경상사고,0,0,1,0,차대차 - 측면충돌,안전운전불이행,건조,맑음,단일로 - 기타,승용,남,39세,상해없음,승용,남,55세,경상
2019092400100641,2019년 9월 24일 19시,화요일,전라북도 군산시 지곡동,경상사고,0,0,1,0,차대차 - 측면충돌,교차로운행방법위반,건조,맑음,교차로 - 교차로안,승용,여,39세,상해없음,승용,여,39세,경상
2019092400100642,2019년 9월 24일 19시,화요일,전라북도 익산시 모현동1가,중상사고,0,1,0,0,차대사람 - 횡단중,안전운전불이행,건조,맑음,단일로 - 기타,이륜,남,18세,상해없음,보행자,여,81세,중상
2019092400100680,2019년 9월 24일 20시,화요일,전라북도 전주시 덕진구 금암동,경상사고,0,0,1,0,차대사람 - 보도통행중,보행자보호의무위반,건조,맑음,교차로 - 교차로부근,승용,남,64세,상해없음,보행자,여,8세,경상
2019092400100681,2019년 9월 24일 20시,화요일,전라북도 익산시 어양동,경상사고,0,0,2,0,차대차 - 측면충돌,안전운전불이행,건조,맑음,교차로 - 교차로안,승용,여,27세,상해없음,승용,여,53세,경상
2019092500100050,2019년 9월 25일 01시,수요일,전라북도 남원시 도통동,경상사고,0,0,2,0,차대차 - 측면충돌,신호위반,건조,맑음,교차로 - 교차로안,승용,남,59세,상해없음,화물,남,28세,경상
2019092500100062,2019년 9월 25일 03시,수요일,전라북도 군산시 소룡동,사망사고,1,0,0,0,차대사람 - 횡단중,보행자보호의무위반,건조,맑음,교차로 - 교차로횡단보도내,승용,남,63세,상해없음,보행자,남,66세,사망
2019092500100110,2019년 9월 25일 07시,수요일,전라북도 익산시 춘포면,경상사고,0,0,1,0,차대차 - 측면충돌,신호위반,건조,맑음,교차로 - 교차로안,승용,남,65세,상해없음,승용,남,58세,경상
2019092500100111,2019년 9월 25일 07시,수요일,전라북도 정읍시 정우면,경상사고,0,0,2,0,차대차 - 측면충돌,신호위반,건조,맑음,교차로 - 교차로안,승용,남,53세,경상,화물,남,47세,경상
2019092500100147,2019년 9월 25일 08시,수요일,전라북도 전주시 완산구 평화동2가,경상사고,0,0,1,0,차대사람 - 보도통행중,신호위반,건조,맑음,교차로 - 교차로횡단보도내,승용,남,62세,상해없음,보행자,여,12세,경상
2019092500100148,2019년 9월 25일 08시,수요일,전라북도 전주시 완산구 상림동,경상사고,0,0,1,0,차대차 - 추돌,안전거리미확보,건조,맑음,교차로 - 교차로안,승용,여,29세,상해없음,승용,여,47세,경상
2019092500100190,2019년 9월 25일 09시,수요일,전라북도 정읍시 정우면,경상사고,0,0,6,0,차대차 - 측면충돌,안전거리미확보,건조,맑음,단일로 - 기타,화물,남,57세,상해없음,승합,남,58세,경상
2019092500100191,2019년 9월 25일 09시,수요일,전라북도 김제시 백산면,경상사고,0,0,2,0,차대차 - 측면충돌,차로위반,건조,맑음,단일로 - 기타,화물,남,41세,상해없음,승용,여,58세,경상
2019092500100237,2019년 9월 25일 10시,수요일,전라북도 김제시 검산동,중상사고,0,1,0,0,차대차 - 측면충돌,안전운전불이행,건조,맑음,단일로 - 기타,화물,남,51세,상해없음,승용,여,53세,중상
2019092500100267,2019년 9월 25일 11시,수요일,전라북도 전주시 덕진구 반월동,경상사고,0,0,1,0,차대사람 - 보도통행중,보행자보호의무위반,건조,맑음,교차로 - 교차로횡단보도내,승용,남,64세,상해없음,보행자,남,41세,경상
2019092500100356,2019년 9월 25일 14시,수요일,전라북도 고창군 고창읍,경상사고,0,0,2,0,차대차 - 측면충돌,교차로운행방법위반,건조,맑음,교차로 - 교차로안,화물,남,48세,상해없음,승용,남,82세,경상