사고번호,사고일시,요일,시군구,사고내용,사망자수,중상자수,경상자수,부상신고자수,사고유형,법규위반,노면상태,기상상태,도로형태,가해운전자 차종,가해운전자 성별,가해운전자 연령,가해운전자 상해정도,피해운전자 차종,피해운전자 성별,피해운전자 연령,피해운전자 상해정도
2019092500100480,2019년 9월 25일 17시,수요일,전라북도 전주시 완산구 평화동1가,경상사고,0,0,1,0,차대사람 - 기타,보행자보호의무위반,건조,맑음,단일로 - 기타,기타불명,기타불명,미분류,기타불명,보행자,남,60세,경상
2019092500100532,2019년 9월 25일 18시,수요일,전라북도 전주시 덕진구 만성동,경상사고,0,0,1,0,차대차 - 측면충돌,안전운전불이행,건조,맑음,교차로 - 교차로안,승용,여,46세,상해없음,화물,남,44세,경상
2019092500100533,2019년 9월 25일 18시,수요일,전라북도 익산시 함열읍,경상사고,0,0,1,0,차대사람 - 기타,안전운전불이행,건조,맑음,단일로 - 기타,승용,남,72세,기타불명,보행자,남,71세,경상
2019092500100534,2019년 9월 25일 18시,수요일,전라북도 장수군 장수읍,중상사고,0,1,1,0,차대차 - 측면충돌,안전운전불이행,건조,맑음,단일로 - 기타,화물,남,47세,경상,승용,남,74세,중상
2019092500100585,2019년 9월 25일 19시,수요일,전라북도 정읍시 북면,경상사고,0,0,1,0,차대차 - 정면충돌,직진우회전진행방해,건조,맑음,교차로 - 교차로안,화물,남,52세,상해없음,화물,남,47세,경상
2019092500100697,2019년 9월 25일 23시,수요일,전라북도 익산시 주현동,중상사고,0,2,1,0,차대차 - 측면충돌,신호위반,건조,맑음,교차로 - 교차로안,원동기,남,23세,중상,승용,남,61세,경상
2019092600100128,2019년 9월 26일 08시,목요일,전라북도 전주시 덕진구 반월동,경상사고,0,0,1,0,차대차 - 측면충돌,신호위반,건조,맑음,교차로 - 교차로안,승용,남,44세,상해없음,승용,여,52세,경상
2019092600100160,2019년 9월 26일 09시,목요일,전라북도 전주시 완산구 평화동1가,경상사고,0,0,1,0,차대차 - 측면충돌,신호위반,건조,맑음,교차로 - 교차로안,화물,남,72세,상해없음,승용,여,37세,경상
2019092600100161,2019년 9월 26일 09시,목요일,전라북도 순창군 순창읍,사망사고,1,0,0,0,차대차 - 측면충돌,신호위반,건조,맑음,교차로 - 교차로안,이륜,남,79세,사망,승용,남,55세,상해없음
2019092600100194,2019년 9월 26일 10시,목요일,전라북도 완주군 구이면,중상사고,0,1,0,0,차대차 - 측면충돌,불법유턴,건조,맑음,단일로 - 기타,승용,남,26세,상해없음,자전거,여,48세,중상
2019092600100262,2019년 9월 26일 12시,목요일,전라북도 전주시 덕진구 진북동,중상사고,0,1,0,0,차대사람 - 횡단중,안전운전불이행,건조,맑음,단일로 - 기타,승용,여,74세,상해없음,보행자,남,87세,중상
2019092600100263,2019년 9월 26일 12시,목요일,전라북도 익산시 남중동,경상사고,0,0,1,0,차대차 - 정면충돌,안전운전불이행,건조,맑음,단일로 - 기타,승용,남,29세,상해없음,승용,여,46세,경상
2019092600100326,2019년 9월 26일 14시,목요일,전라북도 부안군 줄포면,경상사고,0,0,7,0,차대차 - 측면충돌,신호위반,건조,맑음,교차로 - 교차로안,승용,남,38세,경상,승합,여,61세,경상
2019092600100360,2019년 9월 26일 15시,목요일,전라북도 완주군 구이면,경상사고,0,0,1,0,차대차 - 기타,중앙선침범,건조,맑음,단일로 - 기타,승용,남,53세,상해없음,승용,남,81세,경상
2019092600100440,2019년 9월 26일 17시,목요일,전라북도 전주시 덕진구 호성동1가,경상사고,0,0,1,0,차대차 - 측면충돌,안전운전불이행,건조,맑음,단일로 - 기타,승용,남,45세,상해없음,승용,남,32세,경상
2019092600100441,2019년 9월 26일 17시,목요일,전라북도 무주군 무주읍,중상사고,0,2,0,0,차대차 - 추돌,안전운전불이행,건조,맑음,단일로 - 고가도로위,특수,남,27세,중상,승용,기타불명,미분류,기타불명
2019092600100492,2019년 9월 26일 18시,목요일,전라북도 군산시 문화동,중상사고,0,1,1,0,차대차 - 기타,안전운전불이행,건조,맑음,교차로 - 교차로안,이륜,남,42세,중상,승용,남,53세,경상
2019092600100493,2019년 9월 26일 18시,목요일,전라북도 고창군 신림면,경상사고,0,0,3,0,차대차 - 측면충돌,안전거리미확보,건조,맑음,교차로 - 교차로부근,화물,남,57세,상해없음,승용,남,66세,경상
2019092600100545,2019년 9월 26일 19시,목요일,전라북도 전주시 덕진구 팔복동2가,중상사고,0,1,0,0,차대사람 - 횡단중,안전운전불이행,건조,맑음,단일로 - 기타,이륜,남,50세,상해없음,보행자,여,74세,중상
2019092600100546,2019년 9월 26일 19시,목요일,전라북도 군산시 대야면,중상사고,0,1,0,0,차대사람 - 기타,안전운전불이행,건조,맑음,단일로 - 기타,화물,남,78세,상해없음,보행자,남,49세,중상
2019092600100547,2019년 9월 26일 19시,목요일,전라북도 정읍시 수성동,중상사고,0,1,0,0,차대차 - 측면충돌,불법유턴,건조,맑음,단일로 - 기타,승용,남,63세,상해없음,이륜,남,38세,중상
2019092600100666,2019년 9월 26일 23시,목요일,전라북도 전주시 덕진구 덕진동1가,경상사고,0,0,1,0,차대사람 - 기타,안전운전불이행,건조,맑음,단일로 - 기타,승용,남,52세,상해없음,보행자,여,39세,경상
2019092700100040,2019년 9월 27일 00시,금요일,전라북도 전주시 덕진구 덕진동1가,중상사고,0,1,0,0,차대차 - 측면충돌,신호위반,건조,맑음,교차로 - 교차로안,이륜,남,18세,상해없음,승용,남,27세,상해없음
2019092700100122,2019년 9월 27일 07시,금요일,전라북도 군산시 소룡동,경상사고,0,0,1,0,차대차 - 기타,직진우회전진행방해,건조,맑음,교차로 - 교차로안,승용,남,37세,상해없음,승용,남,38세,경상
2019092700100123,2019년 9월 27일 07시,금요일,전라북도 부안군 행안면,중상사고,0,1,2,0,차대차 - 정면충돌,중앙선침범,건조,맑음,단일로 - 기타,이륜,남,74세,경상,승용,여,44세,경상
2019092700100162,2019년 9월 27일 08시,금요일,전라북도 익산시 신동,경상사고,0,0,1,0,차대차 - 기타,안전운전불이행,건조,맑음,단일로 - 기타,승용,여,23세,상해없음,자전거,남,62세,경상
2019092700100163,2019년 9월 27일 08시,금요일,전라북도 익산시 영등동,경상사고,0,0,1,0,차대차 - 측면충돌,안전운전불이행,건조,맑음,교차로 - 교차로안,자전거,남,43세,경상,승용,남,49세,상해없음
2019092700100164,2019년 9월 27일 08시,금요일,전라북도 완주군 삼례읍,사망사고,1,0,0,0,차대차 - 측면충돌,안전운전불이행,건조,맑음,단일로 - 기타,이륜,여,71세,사망,화물,남,31세,상해없음
2019092700100207,2019년 9월 27일 09시,금요일,전라북도 익산시 어양동,중상사고,0,1,0,0,차대사람 - 기타,기타,건조,맑음,단일로 - 기타,화물,남,56세,상해없음,보행자,남,60세,중상
2019092700100246,2019년 9월 27일 10시,금요일,전라북도 전주시 완산구 효자동3가,경상사고,0,0,1,0,차대차 - 기타,안전운전불이행,건조,맑음,교차로 - 교차로안,승용,남,62세,상해없음,자전거,남,67세,경상
2019092700100320,2019년 9월 27일 12시,금요일,전라북도 부안군 부안읍,경상사고,0,0,1,0,차대차 - 측면충돌,신호위반,건조,맑음,교차로 - 교차로안,승용,여,45세,상해없음,승용,여,64세,경상
2019092700100352,2019년 9월 27일 13시,금요일,전라북도 전주시 덕진구 만성동,경상사고,0,0,1,0,차대차 - 측면충돌,안전운전불이행,건조,맑음,단일로 - 기타,승용,남,72세,기타불명,승용,남,45세,경상
2019092700100429,2019년 9월 27일 15시,금요일,전라북도 부안군 상서면,경상사고,0,0,1,0,차대차 - 측면충돌,직진우회전진행방해,건조,맑음,교차로 - 교차로안,승용,남,63세,상해없음,화물,남,67세,경상
2019092700100469,2019년 9월 27일 16시,금요일,전라북도 전주시 완산구 서신동,경상사고,0,0,5,0,차대차 - 추돌,안전운전불이행,건조,맑음,교차로 - 교차로안,승용,남,49세,상해없음,승용,남,37세,경상
2019092700100470,2019년 9월 27일 16시,금요일,전라북도 군산시 수송동,경상사고,0,0,3,0,차대차 - 측면충돌,신호위반,건조,맑음,교차로 - 교차로안,승용,여,52세,상해없음,승용,여,42세,경상
2019092700100570,2019년 9월 27일 18시,금요일,전라북도 군산시 지곡동,경상사고,0,0,3,0,차대차 - 측면충돌,안전운전불이행,건조,맑음,교차로 - 교차로안,승용,여,57세,상해없음,승용,남,71세,경상
2019092700100619,2019년 9월 27일 19시,금요일,전라북도 고창군 아산면,경상사고,0,0,5,0,차대차 - 측면충돌,신호위반,건조,맑음,교차로 - 교차로안,승용,남,63세,경상,화물,남,70세,경상
2019092700100731,2019년 9월 27일 22시,금요일,전라북도 무주군 무주읍,중상사고,0,1,0,0,차대사람 - 횡단중,보행자보호의무위반,건조,맑음,교차로 - 교차로횡단보도내,승합,남,39세,상해없음,보행자,여,83세,중상
2019092700100759,2019년 9월 27일 23시,금요일,전라북도 전주시 완산구 효자동2가,경상사고,0,0,1,0,차대차 - 추돌,안전운전불이행,건조,맑음,교차로 - 교차로부근,승용,남,62세,상해없음,승용,여,31세,경상
2019092700100760,2019년 9월 27일 23시,금요일,전라북도 전주시 덕진구 인후동2가,중상사고,0,1,0,0,차대사람 - 기타,안전운전불이행,건조,맑음,교차로 - 교차로부근,승용,남,62세,상해없음,보행자,남,61세,중상
2019092700100761,2019년 9월 27일 23시,금요일,전라북도 군산시 수송동,중상사고,0,1,0,0,차대사람 - 기타,안전운전불이행,건조,맑음,단일로 - 기타,승용,남,26세,상해없음,보행자,남,21세,중상
2019092800100048,2019년 9월 28일 00시,토요일,전라북도 전주시 완산구 평화동2가,경상사고,0,0,1,0,차대사람 - 기타,안전운전불이행,건조,맑음,기타 - 기타,승용,여,18세,상해없음,보행자,남,47세,경상
2019092800100068,2019년 9월 28일 01시,토요일,전라북도 전주시 덕진구 인후동1가,중상사고,0,1,0,0,차대사람 - 횡단중,안전운전불이행,건조,맑음,교차로 - 교차로횡단보도내,승용,남,23세,상해없음,보행자,남,27세,중상
2019092800100091,2019년 9월 28일 02시,토요일,전라북도 군산시 소룡동,경상사고,0,0,1,0,차대차 - 기타,안전운전불이행,건조,맑음,교차로 - 교차로안,승용,남,42세,상해없음,승용,남,72세,경상
2019092800100121,2019년 9월 28일 05시,토요일,전라북도 고창군 부안면,사망사고,1,0,0,0,차대사람 - 길가장자리구역통행중,안전운전불이행,건조,맑음,단일로 - 기타,승용,남,64세,상해없음,보행자,여,79세,사망
2019092800100133,2019년 9월 28일 06시,토요일,전라북도 김제시 요촌동,중상사고,0,1,2,0,차량단독 - 공작물충돌,안전운전불이행,건조,맑음,기타 - 기타,승용,여,60세,상해없음,,,,
2019092800100149,2019년 9월 28일 07시,토요일,전라북도 익산시 신동,경상사고,0,0,1,0,차대차 - 측면충돌,신호위반,건조,맑음,교차로 - 교차로안,승용,남,31세,경상,승합,남,59세,상해없음
2019092800100201,2019년 9월 28일 09시,토요일,전라북도 전주시 덕진구 팔복동1가,중상사고,0,1,0,0,차대사람 - 기타,안전운전불이행,건조,맑음,단일로 - 기타,화물,남,40세,상해없음,보행자,여,72세,중상
2019092800100236,2019년 9월 28일 10시,토요일,전라북도 전주시 완산구 효자동3가,경상사고,0,0,2,0,차대차 - 측면충돌,안전운전불이행,건조,맑음,교차로 - 교차로안,승용,남,33세,상해없음,승용,남,60세,경상
2019092800100237,2019년 9월 28일 10시,토요일,전라북도 익산시 신동,사망사고,1,2,1,0,차대차 - 측면충돌,안전운전불이행,건조,맑음,교차로 - 교차로안,화물,남,63세,사망,승용,남,65세,중상
2019092800100238,2019년 9월 28일 10시,토요일,전라북도 부안군 행안면,중상사고,0,1,0,0,차대차 - 측면충돌,안전운전불이행,건조,맑음,단일로 - 기타,화물,남,45세,상해없음,농기계,남,75세,중상
2019092800100276,2019년 9월 28일 11시,토요일,전라북도 군산시 옥도면,경상사고,0,0,1,0,차대차 - 측면충돌,불법유턴,건조,맑음,교차로 - 교차로안,승용,남,58세,상해없음,승용,여,60세,경상
2019092800100277,2019년 9월 28일 11시,토요일,전라북도 익산시 모현동1가,경상사고,0,0,1,0,차대차 - 후진중충돌,안전운전불이행,건조,맑음,교차로 - 교차로안,화물,남,68세,상해없음,승용,남,58세,경상
2019092800100314,2019년 9월 28일 12시,토요일,전라북도 전주시 덕진구 덕진동1가,경상사고,0,0,1,0,차대차 - 기타,차로위반,건조,맑음,교차로 - 교차로안,승합,남,35세,상해없음,승용,남,56세,경상
2019092800100315,2019년 9월 28일 12시,토요일,전라북도 군산시 소룡동,중상사고,0,1,0,0,차대차 - 측면충돌,안전운전불이행,건조,맑음,단일로 - 지하차도(도로)내,이륜,남,38세,중상,승용,남,57세,상해없음
2019092800100361,2019년 9월 28일 13시,토요일,전라북도 전주시 완산구 효자동1가,경상사고,0,0,2,0,차대차 - 기타,차로위반,건조,맑음,단일로 - 기타,승용,여,59세,상해없음,승용,남,77세,경상
2019092800100362,2019년 9월 28일 13시,토요일,전라북도 전주시 덕진구 덕진동2가,경상사고,0,0,3,0,차대차 - 기타,차로위반,건조,맑음,교차로 - 교차로부근,승용,남,40세,상해없음,승용,여,31세,경상
2019092800100363,2019년 9월 28일 13시,토요일,전라북도 군산시 임피면,중상사고,0,1,0,0,차량단독 - 공작물충돌,안전운전불이행,건조,맑음,단일로 - 지하차도(도로)내,이륜,남,58세,중상,,,,
2019092800100364,2019년 9월 28일 13시,토요일,전라북도 익산시 평화동,중상사고,0,1,0,0,차대차 - 측면충돌,안전운전불이행,건조,맑음,교차로 - 교차로안,승합,남,57세,상해없음,이륜,남,77세,중상
2019092800100365,2019년 9월 28일 13시,토요일,전라북도 정읍시 상동,경상사고,0,0,1,0,차대차 - 기타,차로위반,건조,맑음,교차로 - 교차로부근,이륜,남,67세,경상,승용,여,23세,상해없음
2019092800100469,2019년 9월 28일 15시,토요일,전라북도 부안군 변산면,경상사고,0,0,4,0,차대차 - 추돌,신호위반,건조,맑음,교차로 - 교차로부근,승용,남,59세,상해없음,승용,여,25세,경상
2019092800100509,2019년 9월 28일 16시,토요일,전라북도 완주군 동상면,사망사고,1,0,0,0,차대사람 - 기타,안전운전불이행,건조,맑음,단일로 - 기타,화물,남,63세,상해없음,보행자,여,79세,사망
2019092800100580,2019년 9월 28일 18시,토요일,전라북도 군산시 옥산면,경상사고,0,0,1,0,차대차 - 정면충돌,신호위반,건조,맑음,교차로 - 교차로안,승용,남,73세,상해없음,승용,남,45세,경상
2019092800100642,2019년 9월 28일 19시,토요일,전라북도 순창군 금과면,경상사고,0,0,1,0,차량단독 - 기타,안전운전불이행,건조,맑음,교차로 - 교차로부근,사륜오토바이(ATV),남,84세,경상,,,,
2019092800100680,2019년 9월 28일 20시,토요일,전라북도 군산시 나운동,중상사고,0,1,0,0,차대사람 - 길가장자리구역통행중,안전운전불이행,건조,맑음,교차로 - 교차로부근,승용,여,54세,상해없음,보행자,남,23세,중상
2019092800100681,2019년 9월 28일 20시,토요일,전라북도 임실군 임실읍,경상사고,0,0,3,0,차대차 - 측면충돌,중앙선침범,건조,맑음,단일로 - 기타,화물,남,66세,상해없음,화물,남,56세,경상
2019092800100711,2019년 9월 28일 21시,토요일,전라북도 전주시 완산구 효자동3가,중상사고,0,1,1,0,차대차 - 측면충돌,신호위반,건조,맑음,교차로 - 교차로안,승용,남,34세,상해없음,이륜,남,31세,중상
2019092800100745,2019년 9월 28일 22시,토요일,전라북도 전주시 덕진구 진북동,경상사고,0,0,1,0,차대차 - 측면충돌,교차로운행방법위반,건조,맑음,교차로 - 교차로안,승용,남,71세,상해없음,승용,남,22세,경상
2019092900100080,2019년 9월 29일 05시,일요일,전라북도 부안군 변산면,중상사고,0,1,0,0,차량단독 - 전도전복 - 전도,안전운전불이행,건조,맑음,교차로 - 교차로부근,원동기,남,20세,중상,,,,
2019092900100095,2019년 9월 29일 06시,일요일,전라북도 고창군 성내면,중상사고,0,1,1,0,차대차 - 기타,차로위반,젖음/습기,안개,교차로 - 교차로부근,승용,여,57세,상해없음,승용,남,63세,중상
2019092900100108,2019년 9월 29일 07시,일요일,전라북도 군산시 성산면,중상사고,0,1,0,0,차량단독 - 공작물충돌,안전운전불이행,건조,맑음,단일로 - 기타,승용,남,29세,상해없음,,,,
2019092900100198,2019년 9월 29일 11시,일요일,전라북도 순창군 인계면,중상사고,0,1,1,0,차대차 - 기타,안전운전불이행,건조,맑음,교차로 - 교차로부근,이륜,남,52세,중상,이륜,남,47세,경상
2019092900100249,2019년 9월 29일 13시,일요일,전라북도 남원시 산내면,중상사고,0,1,0,0,차대차 - 측면충돌,중앙선침범,건조,맑음,단일로 - 기타,승용,남,58세,상해없음,이륜,남,68세,중상
2019092900100276,2019년 9월 29일 14시,일요일,전라북도 군산시 수송동,경상사고,0,0,1,0,차대차 - 측면충돌,안전운전불이행,건조,맑음,교차로 - 교차로부근,승용,남,49세,상해없음,승용,여,54세,경상
2019092900100358,2019년 9월 29일 16시,일요일,전라북도 완주군 고산면,경상사고,0,0,2,0,차대차 - 기타,직진우회전진행방해,건조,맑음,교차로 - 교차로안,승용,남,41세,경상,화물,남,39세,경상
2019092900100396,2019년 9월 29일 17시,일요일,전라북도 군산시 영화동,중상사고,0,1,0,0,차대차 - 기타,안전운전불이행,건조,맑음,교차로 - 교차로안,승용,남,33세,상해없음,자전거,남,29세,중상
2019092900100397,2019년 9월 29일 17시,일요일,전라북도 익산시 동산동,경상사고,0,0,3,0,차대차 - 측면충돌,교차로운행방법위반,건조,맑음,교차로 - 교차로부근,승용,남,72세,상해없음,승용,남,22세,상해없음
2019092900100472,2019년 9월 29일 19시,일요일,전라북도 군산시 수송동,경상사고,0,0,6,0,차대차 - 측면충돌,신호위반,건조,맑음,교차로 - 교차로안,승용,남,23세,경상,승용,남,18세,경상
2019092900100473,2019년 9월 29일 19시,일요일,전라북도 김제시 입석동,경상사고,0,0,6,0,차대차 - 추돌,안전운전불이행,건조,맑음,교차로 - 교차로안,화물,여,53세,경상,승용,남,38세,경상
2019092900100474,2019년 9월 29일 19시,일요일,전라북도 남원시 운봉읍,중상사고,0,1,0,0,차대차 - 측면충돌,안전운전불이행,건조,맑음,단일로 - 기타,화물,남,57세,상해없음,화물,남,69세,중상
2019092900100475,2019년 9월 29일 19시,일요일,전라북도 고창군 성내면,경상사고,0,0,2,0,차대차 - 추돌,안전운전불이행,건조,맑음,기타 - 기타,승용,여,53세,상해없음,승용,남,30세,경상
2019092900100520,2019년 9월 29일 20시,일요일,전라북도 군산시 조촌동,중상사고,0,1,0,0,차대사람 - 차도통행중,신호위반,건조,맑음,교차로 - 교차로횡단보도내,이륜,남,47세,상해없음,보행자,여,62세,중상
2019092900100543,2019년 9월 29일 21시,일요일,전라북도 익산시 춘포면,중상사고,0,1,0,0,차대차 - 추돌,안전운전불이행,건조,흐림,단일로 - 기타,화물,남,42세,상해없음,자전거,남,22세,중상
2019093000100025,2019년 9월 30일 00시,월요일,전라북도 전주시 완산구 효자동2가,경상사고,0,0,2,0,차대차 - 추돌,안전운전불이행,건조,맑음,교차로 - 교차로부근,승용,여,25세,상해없음,승용,여,25세,경상
2019093000100032,2019년 9월 30일 01시,월요일,전라북도 김제시 백학동,경상사고,0,0,1,0,차량단독 - 공작물충돌,안전운전불이행,건조,맑음,단일로 - 기타,승합,남,38세,경상,,,,
2019093000100078,2019년 9월 30일 06시,월요일,전라북도 전주시 완산구 상림동,중상사고,0,1,1,0,차대차 - 측면충돌,과속,건조,맑음,교차로 - 교차로안,승용,남,37세,상해없음,승용,남,61세,경상
2019093000100079,2019년 9월 30일 06시,월요일,전라북도 익산시 웅포면,경상사고,0,0,2,0,차대차 - 측면충돌,안전운전불이행,건조,흐림,교차로 - 교차로안,화물,남,64세,경상,승용,남,60세,경상
2019093000100112,2019년 9월 30일 07시,월요일,전라북도 고창군 공음면,사망사고,1,0,0,0,차대차 - 기타,안전운전불이행,건조,맑음,교차로 - 교차로안,화물,남,53세,상해없음,화물,남,63세,사망
2019093000100187,2019년 9월 30일 09시,월요일,전라북도 전주시 덕진구 호성동2가,사망사고,1,0,0,0,차대사람 - 차도통행중,안전운전불이행,건조,맑음,단일로 - 기타,승용,여,55세,상해없음,보행자,여,71세,사망
2019093000100246,2019년 9월 30일 11시,월요일,전라북도 전주시 완산구 삼천동1가,경상사고,0,0,1,0,차대차 - 측면충돌,직진우회전진행방해,건조,맑음,교차로 - 교차로안,승용,남,57세,상해없음,승용,여,48세,경상
2019093000100247,2019년 9월 30일 11시,월요일,전라북도 군산시 중앙로2가,경상사고,0,0,1,0,차대차 - 추돌,안전거리미확보,건조,맑음,교차로 - 교차로안,승용,남,64세,상해없음,승용,여,46세,경상
2019093000100287,2019년 9월 30일 12시,월요일,전라북도 익산시 송학동,경상사고,0,0,1,0,차대차 - 측면충돌,직진우회전진행방해,건조,맑음,교차로 - 교차로안,승용,여,41세,상해없음,승용,남,64세,경상
2019093000100288,2019년 9월 30일 12시,월요일,전라북도 익산시 황등면,중상사고,0,1,2,0,차대차 - 측면충돌,신호위반,건조,맑음,교차로 - 교차로안,승용,여,76세,상해없음,승용,여,59세,경상
2019093000100327,2019년 9월 30일 13시,월요일,전라북도 전주시 완산구 중앙동1가,경상사고,0,0,1,0,차대사람 - 기타,안전운전불이행,건조,맑음,단일로 - 기타,승용,남,25세,상해없음,보행자,남,57세,경상
2019093000100328,2019년 9월 30일 13시,월요일,전라북도 전주시 덕진구 송천동1가,경상사고,0,0,1,0,차대사람 - 보도통행중,안전운전불이행,건조,맑음,단일로 - 기타,승용,남,57세,상해없음,보행자,남,36세,경상
2019093000100329,2019년 9월 30일 13시,월요일,전라북도 순창군 순창읍,경상사고,0,0,1,0,차대차 - 측면충돌,안전운전불이행,건조,맑음,교차로 - 교차로안,승용,여,62세,상해없음,자전거,남,18세,경상
2019093000100365,2019년 9월 30일 14시,월요일,전라북도 전주시 완산구 용복동,경상사고,0,0,2,0,차대차 - 추돌,안전거리미확보,건조,맑음,교차로 - 교차로안,이륜,남,65세,경상,승용,여,57세,경상
2019093000100366,2019년 9월 30일 14시,월요일,전라북도 전주시 덕진구 우아동3가,경상사고,0,0,2,0,차대차 - 추돌,안전운전불이행,건조,맑음,교차로 - 교차로안,승용,남,71세,상해없음,화물,남,63세,경상
2019093000100558,2019년 9월 30일 18시,월요일,전라북도 군산시 금광동,중상사고,0,1,0,0,차대사람 - 차도통행중,보행자보호의무위반,건조,기타,단일로 - 기타,승용,남,50세,상해없음,보행자,남,81세,중상
2019093000100625,2019년 9월 30일 19시,월요일,전라북도 완주군 구이면,중상사고,0,1,0,0,차대사람 - 기타,안전운전불이행,건조,맑음,단일로 - 기타,화물,남,55세,상해없음,보행자,남,62세,중상
2019093000100730,2019년 9월 30일 23시,월요일,전라북도 익산시 창인동1가,경상사고,0,0,2,0,차대차 - 측면충돌,중앙선침범,건조,맑음,단일로 - 기타,승용,남,70세,상해없음,승용,남,31세,경상
2019100100100149,2019년 10월 1일 08시,화요일,전라북도 군산시 조촌동,경상사고,0,0,1,0,차대사람 - 횡단중,보행자보호의무위반,건조,맑음,교차로 - 교차로횡단보도내,승용,남,49세,상해없음,보행자,여,35세,경상
2019100100100219,2019년 10월 1일 10시,화요일,전라북도 군산시 경암동,경상사고,0,0,1,0,차대사람 - 횡단중,신호위반,건조,맑음,단일로 - 지하차도(도로)내,승용,여,63세,기타불명,보행자,여,74세,경상
2019100100100220,2019년 10월 1일 10시,화요일,전라북도 장수군 장수읍,중상사고,0,1,1,0,차대차 - 측면충돌,직진우회전진행방해,젖음/습기,비,교차로 - 교차로안,승용,여,49세,경상,승용,여,49세,중상
2019100100100287,2019년 10월 1일 12시,화요일,전라북도 전주시 완산구 효자동2가,경상사고,0,0,2,0,차대차 - 기타,안전운전불이행,건조,맑음,교차로 - 교차로부근,화물,남,58세,상해없음,승용,여,49세,경상
2019100100100288,2019년 10월 1일 12시,화요일,전라북도 익산시 신동,중상사고,0,1,0,0,차대사람 - 보도통행중,기타,건조,맑음,교차로 - 교차로부근,화물,남,28세,상해없음,보행자,여,80세,중상
2019100100100289,2019년 10월 1일 12시,화요일,전라북도 정읍시 시기동,경상사고,0,0,1,0,차대차 - 측면충돌,불법유턴,젖음/습기,비,교차로 - 교차로안,자전거,남,84세,경상,승용,남,77세,상해없음
2019100100100354,2019년 10월 1일 14시,화요일,전라북도 전주시 완산구 중화산동2가,경상사고,0,0,1,0,차대사람 - 횡단중,보행자보호의무위반,건조,맑음,단일로 - 기타,승용,여,41세,상해없음,보행자,여,69세,경상
2019100100100355,2019년 10월 1일 14시,화요일,전라북도 순창군 순창읍,부상신고사고,0,0,0,1,차량단독 - 기타,안전운전불이행,젖음/습기,비,교차로 - 교차로안,승용,남,83세,부상신고,,,,
2019100100100356,2019년 10월 1일 14시,화요일,전라북도 장수군 장수읍,경상사고,0,0,2,0,차대차 - 측면충돌,안전운전불이행,젖음/습기,비,교차로 - 교차로안,승용,여,50세,상해없음,승용,여,56세,경상
2019100100100392,2019년 10월 1일 15시,화요일,전라북도 무주군 무풍면,중상사고,0,1,0,0,차대차 - 측면충돌,직진우회전진행방해,건조,맑음,교차로 - 교차로안,화물,남,61세,상해없음,원동기,남,80세,중상
2019100100100424,2019년 10월 1일 16시,화요일,전라북도 군산시 오식도동,경상사고,0,0,3,0,차대차 - 추돌,교차로운행방법위반,건조,맑음,교차로 - 교차로안,화물,남,65세,상해없음,승용,남,54세,경상
2019100100100425,2019년 10월 1일 16시,화요일,전라북도 군산시 소룡동,경상사고,0,0,2,0,차대차 - 추돌,안전운전불이행,건조,맑음,교차로 - 교차로부근,화물,남,28세,상해없음,승용,남,48세,경상
2019100100100471,2019년 10월 1일 17시,화요일,전라북도 익산시 평화동,경상사고,0,0,1,0,차대차 - 측면충돌,안전운전불이행,건조,맑음,교차로 - 교차로부근,자전거,남,22세,경상,승용,남,37세,상해없음
2019100100100472,2019년 10월 1일 17시,화요일,전라북도 김제시 신풍동,중상사고,0,1,0,0,차대사람 - 기타,안전운전불이행,젖음/습기,비,단일로 - 기타,화물,남,71세,상해없음,보행자,여,57세,중상
2019100100100525,2019년 10월 1일 18시,화요일,전라북도 익산시 영등동,경상사고,0,0,1,0,차대차 - 측면충돌,직진우회전진행방해,건조,흐림,교차로 - 교차로안,승용,남,57세,상해없음,자전거,남,13세,경상
2019100100100526,2019년 10월 1일 18시,화요일,전라북도 정읍시 수성동,경상사고,0,0,1,0,차대차 - 추돌,안전운전불이행,젖음/습기,비,교차로 - 교차로부근,화물,남,41세,상해없음,승용,여,37세,경상
2019100100100527,2019년 10월 1일 18시,화요일,전라북도 정읍시 금붕동,경상사고,0,0,2,1,차대차 - 측면충돌,신호위반,건조,맑음,교차로 - 교차로안,승용,남,18세,상해없음,화물,남,61세,경상
2019100100100528,2019년 10월 1일 18시,화요일,전라북도 부안군 변산면,중상사고,0,1,0,0,차량단독 - 공작물충돌,안전운전불이행,젖음/습기,비,단일로 - 기타,화물,여,64세,중상,,,,
2019100100100630,2019년 10월 1일 20시,화요일,전라북도 전주시 덕진구 고랑동,경상사고,0,0,1,0,차대차 - 측면충돌,안전운전불이행,건조,맑음,교차로 - 교차로안,승용,남,38세,상해없음,승용,남,47세,경상
2019100100100631,2019년 10월 1일 20시,화요일,전라북도 익산시 신동,경상사고,0,0,1,0,차대차 - 추돌,안전운전불이행,건조,맑음,교차로 - 교차로부근,이륜,남,30세,상해없음,승용,남,59세,경상
2019100100100632,2019년 10월 1일 20시,화요일,전라북도 익산시 부송동,중상사고,0,1,0,0,차대사람 - 기타,안전운전불이행,건조,맑음,단일로 - 기타,승용,남,36세,상해없음,보행자,남,42세,중상