사고번호,사고일시,요일,시군구,사고내용,사망자수,중상자수,경상자수,부상신고자수,사고유형,법규위반,노면상태,기상상태,도로형태,가해운전자 차종,가해운전자 성별,가해운전자 연령,가해운전자 상해정도,피해운전자 차종,피해운전자 성별,피해운전자 연령,피해운전자 상해정도
2019100200100033,2019년 10월 2일 00시,수요일,전라북도 전주시 완산구 삼천동1가,중상사고,0,1,0,0,차대차 - 정면충돌,교차로운행방법위반,건조,흐림,교차로 - 교차로안,승용,여,58세,상해없음,승용,남,58세,중상
2019100200100044,2019년 10월 2일 01시,수요일,전라북도 전주시 완산구 평화동2가,중상사고,0,1,0,0,차대사람 - 횡단중,신호위반,건조,기타,교차로 - 교차로횡단보도내,이륜,남,21세,상해없음,보행자,여,59세,중상
2019100200100045,2019년 10월 2일 01시,수요일,전라북도 군산시 문화동,경상사고,0,0,2,0,차대차 - 측면충돌,신호위반,건조,맑음,교차로 - 교차로안,승용,남,44세,상해없음,승용,남,42세,경상
2019100200100078,2019년 10월 2일 05시,수요일,전라북도 전주시 완산구 효자동3가,사망사고,1,0,0,0,차량단독 - 공작물충돌,안전운전불이행,젖음/습기,비,단일로 - 기타,이륜,남,24세,사망,,,,
2019100200100091,2019년 10월 2일 06시,수요일,전라북도 전주시 완산구 서신동,중상사고,0,1,0,0,차대사람 - 기타,안전운전불이행,젖음/습기,비,기타 - 기타,자전거,남,37세,상해없음,보행자,여,65세,중상
2019100200100150,2019년 10월 2일 08시,수요일,전라북도 전주시 덕진구 인후동2가,중상사고,0,1,0,0,차대차 - 측면충돌,직진우회전진행방해,젖음/습기,비,교차로 - 교차로안,승용,여,51세,상해없음,이륜,남,21세,중상
2019100200100194,2019년 10월 2일 09시,수요일,전라북도 익산시 주현동,경상사고,0,0,1,0,차대차 - 측면충돌,안전운전불이행,젖음/습기,비,단일로 - 기타,승용,남,30세,상해없음,승용,남,53세,경상
2019100200100195,2019년 10월 2일 09시,수요일,전라북도 임실군 임실읍,경상사고,0,0,1,0,차대차 - 측면충돌,교차로운행방법위반,젖음/습기,비,교차로 - 교차로안,승합,남,44세,상해없음,승용,여,48세,경상
2019100200100230,2019년 10월 2일 10시,수요일,전라북도 부안군 부안읍,중상사고,0,1,0,0,차대사람 - 횡단중,안전운전불이행,젖음/습기,비,단일로 - 기타,승용,남,74세,상해없음,보행자,여,69세,중상
2019100200100267,2019년 10월 2일 11시,수요일,전라북도 군산시 경장동,경상사고,0,0,1,0,차대차 - 기타,안전운전불이행,젖음/습기,비,교차로 - 교차로부근,화물,남,78세,기타불명,승합,남,55세,경상
2019100200100302,2019년 10월 2일 12시,수요일,전라북도 전주시 완산구 중화산동2가,경상사고,0,0,2,0,차대차 - 추돌,안전운전불이행,젖음/습기,비,단일로 - 기타,승용,남,20세,상해없음,승용,여,30세,경상
2019100200100338,2019년 10월 2일 13시,수요일,전라북도 전주시 완산구 상림동,경상사고,0,0,1,0,차대차 - 기타,차로위반,젖음/습기,비,단일로 - 기타,승용,남,52세,상해없음,승합,남,63세,경상
2019100200100339,2019년 10월 2일 13시,수요일,전라북도 군산시 나운동,경상사고,0,0,1,0,차대차 - 기타,안전운전불이행,젖음/습기,비,단일로 - 기타,승용,남,28세,상해없음,이륜,남,25세,경상
2019100200100340,2019년 10월 2일 13시,수요일,전라북도 익산시 삼기면,중상사고,0,1,2,0,차대차 - 측면충돌,신호위반,젖음/습기,비,교차로 - 교차로안,승용,남,45세,상해없음,승용,남,48세,경상
2019100200100377,2019년 10월 2일 14시,수요일,전라북도 전주시 덕진구 호성동2가,중상사고,0,1,1,0,차대차 - 측면충돌,직진우회전진행방해,젖음/습기,비,교차로 - 교차로안,승용,남,79세,상해없음,화물,남,56세,경상
2019100200100378,2019년 10월 2일 14시,수요일,전라북도 군산시 경암동,경상사고,0,0,1,0,차대사람 - 길가장자리구역통행중,안전운전불이행,젖음/습기,비,단일로 - 기타,승용,남,68세,상해없음,보행자,남,25세,경상
2019100200100516,2019년 10월 2일 17시,수요일,전라북도 전주시 덕진구 여의동,경상사고,0,0,1,0,차대사람 - 횡단중,보행자보호의무위반,젖음/습기,비,교차로 - 교차로횡단보도내,화물,남,68세,상해없음,보행자,여,63세,경상
2019100200100597,2019년 10월 2일 18시,수요일,전라북도 전주시 덕진구 팔복동3가,경상사고,0,0,4,0,차대차 - 추돌,안전운전불이행,젖음/습기,비,단일로 - 기타,승합,남,25세,상해없음,승용,여,62세,경상
2019100200100598,2019년 10월 2일 18시,수요일,전라북도 전주시 덕진구 인후동1가,경상사고,0,0,1,0,차대차 - 측면충돌,교차로운행방법위반,젖음/습기,비,교차로 - 교차로안,승용,여,53세,기타불명,승용,남,35세,경상
2019100200100599,2019년 10월 2일 18시,수요일,전라북도 완주군 용진읍,경상사고,0,0,1,0,차대차 - 추돌,안전운전불이행,건조,맑음,교차로 - 교차로부근,승용,남,63세,상해없음,승용,여,45세,경상
2019100200100679,2019년 10월 2일 19시,수요일,전라북도 전주시 완산구 서신동,경상사고,0,0,1,0,차대차 - 측면충돌,안전거리미확보,젖음/습기,비,단일로 - 기타,승용,여,49세,상해없음,승용,여,40세,경상
2019100200100680,2019년 10월 2일 19시,수요일,전라북도 전주시 덕진구 송천동1가,경상사고,0,0,1,0,차대차 - 기타,교차로운행방법위반,젖음/습기,비,단일로 - 기타,화물,남,68세,상해없음,이륜,남,46세,경상
2019100200100681,2019년 10월 2일 19시,수요일,전라북도 군산시 지곡동,경상사고,0,0,1,0,차대차 - 측면충돌,안전운전불이행,젖음/습기,비,단일로 - 지하차도(도로)내,승용,남,54세,상해없음,승용,남,32세,경상
2019100200100682,2019년 10월 2일 19시,수요일,전라북도 익산시 목천동,중상사고,0,1,0,0,차대차 - 측면충돌,신호위반,젖음/습기,비,교차로 - 교차로안,승용,남,40세,상해없음,화물,남,55세,중상
2019100200100683,2019년 10월 2일 19시,수요일,전라북도 부안군 부안읍,경상사고,0,0,1,0,차대차 - 측면충돌,안전운전불이행,젖음/습기,비,교차로 - 교차로안,승용,여,50세,상해없음,이륜,남,18세,경상
2019100200100761,2019년 10월 2일 20시,수요일,전라북도 전주시 덕진구 송천동2가,경상사고,0,0,1,0,차대차 - 측면충돌,직진우회전진행방해,젖음/습기,비,교차로 - 교차로안,이륜,남,38세,상해없음,이륜,남,23세,경상
2019100200100762,2019년 10월 2일 20시,수요일,전라북도 군산시 조촌동,중상사고,0,1,0,0,차대사람 - 횡단중,안전운전불이행,젖음/습기,맑음,단일로 - 지하차도(도로)내,승용,남,49세,상해없음,보행자,남,23세,중상
2019100200100763,2019년 10월 2일 20시,수요일,전라북도 부안군 행안면,중상사고,0,3,0,0,차대차 - 추돌,안전운전불이행,젖음/습기,비,교차로 - 교차로안,화물,남,18세,상해없음,승용,남,59세,중상
2019100200100816,2019년 10월 2일 21시,수요일,전라북도 완주군 삼례읍,사망사고,1,0,0,0,차대사람 - 차도통행중,보행자보호의무위반,젖음/습기,비,교차로 - 교차로부근,화물,남,31세,상해없음,보행자,남,55세,사망
2019100200100870,2019년 10월 2일 22시,수요일,전라북도 전주시 완산구 효자동1가,중상사고,0,1,0,0,차대사람 - 기타,보행자보호의무위반,젖음/습기,비,단일로 - 기타,화물,남,38세,상해없음,보행자,남,53세,중상
2019100200100871,2019년 10월 2일 22시,수요일,전라북도 전주시 완산구 효자동3가,경상사고,0,0,1,0,차량단독 - 기타,안전운전불이행,젖음/습기,비,교차로 - 교차로부근,승합,남,51세,상해없음,,,,
2019100200100918,2019년 10월 2일 23시,수요일,전라북도 정읍시 연지동,경상사고,0,0,1,0,차대사람 - 기타,중앙선침범,건조,맑음,단일로 - 기타,승용,남,64세,상해없음,보행자,여,55세,경상
2019100200100919,2019년 10월 2일 23시,수요일,전라북도 정읍시 상동,중상사고,0,1,1,0,차대사람 - 횡단중,보행자보호의무위반,젖음/습기,비,교차로 - 교차로횡단보도내,승용,남,33세,상해없음,보행자,남,41세,중상
2019100200100920,2019년 10월 2일 23시,수요일,전라북도 정읍시 시기동,경상사고,0,0,5,0,차대차 - 측면충돌,안전운전불이행,젖음/습기,비,교차로 - 교차로안,승용,남,36세,상해없음,승용,여,45세,경상
2019100300100042,2019년 10월 3일 00시,목요일,전라북도 전주시 덕진구 송천동2가,경상사고,0,0,2,0,차대사람 - 횡단중,보행자보호의무위반,젖음/습기,비,교차로 - 교차로횡단보도내,승용,남,41세,상해없음,보행자,남,17세,경상
2019100300100082,2019년 10월 3일 01시,목요일,전라북도 전주시 덕진구 우아동3가,중상사고,0,2,0,0,차대차 - 측면충돌,직진우회전진행방해,젖음/습기,비,교차로 - 교차로안,승용,남,34세,상해없음,승용,남,59세,중상
2019100300100083,2019년 10월 3일 01시,목요일,전라북도 전주시 덕진구 팔복동2가,경상사고,0,0,1,0,차대차 - 추돌,안전운전불이행,젖음/습기,비,교차로 - 교차로부근,승용,남,25세,상해없음,승용,남,31세,경상
2019100300100110,2019년 10월 3일 02시,목요일,전라북도 군산시 나운동,경상사고,0,0,1,0,차대사람 - 횡단중,신호위반,젖음/습기,비,교차로 - 교차로횡단보도내,승용,남,21세,상해없음,보행자,여,62세,경상
2019100300100148,2019년 10월 3일 04시,목요일,전라북도 전주시 덕진구 진북동,경상사고,0,0,2,0,차대차 - 측면충돌,신호위반,젖음/습기,비,교차로 - 교차로안,승용,여,29세,경상,승용,남,55세,경상
2019100300100187,2019년 10월 3일 07시,목요일,전라북도 전주시 덕진구 덕진동2가,경상사고,0,0,1,0,차대차 - 추돌,안전운전불이행,젖음/습기,비,교차로 - 교차로부근,건설기계,남,34세,상해없음,승용,남,56세,경상
2019100300100226,2019년 10월 3일 09시,목요일,전라북도 군산시 구암동,경상사고,0,0,1,0,차대차 - 기타,신호위반,건조,맑음,교차로 - 교차로안,승용,남,26세,상해없음,승합,여,48세,경상
2019100300100240,2019년 10월 3일 10시,목요일,전라북도 익산시 인화동1가,경상사고,0,0,1,0,차대차 - 추돌,안전운전불이행,건조,맑음,기타 - 기타,화물,남,60세,상해없음,이륜,남,61세,경상
2019100300100262,2019년 10월 3일 11시,목요일,전라북도 익산시 모현동1가,경상사고,0,0,1,0,차대차 - 추돌,안전운전불이행,건조,맑음,교차로 - 교차로부근,승용,남,44세,상해없음,승용,여,59세,경상
2019100300100263,2019년 10월 3일 11시,목요일,전라북도 순창군 순창읍,중상사고,0,1,0,0,차대차 - 측면충돌,안전운전불이행,건조,맑음,교차로 - 교차로안,승용,여,60세,상해없음,이륜,남,85세,중상
2019100300100309,2019년 10월 3일 13시,목요일,전라북도 전주시 덕진구 인후동1가,경상사고,0,0,3,0,차대차 - 측면충돌,직진우회전진행방해,건조,맑음,교차로 - 교차로안,승용,남,47세,상해없음,승용,남,26세,경상
2019100300100310,2019년 10월 3일 13시,목요일,전라북도 정읍시 시기동,경상사고,0,0,2,0,차대차 - 추돌,안전운전불이행,건조,맑음,교차로 - 교차로부근,승용,남,66세,상해없음,승용,남,33세,경상
2019100300100347,2019년 10월 3일 14시,목요일,전라북도 정읍시 칠보면,중상사고,0,1,0,0,차대차 - 추돌,안전운전불이행,건조,맑음,단일로 - 기타,승용,남,34세,상해없음,자전거,남,59세,중상
2019100300100385,2019년 10월 3일 15시,목요일,전라북도 군산시 소룡동,경상사고,0,0,1,0,차대사람 - 기타,안전운전불이행,건조,맑음,교차로 - 교차로안,승용,여,41세,상해없음,보행자,여,59세,경상
2019100300100454,2019년 10월 3일 17시,목요일,전라북도 전주시 덕진구 진북동,중상사고,0,1,0,0,차대차 - 측면충돌,직진우회전진행방해,건조,맑음,교차로 - 교차로안,승용,여,45세,상해없음,이륜,남,46세,중상
2019100300100540,2019년 10월 3일 20시,목요일,전라북도 군산시 나운동,경상사고,0,0,1,0,차대차 - 기타,신호위반,건조,맑음,교차로 - 교차로횡단보도내,이륜,남,52세,상해없음,자전거,여,60세,경상
2019100300100562,2019년 10월 3일 21시,목요일,전라북도 전주시 완산구 효자동3가,경상사고,0,0,1,0,차대차 - 측면충돌,신호위반,건조,맑음,교차로 - 교차로안,승용,남,50세,상해없음,승용,남,46세,경상
2019100300100563,2019년 10월 3일 21시,목요일,전라북도 군산시 수송동,사망사고,2,0,0,0,차대차 - 기타,안전운전불이행,건조,맑음,단일로 - 기타,화물,남,40세,상해없음,이륜,남,19세,사망
2019100300100587,2019년 10월 3일 22시,목요일,전라북도 군산시 내초동,중상사고,0,1,2,0,차대차 - 추돌,안전운전불이행,건조,맑음,교차로 - 교차로부근,특수,남,61세,상해없음,승용,남,55세,중상
2019100400100086,2019년 10월 4일 06시,금요일,전라북도 부안군 부안읍,중상사고,0,1,0,0,차대사람 - 차도통행중,안전운전불이행,건조,맑음,단일로 - 기타,화물,남,83세,상해없음,보행자,여,87세,중상
2019100400100185,2019년 10월 4일 09시,금요일,전라북도 전주시 덕진구 인후동1가,중상사고,0,1,0,0,차대사람 - 횡단중,보행자보호의무위반,건조,맑음,교차로 - 교차로횡단보도내,승용,여,35세,상해없음,보행자,남,60세,중상
2019100400100212,2019년 10월 4일 10시,금요일,전라북도 전주시 덕진구 인후동1가,경상사고,0,0,1,0,차대차 - 측면충돌,중앙선침범,건조,맑음,단일로 - 기타,승용,여,41세,상해없음,승용,여,41세,경상
2019100400100213,2019년 10월 4일 10시,금요일,전라북도 진안군 성수면,사망사고,1,0,0,0,차량단독 - 도로외이탈 - 기타,안전운전불이행,건조,맑음,교차로 - 교차로안,화물,여,23세,사망,,,,
2019100400100246,2019년 10월 4일 11시,금요일,전라북도 정읍시 수성동,경상사고,0,0,2,0,차대차 - 측면충돌,신호위반,건조,맑음,교차로 - 교차로안,화물,남,71세,상해없음,승용,여,52세,경상
2019100400100247,2019년 10월 4일 11시,금요일,전라북도 김제시 공덕면,경상사고,0,0,2,0,차대차 - 추돌,안전거리미확보,건조,맑음,기타 - 기타,승용,남,53세,상해없음,승용,남,53세,경상
2019100400100290,2019년 10월 4일 12시,금요일,전라북도 전주시 덕진구 덕진동2가,경상사고,0,0,1,0,차대사람 - 기타,안전운전불이행,건조,맑음,교차로 - 교차로안,승합,남,47세,상해없음,보행자,여,75세,경상
2019100400100291,2019년 10월 4일 12시,금요일,전라북도 김제시 교동,경상사고,0,0,2,0,차대차 - 기타,안전거리미확보,건조,맑음,단일로 - 기타,승용,남,80세,상해없음,화물,남,52세,경상
2019100400100292,2019년 10월 4일 12시,금요일,전라북도 임실군 성수면,경상사고,0,0,1,0,차대사람 - 기타,안전운전불이행,건조,맑음,단일로 - 기타,승용,남,68세,상해없음,보행자,남,24세,경상
2019100400100293,2019년 10월 4일 12시,금요일,전라북도 무주군 설천면,경상사고,0,0,1,0,차량단독 - 공작물충돌,안전운전불이행,건조,맑음,단일로 - 지하차도(도로)내,승용,남,50세,상해없음,,,,
2019100400100294,2019년 10월 4일 12시,금요일,전라북도 무주군 설천면,경상사고,0,0,1,0,차대차 - 추돌,안전운전불이행,건조,맑음,단일로 - 지하차도(도로)내,승용,여,54세,상해없음,승합,남,60세,경상
2019100400100346,2019년 10월 4일 13시,금요일,전라북도 익산시 어양동,중상사고,0,1,1,0,차대차 - 측면충돌,안전운전불이행,건조,맑음,교차로 - 교차로안,승용,여,65세,중상,화물,남,61세,경상
2019100400100347,2019년 10월 4일 13시,금요일,전라북도 고창군 고창읍,경상사고,0,0,4,0,차대차 - 정면충돌,중앙선침범,건조,맑음,기타 - 기타,승용,여,54세,경상,승합,남,57세,경상
2019100400100348,2019년 10월 4일 13시,금요일,전라북도 완주군 고산면,중상사고,0,1,0,0,차대사람 - 보도통행중,보행자보호의무위반,건조,맑음,교차로 - 교차로안,화물,남,56세,상해없음,보행자,여,83세,중상
2019100400100398,2019년 10월 4일 14시,금요일,전라북도 전주시 덕진구 금암동,경상사고,0,0,1,0,차량단독 - 기타,기타,건조,맑음,교차로 - 교차로안,승용,남,55세,상해없음,,,,
2019100400100399,2019년 10월 4일 14시,금요일,전라북도 정읍시 시기동,중상사고,0,1,0,0,차대사람 - 차도통행중,안전운전불이행,건조,맑음,단일로 - 기타,화물,남,71세,상해없음,보행자,여,67세,중상
2019100400100442,2019년 10월 4일 15시,금요일,전라북도 완주군 봉동읍,중상사고,0,3,1,0,차대차 - 기타,신호위반,건조,맑음,교차로 - 교차로안,승용,여,39세,상해없음,승용,여,36세,중상
2019100400100519,2019년 10월 4일 17시,금요일,전라북도 전주시 덕진구 중동,경상사고,0,0,1,0,차대차 - 기타,안전운전불이행,건조,맑음,교차로 - 교차로횡단보도내,승용,남,46세,상해없음,승용,여,47세,경상
2019100400100574,2019년 10월 4일 18시,금요일,전라북도 전주시 완산구 평화동2가,경상사고,0,0,2,0,차대차 - 기타,안전운전불이행,건조,맑음,교차로 - 교차로안,승용,남,31세,상해없음,화물,남,64세,경상
2019100400100575,2019년 10월 4일 18시,금요일,전라북도 군산시 미룡동,중상사고,0,1,0,0,차대사람 - 보도통행중,안전운전불이행,건조,맑음,기타 - 기타,승합,여,50세,상해없음,보행자,남,49세,중상
2019100400100576,2019년 10월 4일 18시,금요일,전라북도 정읍시 시기동,경상사고,0,0,1,0,차대차 - 측면충돌,교차로운행방법위반,건조,맑음,교차로 - 교차로안,승용,여,40세,상해없음,이륜,남,52세,경상
2019100400100638,2019년 10월 4일 19시,금요일,전라북도 전주시 덕진구 반월동,경상사고,0,0,1,0,차대사람 - 차도통행중,안전운전불이행,건조,맑음,교차로 - 교차로안,승용,남,22세,상해없음,보행자,여,62세,경상
2019100400100639,2019년 10월 4일 19시,금요일,전라북도 군산시 나운동,중상사고,0,1,0,0,차대사람 - 기타,교차로운행방법위반,건조,맑음,교차로 - 교차로안,화물,남,61세,상해없음,보행자,여,55세,중상
2019100400100640,2019년 10월 4일 19시,금요일,전라북도 부안군 변산면,경상사고,0,0,1,0,차대사람 - 기타,안전운전불이행,건조,맑음,교차로 - 교차로부근,화물,남,42세,상해없음,보행자,남,40세,경상
2019100400100685,2019년 10월 4일 20시,금요일,전라북도 익산시 송학동,경상사고,0,0,1,0,차대사람 - 횡단중,안전운전불이행,건조,맑음,교차로 - 교차로안,승용,여,54세,상해없음,보행자,남,52세,경상
2019100400100736,2019년 10월 4일 22시,금요일,전라북도 전주시 완산구 효자동3가,경상사고,0,0,2,0,차대차 - 측면충돌,신호위반,건조,맑음,교차로 - 교차로안,이륜,남,23세,경상,승용,남,42세,경상
2019100400100737,2019년 10월 4일 22시,금요일,전라북도 군산시 산북동,경상사고,0,0,1,0,차대차 - 기타,교차로운행방법위반,건조,맑음,교차로 - 교차로안,승용,남,45세,상해없음,이륜,남,19세,경상
2019100400100759,2019년 10월 4일 23시,금요일,전라북도 익산시 영등동,경상사고,0,0,2,0,차대차 - 측면충돌,신호위반,건조,맑음,교차로 - 교차로안,승용,남,42세,상해없음,승용,남,67세,상해없음
2019100500100038,2019년 10월 5일 01시,토요일,전라북도 전주시 완산구 중노송동,중상사고,0,1,0,0,차대사람 - 횡단중,안전운전불이행,건조,맑음,교차로 - 교차로안,화물,남,45세,상해없음,보행자,여,55세,중상
2019100500100039,2019년 10월 5일 01시,토요일,전라북도 고창군 고창읍,경상사고,0,0,1,0,차대차 - 정면충돌,중앙선침범,건조,맑음,기타 - 기타,승용,남,58세,상해없음,승용,남,57세,경상
2019100500100098,2019년 10월 5일 07시,토요일,전라북도 군산시 대야면,경상사고,0,0,1,0,차량단독 - 공작물충돌,안전운전불이행,건조,맑음,단일로 - 기타,승용,남,48세,경상,,,,
2019100500100182,2019년 10월 5일 10시,토요일,전라북도 전주시 완산구 효자동1가,경상사고,0,0,1,0,차대차 - 측면충돌,신호위반,건조,맑음,교차로 - 교차로부근,승용,여,51세,상해없음,승용,여,48세,경상
2019100500100183,2019년 10월 5일 10시,토요일,전라북도 익산시 황등면,경상사고,0,0,1,0,차대차 - 정면충돌,신호위반,건조,맑음,교차로 - 교차로안,승용,남,67세,상해없음,승용,여,25세,경상
2019100500100184,2019년 10월 5일 10시,토요일,전라북도 김제시 만경읍,경상사고,0,0,6,0,차대차 - 측면충돌,신호위반,건조,흐림,교차로 - 교차로안,승용,남,58세,상해없음,승용,남,40세,경상
2019100500100245,2019년 10월 5일 12시,토요일,전라북도 부안군 동진면,중상사고,0,2,2,0,차대차 - 추돌,중앙선침범,건조,맑음,기타 - 기타,승용,남,73세,상해없음,화물,남,51세,중상
2019100500100284,2019년 10월 5일 13시,토요일,전라북도 전주시 덕진구 동산동,경상사고,0,0,1,0,차대차 - 추돌,안전운전불이행,건조,맑음,단일로 - 기타,승용,여,46세,기타불명,승용,남,38세,경상
2019100500100322,2019년 10월 5일 14시,토요일,전라북도 전주시 덕진구 금암동,경상사고,0,0,2,0,차대차 - 측면충돌,안전거리미확보,건조,맑음,교차로 - 교차로안,승용,남,33세,기타불명,승용,남,30세,경상
2019100500100355,2019년 10월 5일 15시,토요일,전라북도 전주시 완산구 서노송동,중상사고,0,1,0,0,차대사람 - 횡단중,안전운전불이행,건조,맑음,단일로 - 기타,승용,남,45세,상해없음,보행자,남,81세,중상
2019100500100417,2019년 10월 5일 17시,토요일,전라북도 전주시 완산구 평화동1가,경상사고,0,0,2,0,차대차 - 추돌,안전운전불이행,건조,맑음,교차로 - 교차로안,승용,남,64세,상해없음,승용,여,51세,경상
2019100500100418,2019년 10월 5일 17시,토요일,전라북도 익산시 영등동,경상사고,0,0,1,0,차대차 - 측면충돌,기타,건조,맑음,단일로 - 기타,원동기,남,17세,경상,승용,남,39세,상해없음
2019100500100496,2019년 10월 5일 19시,토요일,전라북도 남원시 쌍교동,경상사고,0,0,1,0,차대차 - 추돌,안전운전불이행,건조,맑음,교차로 - 교차로부근,이륜,남,59세,상해없음,승용,남,29세,상해없음
2019100500100497,2019년 10월 5일 19시,토요일,전라북도 부안군 부안읍,경상사고,0,0,1,0,차대차 - 측면충돌,안전운전불이행,건조,맑음,기타 - 기타,화물,남,62세,상해없음,이륜,남,21세,경상
2019100500100554,2019년 10월 5일 21시,토요일,전라북도 익산시 영등동,중상사고,0,1,0,0,차대차 - 추돌,안전운전불이행,건조,맑음,단일로 - 기타,원동기,남,36세,중상,승용,남,37세,상해없음
2019100500100575,2019년 10월 5일 22시,토요일,전라북도 익산시 팔봉동,경상사고,0,0,1,0,차대차 - 측면충돌,직진우회전진행방해,건조,맑음,교차로 - 교차로안,승용,남,33세,상해없음,승용,여,51세,경상
2019100500100605,2019년 10월 5일 23시,토요일,전라북도 전주시 덕진구 덕진동1가,중상사고,0,1,1,0,차대차 - 측면충돌,신호위반,건조,맑음,교차로 - 교차로안,승용,남,65세,상해없음,승용,남,27세,중상
2019100600100074,2019년 10월 6일 04시,일요일,전라북도 전주시 덕진구 인후동1가,경상사고,0,0,1,0,차대차 - 추돌,안전운전불이행,건조,맑음,교차로 - 교차로부근,승용,남,44세,상해없음,이륜,남,36세,경상
2019100600100088,2019년 10월 6일 05시,일요일,전라북도 군산시 나운동,경상사고,0,0,1,0,차대차 - 기타,신호위반,건조,맑음,교차로 - 교차로안,승용,남,24세,상해없음,승용,남,47세,경상
2019100600100141,2019년 10월 6일 09시,일요일,전라북도 전주시 완산구 중노송동,경상사고,0,0,1,0,차대차 - 측면충돌,안전운전불이행,건조,맑음,교차로 - 교차로안,승용,여,24세,상해없음,승용,여,45세,경상
2019100600100162,2019년 10월 6일 10시,일요일,전라북도 김제시 옥산동,경상사고,0,0,2,0,차대차 - 측면충돌,안전운전불이행,건조,맑음,교차로 - 교차로안,이륜,여,75세,경상,승용,남,39세,경상
2019100600100181,2019년 10월 6일 11시,일요일,전라북도 익산시 오산면,경상사고,0,0,2,0,차대차 - 측면충돌,과속,건조,맑음,단일로 - 기타,승용,남,19세,상해없음,승용,남,31세,경상
2019100600100182,2019년 10월 6일 11시,일요일,전라북도 부안군 보안면,중상사고,0,1,2,0,차대차 - 측면충돌,중앙선침범,건조,맑음,단일로 - 기타,승용,여,48세,상해없음,승용,여,36세,경상
2019100600100210,2019년 10월 6일 12시,일요일,전라북도 무주군 부남면,중상사고,0,1,0,0,차량단독 - 공작물충돌,안전운전불이행,건조,맑음,단일로 - 기타,승용,남,22세,상해없음,,,,
2019100600100237,2019년 10월 6일 13시,일요일,전라북도 전주시 덕진구 인후동1가,경상사고,0,0,1,0,차대차 - 측면충돌,안전거리미확보,건조,맑음,교차로 - 교차로안,승용,남,26세,상해없음,승용,남,71세,경상
2019100600100238,2019년 10월 6일 13시,일요일,전라북도 익산시 오산면,경상사고,0,0,1,0,차대차 - 측면충돌,신호위반,건조,맑음,교차로 - 교차로안,승용,남,69세,상해없음,승용,남,50세,경상
2019100600100239,2019년 10월 6일 13시,일요일,전라북도 김제시 금산면,경상사고,0,0,1,0,차대차 - 측면충돌,기타,건조,맑음,교차로 - 교차로안,이륜,남,26세,경상,승용,여,37세,상해없음
2019100600100240,2019년 10월 6일 13시,일요일,전라북도 부안군 행안면,경상사고,0,0,1,0,차대차 - 측면충돌,직진우회전진행방해,건조,맑음,교차로 - 교차로안,승용,남,26세,상해없음,특수,남,37세,경상
2019100600100277,2019년 10월 6일 14시,일요일,전라북도 전주시 완산구 효자동2가,경상사고,0,0,3,0,차대차 - 측면충돌,차로위반,건조,맑음,교차로 - 교차로부근,승용,남,26세,상해없음,승용,여,30세,경상
2019100600100278,2019년 10월 6일 14시,일요일,전라북도 군산시 수송동,경상사고,0,0,2,0,차대차 - 기타,안전운전불이행,건조,맑음,교차로 - 교차로부근,승용,남,59세,상해없음,승용,여,43세,경상
2019100600100306,2019년 10월 6일 15시,일요일,전라북도 김제시 부량면,경상사고,0,0,1,0,차대사람 - 기타,불법유턴,건조,맑음,단일로 - 기타,승용,남,62세,상해없음,보행자,남,59세,경상
2019100600100368,2019년 10월 6일 17시,일요일,전라북도 김제시 교동,중상사고,0,1,4,0,차대차 - 추돌,안전운전불이행,건조,맑음,단일로 - 기타,승용,남,50세,상해없음,승용,남,50세,경상
2019100600100402,2019년 10월 6일 18시,일요일,전라북도 익산시 신동,부상신고사고,0,0,0,1,차대차 - 기타,직진우회전진행방해,건조,맑음,교차로 - 교차로안,원동기,남,25세,부상신고,승용,남,49세,상해없음
2019100600100403,2019년 10월 6일 18시,일요일,전라북도 익산시 부송동,경상사고,0,0,1,0,차대사람 - 횡단중,안전운전불이행,건조,맑음,단일로 - 기타,이륜,남,69세,상해없음,보행자,여,80세,경상
2019100600100442,2019년 10월 6일 19시,일요일,전라북도 정읍시 공평동,경상사고,0,0,13,0,차대차 - 추돌,안전운전불이행,건조,맑음,교차로 - 교차로부근,승합,여,59세,경상,승용,여,44세,경상
2019100600100495,2019년 10월 6일 21시,일요일,전라북도 군산시 신풍동,중상사고,0,1,0,0,차대사람 - 차도통행중,안전운전불이행,건조,맑음,단일로 - 지하차도(도로)내,이륜,남,25세,상해없음,보행자,여,58세,중상
2019100600100516,2019년 10월 6일 22시,일요일,전라북도 전주시 덕진구 우아동2가,중상사고,0,1,0,0,차대차 - 정면충돌,중앙선침범,건조,맑음,교차로 - 교차로부근,승용,남,55세,기타불명,승용,남,27세,중상
2019100700100028,2019년 10월 7일 00시,월요일,전라북도 군산시 미원동,경상사고,0,0,1,0,차대차 - 정면충돌,중앙선침범,건조,맑음,교차로 - 교차로안,승용,남,53세,상해없음,승용,남,44세,경상
2019100700100055,2019년 10월 7일 04시,월요일,전라북도 전주시 완산구 전동3가,중상사고,0,1,0,0,차대사람 - 차도통행중,안전운전불이행,젖음/습기,비,단일로 - 기타,승용,남,64세,상해없음,보행자,여,73세,중상