사고번호,사고일시,요일,시군구,사고내용,사망자수,중상자수,경상자수,부상신고자수,사고유형,법규위반,노면상태,기상상태,도로형태,가해운전자 차종,가해운전자 성별,가해운전자 연령,가해운전자 상해정도,피해운전자 차종,피해운전자 성별,피해운전자 연령,피해운전자 상해정도
2019100700100071,2019년 10월 7일 05시,월요일,전라북도 정읍시 시기동,중상사고,0,1,0,0,차대사람 - 횡단중,안전운전불이행,젖음/습기,비,단일로 - 기타,화물,남,67세,상해없음,보행자,남,68세,중상
2019100700100090,2019년 10월 7일 06시,월요일,전라북도 정읍시 농소동,중상사고,0,1,1,0,차대차 - 측면충돌,안전거리미확보,젖음/습기,비,교차로 - 교차로부근,화물,남,57세,경상,승용,남,53세,중상
2019100700100091,2019년 10월 7일 06시,월요일,전라북도 남원시 주천면,중상사고,0,1,0,0,차대사람 - 차도통행중,신호위반,젖음/습기,비,교차로 - 교차로부근,건설기계,남,45세,상해없음,보행자,남,82세,중상
2019100700100092,2019년 10월 7일 06시,월요일,전라북도 완주군 상관면,경상사고,0,0,1,0,차대차 - 기타,안전거리미확보,젖음/습기,비,교차로 - 교차로부근,화물,남,55세,상해없음,승용,남,64세,경상
2019100700100117,2019년 10월 7일 07시,월요일,전라북도 전주시 덕진구 인후동1가,경상사고,0,0,1,0,차대차 - 측면충돌,직진우회전진행방해,젖음/습기,흐림,교차로 - 교차로안,승용,여,64세,기타불명,승용,여,53세,경상
2019100700100118,2019년 10월 7일 07시,월요일,전라북도 익산시 부송동,경상사고,0,0,1,0,차대차 - 추돌,안전운전불이행,젖음/습기,비,단일로 - 기타,승용,여,31세,경상,승합,남,72세,상해없음
2019100700100166,2019년 10월 7일 08시,월요일,전라북도 전주시 덕진구 동산동,경상사고,0,0,1,0,차대사람 - 기타,안전운전불이행,젖음/습기,비,교차로 - 교차로안,승용,남,79세,상해없음,보행자,여,18세,경상
2019100700100167,2019년 10월 7일 08시,월요일,전라북도 전주시 덕진구 송천동2가,경상사고,0,0,1,0,차대차 - 측면충돌,교차로운행방법위반,젖음/습기,비,교차로 - 교차로안,승합,남,29세,상해없음,승용,여,45세,경상
2019100700100168,2019년 10월 7일 08시,월요일,전라북도 군산시 산북동,경상사고,0,0,1,0,차대차 - 추돌,안전운전불이행,젖음/습기,비,단일로 - 기타,승용,남,64세,상해없음,승용,남,39세,경상
2019100700100169,2019년 10월 7일 08시,월요일,전라북도 익산시 신동,중상사고,0,1,0,0,차대차 - 측면충돌,직진우회전진행방해,젖음/습기,비,교차로 - 교차로안,승용,여,44세,상해없음,승용,여,62세,중상
2019100700100170,2019년 10월 7일 08시,월요일,전라북도 익산시 신흥동,경상사고,0,0,1,0,차대차 - 추돌,안전운전불이행,젖음/습기,비,단일로 - 기타,승용,남,29세,상해없음,승용,여,44세,경상
2019100700100212,2019년 10월 7일 09시,월요일,전라북도 전주시 덕진구 송천동1가,중상사고,0,2,0,0,차대사람 - 횡단중,보행자보호의무위반,젖음/습기,비,교차로 - 교차로안,승합,남,69세,상해없음,보행자,여,63세,중상
2019100700100213,2019년 10월 7일 09시,월요일,전라북도 정읍시 연지동,경상사고,0,0,1,0,차대차 - 기타,안전운전불이행,젖음/습기,비,교차로 - 교차로안,이륜,남,42세,경상,화물,남,71세,상해없음
2019100700100278,2019년 10월 7일 11시,월요일,전라북도 군산시 수송동,경상사고,0,0,3,0,차대차 - 정면충돌,안전운전불이행,젖음/습기,비,교차로 - 교차로안,승용,여,60세,상해없음,승용,여,30세,경상
2019100700100313,2019년 10월 7일 12시,월요일,전라북도 전주시 완산구 효자동1가,경상사고,0,0,1,0,차대사람 - 기타,안전운전불이행,젖음/습기,비,교차로 - 교차로안,승용,남,69세,상해없음,보행자,여,68세,경상
2019100700100341,2019년 10월 7일 13시,월요일,전라북도 전주시 완산구 효자동3가,경상사고,0,0,2,0,차대차 - 기타,안전운전불이행,젖음/습기,비,교차로 - 교차로안,승용,남,66세,상해없음,승용,남,32세,경상
2019100700100342,2019년 10월 7일 13시,월요일,전라북도 고창군 고수면,경상사고,0,0,2,0,차대차 - 측면충돌,신호위반,젖음/습기,비,교차로 - 교차로안,승용,남,77세,상해없음,승용,남,64세,경상
2019100700100374,2019년 10월 7일 14시,월요일,전라북도 전주시 완산구 전동3가,중상사고,0,1,0,0,차대사람 - 횡단중,안전운전불이행,젖음/습기,비,단일로 - 기타,승용,여,36세,상해없음,보행자,여,88세,중상
2019100700100425,2019년 10월 7일 15시,월요일,전라북도 익산시 삼기면,경상사고,0,0,3,0,차대차 - 측면충돌,신호위반,젖음/습기,비,교차로 - 교차로안,승용,남,49세,상해없음,승용,남,61세,경상
2019100700100460,2019년 10월 7일 16시,월요일,전라북도 전주시 완산구 효자동3가,중상사고,0,1,0,0,차대차 - 측면충돌,중앙선침범,젖음/습기,비,교차로 - 교차로부근,승용,남,60세,상해없음,이륜,남,40세,중상
2019100700100461,2019년 10월 7일 16시,월요일,전라북도 고창군 흥덕면,경상사고,0,0,2,0,차대차 - 기타,차로위반,건조,맑음,교차로 - 교차로안,승용,남,52세,경상,화물,남,53세,경상
2019100700100543,2019년 10월 7일 18시,월요일,전라북도 군산시 수송동,경상사고,0,0,1,0,차대차 - 측면충돌,신호위반,젖음/습기,비,교차로 - 교차로안,승용,여,63세,상해없음,이륜,남,17세,경상
2019100700100604,2019년 10월 7일 19시,월요일,전라북도 익산시 부송동,경상사고,0,0,1,0,차대사람 - 횡단중,안전운전불이행,젖음/습기,비,교차로 - 교차로부근,승용,여,41세,상해없음,보행자,남,38세,경상
2019100700100605,2019년 10월 7일 19시,월요일,전라북도 부안군 부안읍,경상사고,0,0,1,0,차대차 - 추돌,안전운전불이행,젖음/습기,비,교차로 - 교차로부근,승용,남,44세,상해없음,승용,여,54세,경상
2019100700100698,2019년 10월 7일 22시,월요일,전라북도 익산시 남중동,중상사고,0,2,2,0,차량단독 - 공작물충돌,과속,건조,흐림,단일로 - 기타,승용,남,19세,상해없음,,,,
2019100800100051,2019년 10월 8일 01시,화요일,전라북도 군산시 나운동,경상사고,0,0,1,1,차대사람 - 횡단중,안전운전불이행,건조,맑음,교차로 - 교차로부근,승용,남,67세,상해없음,보행자,남,52세,부상신고
2019100800100063,2019년 10월 8일 03시,화요일,전라북도 군산시 개정면,중상사고,0,2,0,0,차대차 - 측면충돌,신호위반,건조,맑음,교차로 - 교차로안,화물,남,61세,상해없음,화물,남,37세,중상
2019100800100191,2019년 10월 8일 09시,화요일,전라북도 군산시 개정면,경상사고,0,0,1,0,차대차 - 추돌,안전운전불이행,건조,맑음,교차로 - 교차로부근,화물,남,79세,상해없음,승용,남,79세,경상
2019100800100223,2019년 10월 8일 10시,화요일,전라북도 군산시 서수면,경상사고,0,0,1,0,차대차 - 기타,중앙선침범,건조,맑음,단일로 - 기타,승합,남,65세,상해없음,화물,남,50세,경상
2019100800100269,2019년 10월 8일 11시,화요일,전라북도 부안군 변산면,경상사고,0,0,3,0,차대차 - 추돌,안전운전불이행,건조,맑음,교차로 - 교차로안,승용,남,65세,상해없음,승용,여,52세,경상
2019100800100270,2019년 10월 8일 11시,화요일,전라북도 순창군 팔덕면,중상사고,0,1,0,0,차대차 - 측면충돌,안전운전불이행,건조,맑음,교차로 - 교차로안,승용,여,51세,상해없음,이륜,여,66세,중상
2019100800100302,2019년 10월 8일 12시,화요일,전라북도 익산시 신동,중상사고,0,1,0,0,차대차 - 측면충돌,중앙선침범,건조,맑음,단일로 - 기타,승용,남,29세,상해없음,이륜,남,31세,중상
2019100800100337,2019년 10월 8일 13시,화요일,전라북도 전주시 덕진구 인후동2가,중상사고,0,1,0,0,차대사람 - 보도통행중,기타,건조,맑음,기타 - 기타,승용,남,56세,상해없음,보행자,여,85세,중상
2019100800100338,2019년 10월 8일 13시,화요일,전라북도 군산시 나운동,경상사고,0,0,1,0,차대사람 - 기타,안전운전불이행,건조,맑음,단일로 - 기타,승용,남,71세,상해없음,보행자,여,70세,경상
2019100800100423,2019년 10월 8일 15시,화요일,전라북도 군산시 수송동,경상사고,0,0,1,0,차대차 - 추돌,안전거리미확보,건조,맑음,단일로 - 기타,승용,남,50세,상해없음,승용,여,50세,경상
2019100800100463,2019년 10월 8일 16시,화요일,전라북도 전주시 완산구 효자동3가,경상사고,0,0,1,0,차대차 - 기타,안전운전불이행,건조,맑음,단일로 - 기타,승용,남,61세,상해없음,승용,남,42세,경상
2019100800100464,2019년 10월 8일 16시,화요일,전라북도 남원시 왕정동,중상사고,0,1,1,0,차대사람 - 횡단중,안전운전불이행,건조,맑음,단일로 - 기타,이륜,여,63세,경상,보행자,여,65세,중상
2019100800100509,2019년 10월 8일 17시,화요일,전라북도 정읍시 연지동,경상사고,0,0,2,0,차대차 - 측면충돌,안전운전불이행,건조,맑음,교차로 - 교차로부근,승용,여,54세,상해없음,승용,남,22세,경상
2019100800100510,2019년 10월 8일 17시,화요일,전라북도 남원시 하정동,중상사고,0,1,0,0,차대차 - 기타,안전운전불이행,건조,맑음,단일로 - 기타,승용,여,48세,상해없음,이륜,남,71세,중상
2019100800100572,2019년 10월 8일 18시,화요일,전라북도 전주시 덕진구 금암동,경상사고,0,0,1,0,차대차 - 측면충돌,안전거리미확보,건조,맑음,단일로 - 기타,승용,여,42세,상해없음,승용,남,53세,경상
2019100800100573,2019년 10월 8일 18시,화요일,전라북도 군산시 중앙로1가,중상사고,0,1,0,0,차대사람 - 횡단중,보행자보호의무위반,건조,맑음,단일로 - 기타,승합,남,44세,상해없음,보행자,여,30세,중상
2019100800100574,2019년 10월 8일 18시,화요일,전라북도 정읍시 쌍암동,중상사고,0,1,0,0,차대사람 - 길가장자리구역통행중,안전운전불이행,건조,맑음,단일로 - 기타,승용,여,61세,상해없음,보행자,남,52세,중상
2019100800100575,2019년 10월 8일 18시,화요일,전라북도 남원시 동충동,중상사고,0,1,0,0,차대차 - 기타,교차로운행방법위반,건조,맑음,교차로 - 교차로안,화물,남,44세,상해없음,자전거,남,76세,중상
2019100800100645,2019년 10월 8일 19시,화요일,전라북도 전주시 덕진구 산정동,경상사고,0,0,1,0,차대차 - 측면충돌,안전운전불이행,건조,맑음,단일로 - 기타,승용,여,57세,상해없음,승용,남,26세,상해없음
2019100800100646,2019년 10월 8일 19시,화요일,전라북도 정읍시 시기동,중상사고,0,1,0,0,차대차 - 측면충돌,직진우회전진행방해,건조,맑음,교차로 - 교차로안,승용,여,63세,상해없음,이륜,남,44세,중상
2019100800100721,2019년 10월 8일 21시,화요일,전라북도 군산시 수송동,경상사고,0,0,1,0,차대사람 - 기타,안전운전불이행,건조,맑음,교차로 - 교차로안,승용,여,49세,상해없음,보행자,여,51세,경상
2019100800100753,2019년 10월 8일 22시,화요일,전라북도 전주시 덕진구 금암동,경상사고,0,0,1,0,차대차 - 측면충돌,신호위반,건조,맑음,교차로 - 교차로안,이륜,남,22세,상해없음,자전거,여,26세,경상
2019100800100754,2019년 10월 8일 22시,화요일,전라북도 전주시 덕진구 인후동1가,경상사고,0,0,1,0,차대차 - 측면충돌,안전거리미확보,건조,맑음,단일로 - 기타,승용,남,55세,상해없음,이륜,남,20세,경상
2019100800100755,2019년 10월 8일 22시,화요일,전라북도 익산시 영등동,중상사고,0,1,0,0,차대사람 - 기타,안전운전불이행,건조,맑음,교차로 - 교차로안,승용,남,51세,상해없음,보행자,남,29세,중상
2019100900100033,2019년 10월 9일 00시,수요일,전라북도 전주시 완산구 중화산동2가,경상사고,0,0,2,0,차대차 - 기타,불법유턴,건조,맑음,교차로 - 교차로부근,승용,남,59세,상해없음,승용,남,21세,경상
2019100900100127,2019년 10월 9일 07시,수요일,전라북도 부안군 부안읍,경상사고,0,0,1,0,차대차 - 측면충돌,신호위반,건조,맑음,교차로 - 교차로안,승용,남,69세,상해없음,승용,남,49세,경상
2019100900100172,2019년 10월 9일 09시,수요일,전라북도 전주시 덕진구 덕진동1가,경상사고,0,0,2,0,차대차 - 추돌,안전거리미확보,건조,맑음,교차로 - 교차로부근,화물,남,33세,상해없음,승용,여,62세,경상
2019100900100266,2019년 10월 9일 12시,수요일,전라북도 남원시 금동,중상사고,0,1,0,0,차량단독 - 기타,안전운전불이행,건조,맑음,기타 - 기타,승합,남,50세,상해없음,,,,
2019100900100302,2019년 10월 9일 13시,수요일,전라북도 전주시 완산구 서신동,중상사고,0,3,1,0,차대차 - 측면충돌,신호위반,건조,맑음,교차로 - 교차로안,화물,남,45세,경상,승용,여,69세,중상
2019100900100303,2019년 10월 9일 13시,수요일,전라북도 전주시 덕진구 고랑동,경상사고,0,0,3,0,차대차 - 측면충돌,불법유턴,건조,맑음,단일로 - 기타,승용,여,60세,상해없음,승용,남,34세,경상
2019100900100337,2019년 10월 9일 14시,수요일,전라북도 정읍시 연지동,중상사고,0,1,0,0,차대차 - 측면충돌,직진우회전진행방해,건조,맑음,교차로 - 교차로안,승용,남,76세,상해없음,원동기,남,26세,중상
2019100900100412,2019년 10월 9일 16시,수요일,전라북도 군산시 옥산면,경상사고,0,0,3,0,차대차 - 측면충돌,차로위반,건조,맑음,단일로 - 지하차도(도로)내,화물,남,62세,상해없음,승용,여,30세,경상
2019100900100413,2019년 10월 9일 16시,수요일,전라북도 익산시 여산면,중상사고,0,1,0,0,차대차 - 측면충돌,직진우회전진행방해,건조,맑음,교차로 - 교차로안,승용,여,54세,상해없음,이륜,남,68세,중상
2019100900100414,2019년 10월 9일 16시,수요일,전라북도 정읍시 태인면,경상사고,0,0,1,0,차대차 - 측면충돌,신호위반,건조,맑음,교차로 - 교차로안,화물,여,54세,상해없음,승용,남,65세,경상
2019100900100449,2019년 10월 9일 17시,수요일,전라북도 전주시 덕진구 덕진동1가,경상사고,0,0,1,0,차대차 - 측면충돌,기타,건조,맑음,단일로 - 기타,승용,남,45세,상해없음,자전거,남,20세,경상
2019100900100450,2019년 10월 9일 17시,수요일,전라북도 진안군 부귀면,중상사고,0,1,3,0,차대차 - 측면충돌,직진우회전진행방해,건조,맑음,교차로 - 교차로안,승용,여,43세,경상,승용,여,64세,경상
2019100900100492,2019년 10월 9일 18시,수요일,전라북도 전주시 덕진구 금암동,경상사고,0,0,1,0,차대차 - 추돌,안전운전불이행,건조,맑음,단일로 - 기타,승용,남,44세,상해없음,승용,여,50세,경상
2019100900100535,2019년 10월 9일 19시,수요일,전라북도 전주시 덕진구 우아동2가,경상사고,0,0,1,0,차대차 - 측면충돌,신호위반,건조,맑음,교차로 - 교차로부근,승용,여,53세,상해없음,승용,여,45세,경상
2019100900100536,2019년 10월 9일 19시,수요일,전라북도 완주군 봉동읍,사망사고,1,0,2,0,차대차 - 추돌,안전운전불이행,건조,맑음,교차로 - 교차로부근,승용,남,66세,사망,화물,남,38세,경상
2019100900100580,2019년 10월 9일 20시,수요일,전라북도 군산시 개사동,사망사고,1,0,0,0,차대차 - 추돌,안전운전불이행,건조,흐림,단일로 - 기타,승용,여,70세,상해없음,자전거,남,51세,사망
2019100900100606,2019년 10월 9일 21시,수요일,전라북도 익산시 망성면,경상사고,0,0,2,0,차대차 - 추돌,안전운전불이행,건조,맑음,교차로 - 교차로부근,승용,남,56세,상해없음,승용,남,55세,경상
2019101000100046,2019년 10월 10일 03시,목요일,전라북도 익산시 목천동,사망사고,1,0,0,0,차량단독 - 공작물충돌,안전운전불이행,건조,맑음,단일로 - 기타,화물,남,62세,사망,,,,
2019101000100058,2019년 10월 10일 05시,목요일,전라북도 군산시 나운동,중상사고,0,1,0,0,차대차 - 측면충돌,신호위반,건조,맑음,교차로 - 교차로안,승용,남,59세,상해없음,승용,남,32세,중상
2019101000100092,2019년 10월 10일 07시,목요일,전라북도 김제시 백구면,중상사고,0,1,0,0,차대차 - 추돌,안전운전불이행,건조,맑음,단일로 - 기타,승용,남,43세,상해없음,승용,여,26세,중상
2019101000100140,2019년 10월 10일 08시,목요일,전라북도 전주시 덕진구 덕진동2가,중상사고,0,1,0,0,차대차 - 측면충돌,신호위반,건조,맑음,교차로 - 교차로횡단보도내,승용,남,48세,기타불명,자전거,남,10세,중상
2019101000100141,2019년 10월 10일 08시,목요일,전라북도 전주시 덕진구 진북동,경상사고,0,0,1,0,차대사람 - 횡단중,보행자보호의무위반,건조,맑음,교차로 - 교차로횡단보도내,승용,여,44세,상해없음,보행자,여,56세,경상
2019101000100252,2019년 10월 10일 11시,목요일,전라북도 전주시 완산구 중노송동,중상사고,0,1,0,0,차대차 - 측면충돌,중앙선침범,건조,맑음,단일로 - 지하차도(도로)내,승용,여,42세,상해없음,이륜,남,17세,중상
2019101000100277,2019년 10월 10일 12시,목요일,전라북도 전주시 완산구 서완산동1가,경상사고,0,0,3,0,차대차 - 정면충돌,중앙선침범,건조,맑음,단일로 - 지하차도(도로)내,승합,남,57세,상해없음,승용,남,62세,경상
2019101000100278,2019년 10월 10일 12시,목요일,전라북도 정읍시 태인면,중상사고,0,1,0,0,차대차 - 측면충돌,안전운전불이행,건조,맑음,단일로 - 기타,이륜,여,66세,중상,승용,남,59세,상해없음
2019101000100364,2019년 10월 10일 14시,목요일,전라북도 전주시 완산구 효자동3가,경상사고,0,0,1,0,차대사람 - 기타,안전운전불이행,건조,맑음,교차로 - 교차로부근,기타불명,기타불명,미분류,기타불명,보행자,여,26세,경상
2019101000100404,2019년 10월 10일 15시,목요일,전라북도 부안군 부안읍,중상사고,0,1,0,0,차대차 - 추돌,안전운전불이행,건조,맑음,단일로 - 기타,이륜,남,73세,중상,화물,남,68세,기타불명
2019101000100495,2019년 10월 10일 17시,목요일,전라북도 익산시 남중동,경상사고,0,0,1,0,차대차 - 측면충돌,직진우회전진행방해,건조,맑음,교차로 - 교차로안,승용,여,54세,상해없음,원동기,남,17세,경상
2019101000100551,2019년 10월 10일 18시,목요일,전라북도 완주군 봉동읍,중상사고,0,1,0,0,차대사람 - 횡단중,보행자보호의무위반,건조,맑음,교차로 - 교차로횡단보도내,승용,여,37세,상해없음,보행자,남,10세,중상
2019101000100647,2019년 10월 10일 20시,목요일,전라북도 전주시 덕진구 덕진동2가,중상사고,0,1,0,0,차대차 - 정면충돌,중앙선침범,건조,맑음,단일로 - 기타,자전거,남,56세,상해없음,이륜,남,19세,중상
2019101000100648,2019년 10월 10일 20시,목요일,전라북도 익산시 금강동,경상사고,0,0,1,0,차대차 - 측면충돌,안전운전불이행,건조,맑음,단일로 - 기타,화물,남,36세,상해없음,승용,여,59세,경상
2019101000100681,2019년 10월 10일 21시,목요일,전라북도 김제시 죽산면,경상사고,0,0,1,0,차대차 - 추돌,안전운전불이행,건조,맑음,단일로 - 기타,승용,남,57세,상해없음,화물,남,35세,경상
2019101000100735,2019년 10월 10일 23시,목요일,전라북도 군산시 수송동,경상사고,0,0,2,0,차대차 - 측면충돌,안전운전불이행,건조,맑음,단일로 - 지하차도(도로)내,승용,남,20세,상해없음,승용,남,55세,경상
2019101100100114,2019년 10월 11일 07시,금요일,전라북도 군산시 서수면,중상사고,0,1,0,0,차대차 - 추돌,신호위반,건조,맑음,교차로 - 교차로안,화물,남,61세,상해없음,승용,여,19세,중상
2019101100100115,2019년 10월 11일 07시,금요일,전라북도 익산시 부송동,경상사고,0,0,1,0,차대차 - 추돌,안전운전불이행,건조,맑음,교차로 - 교차로부근,승용,여,27세,상해없음,승용,남,44세,경상
2019101100100156,2019년 10월 11일 08시,금요일,전라북도 고창군 해리면,사망사고,1,1,0,0,차대차 - 측면충돌,중앙선침범,건조,맑음,단일로 - 지하차도(도로)내,건설기계,남,67세,상해없음,원동기,남,68세,사망
2019101100100198,2019년 10월 11일 09시,금요일,전라북도 전주시 덕진구 팔복동3가,경상사고,0,0,1,0,차대사람 - 횡단중,보행자보호의무위반,건조,맑음,교차로 - 교차로안,화물,남,55세,상해없음,보행자,남,41세,경상
2019101100100199,2019년 10월 11일 09시,금요일,전라북도 전주시 덕진구 진북동,경상사고,0,0,1,0,차대차 - 추돌,안전운전불이행,건조,맑음,단일로 - 기타,승용,남,67세,상해없음,승용,남,40세,경상
2019101100100200,2019년 10월 11일 09시,금요일,전라북도 전주시 덕진구 진북동,중상사고,0,1,0,0,차대사람 - 보도통행중,보행자보호의무위반,건조,맑음,교차로 - 교차로안,승용,여,51세,상해없음,보행자,여,69세,중상
2019101100100201,2019년 10월 11일 09시,금요일,전라북도 정읍시 연지동,경상사고,0,0,1,0,차대차 - 기타,중앙선침범,건조,맑음,단일로 - 기타,승용,남,58세,상해없음,승용,여,58세,경상
2019101100100272,2019년 10월 11일 11시,금요일,전라북도 정읍시 수성동,중상사고,0,1,0,0,차대차 - 기타,직진우회전진행방해,건조,맑음,교차로 - 교차로안,승용,남,25세,상해없음,이륜,남,62세,중상
2019101100100273,2019년 10월 11일 11시,금요일,전라북도 김제시 연정동,중상사고,0,1,0,0,차대차 - 기타,교차로운행방법위반,건조,맑음,교차로 - 교차로안,화물,남,61세,상해없음,이륜,여,69세,중상
2019101100100305,2019년 10월 11일 12시,금요일,전라북도 임실군 관촌면,중상사고,0,1,0,0,차대차 - 측면충돌,교차로운행방법위반,건조,맑음,교차로 - 교차로안,승용,남,44세,상해없음,이륜,남,75세,중상
2019101100100409,2019년 10월 11일 15시,금요일,전라북도 군산시 나운동,경상사고,0,0,2,0,차대차 - 추돌,안전거리미확보,건조,맑음,단일로 - 기타,승용,남,60세,상해없음,승합,남,34세,경상
2019101100100410,2019년 10월 11일 15시,금요일,전라북도 군산시 대명동,중상사고,0,1,0,0,차대사람 - 횡단중,안전운전불이행,건조,맑음,단일로 - 기타,승용,남,77세,상해없음,보행자,여,80세,중상
2019101100100411,2019년 10월 11일 15시,금요일,전라북도 정읍시 수성동,경상사고,0,0,1,0,차대차 - 기타,안전운전불이행,건조,맑음,교차로 - 교차로횡단보도내,화물,남,32세,상해없음,자전거,남,11세,경상
2019101100100465,2019년 10월 11일 16시,금요일,전라북도 김제시 검산동,경상사고,0,0,1,0,차대차 - 기타,차로위반,건조,맑음,교차로 - 교차로부근,건설기계,남,62세,상해없음,이륜,남,29세,경상
2019101100100466,2019년 10월 11일 16시,금요일,전라북도 고창군 아산면,중상사고,0,1,0,0,차대차 - 측면충돌,중앙선침범,건조,맑음,단일로 - 기타,승용,남,26세,상해없음,원동기,남,55세,중상
2019101100100575,2019년 10월 11일 18시,금요일,전라북도 전주시 덕진구 반월동,경상사고,0,0,2,0,차대차 - 추돌,안전거리미확보,건조,맑음,단일로 - 기타,승용,남,30세,상해없음,화물,남,61세,경상
2019101100100576,2019년 10월 11일 18시,금요일,전라북도 군산시 수송동,경상사고,0,0,2,0,차대차 - 기타,안전운전불이행,건조,맑음,교차로 - 교차로안,승용,여,27세,상해없음,승용,여,22세,경상
2019101100100577,2019년 10월 11일 18시,금요일,전라북도 군산시 옥산면,경상사고,0,0,1,0,차대차 - 추돌,안전운전불이행,건조,맑음,단일로 - 기타,승용,남,77세,상해없음,승용,남,45세,경상
2019101100100654,2019년 10월 11일 19시,금요일,전라북도 김제시 신풍동,중상사고,0,1,0,0,차대사람 - 횡단중,보행자보호의무위반,건조,맑음,교차로 - 교차로횡단보도내,승용,남,35세,상해없음,보행자,여,24세,중상
2019101100100700,2019년 10월 11일 20시,금요일,전라북도 익산시 용제동,경상사고,0,0,2,0,차대차 - 측면충돌,안전운전불이행,건조,맑음,교차로 - 교차로부근,승용,남,56세,상해없음,승용,남,58세,경상
2019101100100701,2019년 10월 11일 20시,금요일,전라북도 완주군 봉동읍,경상사고,0,0,2,0,차대차 - 측면충돌,교차로운행방법위반,건조,맑음,교차로 - 교차로안,승용,남,42세,상해없음,승용,남,59세,경상
2019101100100734,2019년 10월 11일 21시,금요일,전라북도 군산시 나운동,중상사고,0,1,0,0,차대사람 - 기타,안전운전불이행,건조,맑음,단일로 - 기타,승용,여,23세,상해없음,보행자,남,63세,중상
2019101100100762,2019년 10월 11일 22시,금요일,전라북도 전주시 완산구 서신동,중상사고,0,1,0,0,차대차 - 측면충돌,직진우회전진행방해,건조,맑음,교차로 - 교차로안,승용,남,53세,상해없음,자전거,여,54세,중상
2019101100100797,2019년 10월 11일 23시,금요일,전라북도 전주시 덕진구 인후동1가,경상사고,0,0,1,0,차대사람 - 횡단중,안전운전불이행,건조,맑음,단일로 - 기타,승용,남,46세,상해없음,보행자,남,25세,경상
2019101200100053,2019년 10월 12일 01시,토요일,전라북도 익산시 어양동,중상사고,0,1,1,0,차대차 - 측면충돌,신호위반,건조,맑음,교차로 - 교차로안,승용,남,53세,상해없음,승용,여,56세,중상
2019101200100087,2019년 10월 12일 04시,토요일,전라북도 전주시 덕진구 송천동2가,중상사고,0,1,0,0,차대사람 - 횡단중,안전운전불이행,건조,맑음,단일로 - 기타,승용,남,61세,상해없음,보행자,여,66세,중상
2019101200100147,2019년 10월 12일 08시,토요일,전라북도 익산시 부송동,경상사고,0,0,1,0,차대사람 - 횡단중,안전운전불이행,건조,맑음,교차로 - 교차로안,승용,여,34세,상해없음,보행자,여,61세,경상
2019101200100178,2019년 10월 12일 09시,토요일,전라북도 전주시 완산구 효자동1가,경상사고,0,0,1,0,차대차 - 측면충돌,안전운전불이행,건조,맑음,단일로 - 기타,승용,남,62세,상해없음,승용,여,33세,경상
2019101200100179,2019년 10월 12일 09시,토요일,전라북도 전주시 덕진구 우아동3가,경상사고,0,0,2,0,차대차 - 측면충돌,안전운전불이행,건조,맑음,교차로 - 교차로안,승용,남,78세,상해없음,승용,남,49세,경상
2019101200100180,2019년 10월 12일 09시,토요일,전라북도 전주시 덕진구 우아동3가,중상사고,0,1,1,0,차대차 - 측면충돌,직진우회전진행방해,건조,맑음,교차로 - 교차로횡단보도내,원동기,남,78세,중상,승용,남,33세,경상
2019101200100181,2019년 10월 12일 09시,토요일,전라북도 군산시 수송동,경상사고,0,0,2,0,차대차 - 후진중충돌,안전운전불이행,건조,맑음,주차장 - 주차장,화물,남,68세,상해없음,승용,여,40세,상해없음
2019101200100262,2019년 10월 12일 11시,토요일,전라북도 익산시 중앙동1가,중상사고,0,1,0,0,차대차 - 측면충돌,안전운전불이행,건조,맑음,단일로 - 기타,승용,남,56세,상해없음,자전거,남,13세,중상
2019101200100263,2019년 10월 12일 11시,토요일,전라북도 장수군 장계면,중상사고,0,1,0,0,차대차 - 추돌,신호위반,건조,맑음,교차로 - 교차로안,승용,남,58세,상해없음,원동기,남,55세,중상
2019101200100313,2019년 10월 12일 12시,토요일,전라북도 전주시 완산구 중화산동2가,중상사고,0,2,7,0,차대차 - 추돌,안전운전불이행,건조,맑음,교차로 - 교차로부근,승용,남,37세,상해없음,승용,남,32세,경상
2019101200100314,2019년 10월 12일 12시,토요일,전라북도 전주시 덕진구 진북동,경상사고,0,0,1,0,차대차 - 측면충돌,안전운전불이행,건조,맑음,단일로 - 기타,화물,남,64세,상해없음,승합,남,48세,경상
2019101200100315,2019년 10월 12일 12시,토요일,전라북도 군산시 오식도동,경상사고,0,0,1,0,차대사람 - 기타,안전운전불이행,건조,맑음,단일로 - 기타,화물,남,47세,상해없음,보행자,남,54세,경상
2019101200100358,2019년 10월 12일 13시,토요일,전라북도 군산시 옥도면,경상사고,0,0,1,0,차대사람 - 기타,안전운전불이행,건조,맑음,단일로 - 기타,이륜,여,45세,상해없음,보행자,남,60세,경상
2019101200100359,2019년 10월 12일 13시,토요일,전라북도 익산시 팔봉동,중상사고,0,1,0,0,차대차 - 측면충돌,직진우회전진행방해,건조,맑음,교차로 - 교차로안,화물,남,59세,상해없음,승용,남,36세,중상