사고번호,사고일시,요일,시군구,사고내용,사망자수,중상자수,경상자수,부상신고자수,사고유형,법규위반,노면상태,기상상태,도로형태,가해운전자 차종,가해운전자 성별,가해운전자 연령,가해운전자 상해정도,피해운전자 차종,피해운전자 성별,피해운전자 연령,피해운전자 상해정도
2019101200100467,2019년 10월 12일 15시,토요일,전라북도 전주시 덕진구 금암동,경상사고,0,0,4,0,차대차 - 측면충돌,불법유턴,건조,맑음,단일로 - 기타,승용,남,53세,상해없음,승용,남,34세,경상
2019101200100468,2019년 10월 12일 15시,토요일,전라북도 장수군 계남면,경상사고,0,0,1,0,차량단독 - 도로외이탈 - 추락,안전운전불이행,건조,맑음,단일로 - 기타,승용,남,36세,경상,,,,
2019101200100518,2019년 10월 12일 16시,토요일,전라북도 군산시 신창동,경상사고,0,0,2,0,차대차 - 추돌,안전운전불이행,건조,맑음,교차로 - 교차로부근,승용,남,52세,상해없음,승용,여,38세,상해없음
2019101200100519,2019년 10월 12일 16시,토요일,전라북도 김제시 검산동,경상사고,0,0,3,0,차대차 - 측면충돌,교차로운행방법위반,건조,맑음,교차로 - 교차로안,승합,남,65세,상해없음,승용,여,26세,경상
2019101200100559,2019년 10월 12일 17시,토요일,전라북도 익산시 모현동1가,경상사고,0,0,1,0,차대사람 - 횡단중,보행자보호의무위반,건조,맑음,교차로 - 교차로횡단보도내,승합,남,65세,상해없음,보행자,남,3세,경상
2019101200100560,2019년 10월 12일 17시,토요일,전라북도 순창군 순창읍,중상사고,0,1,0,0,차대차 - 정면충돌,신호위반,건조,맑음,교차로 - 교차로안,이륜,남,77세,중상,승용,남,43세,상해없음
2019101200100648,2019년 10월 12일 19시,토요일,전라북도 전주시 완산구 중화산동2가,경상사고,0,0,2,0,차대차 - 측면충돌,교차로운행방법위반,건조,맑음,교차로 - 교차로안,승용,여,30세,경상,승용,남,68세,경상
2019101200100649,2019년 10월 12일 19시,토요일,전라북도 부안군 부안읍,중상사고,0,1,0,0,차대차 - 측면충돌,직진우회전진행방해,건조,맑음,교차로 - 교차로안,승용,남,69세,상해없음,이륜,남,22세,중상
2019101200100754,2019년 10월 12일 22시,토요일,전라북도 전주시 완산구 서신동,경상사고,0,0,3,0,차대차 - 측면충돌,안전운전불이행,건조,맑음,교차로 - 교차로안,승용,남,20세,상해없음,승용,남,54세,경상
2019101200100777,2019년 10월 12일 23시,토요일,전라북도 전주시 완산구 서신동,경상사고,0,0,3,0,차대차 - 측면충돌,신호위반,건조,맑음,교차로 - 교차로안,승용,남,19세,상해없음,승용,남,58세,경상
2019101300100037,2019년 10월 13일 01시,일요일,전라북도 전주시 완산구 삼천동1가,중상사고,0,1,0,0,차대차 - 정면충돌,신호위반,건조,맑음,교차로 - 교차로안,승용,남,65세,상해없음,이륜,남,25세,중상
2019101300100068,2019년 10월 13일 04시,일요일,전라북도 익산시 영등동,경상사고,0,0,1,0,차대사람 - 기타,안전운전불이행,건조,맑음,기타 - 기타,승용,남,28세,상해없음,보행자,남,31세,경상
2019101300100079,2019년 10월 13일 05시,일요일,전라북도 전주시 완산구 효자동3가,중상사고,0,2,1,0,차대차 - 측면충돌,신호위반,건조,맑음,교차로 - 교차로안,승용,남,24세,상해없음,승용,남,58세,경상
2019101300100100,2019년 10월 13일 07시,일요일,전라북도 익산시 신동,경상사고,0,0,1,0,차대차 - 측면충돌,안전운전불이행,건조,맑음,기타 - 기타,승용,남,57세,상해없음,승용,남,24세,경상
2019101300100101,2019년 10월 13일 07시,일요일,전라북도 김제시 검산동,경상사고,0,0,2,0,차대차 - 추돌,안전운전불이행,건조,맑음,교차로 - 교차로횡단보도내,화물,남,60세,경상,승용,남,61세,경상
2019101300100125,2019년 10월 13일 09시,일요일,전라북도 전주시 완산구 효자동2가,경상사고,0,0,1,0,차대차 - 추돌,안전운전불이행,건조,맑음,단일로 - 기타,승용,남,58세,상해없음,승용,여,26세,경상
2019101300100126,2019년 10월 13일 09시,일요일,전라북도 정읍시 입암면,중상사고,0,1,0,0,차대차 - 측면충돌,중앙선침범,건조,맑음,단일로 - 기타,사륜오토바이(ATV),남,79세,중상,건설기계,남,58세,상해없음
2019101300100149,2019년 10월 13일 10시,일요일,전라북도 김제시 백구면,경상사고,0,0,8,0,차대차 - 추돌,안전운전불이행,건조,맑음,단일로 - 기타,승용,남,31세,상해없음,승용,남,30세,경상
2019101300100182,2019년 10월 13일 11시,일요일,전라북도 무주군 적상면,중상사고,0,3,1,0,차대차 - 정면충돌,중앙선침범,건조,맑음,단일로 - 기타,화물,남,68세,상해없음,승용,남,68세,경상
2019101300100199,2019년 10월 13일 12시,일요일,전라북도 전주시 덕진구 인후동1가,경상사고,0,0,2,1,차대차 - 측면충돌,교차로운행방법위반,건조,맑음,교차로 - 교차로안,승용,남,50세,기타불명,승용,여,35세,경상
2019101300100200,2019년 10월 13일 12시,일요일,전라북도 군산시 대야면,경상사고,0,0,2,0,차대차 - 추돌,신호위반,건조,맑음,교차로 - 교차로부근,화물,남,60세,상해없음,승용,여,29세,경상
2019101300100263,2019년 10월 13일 14시,일요일,전라북도 부안군 변산면,중상사고,0,1,0,0,차대사람 - 횡단중,보행자보호의무위반,건조,맑음,교차로 - 교차로안,승용,여,32세,상해없음,보행자,남,72세,중상
2019101300100308,2019년 10월 13일 15시,일요일,전라북도 전주시 완산구 고사동,경상사고,0,0,1,0,차대사람 - 기타,안전운전불이행,건조,맑음,단일로 - 기타,승용,여,19세,상해없음,보행자,남,42세,경상
2019101300100365,2019년 10월 13일 17시,일요일,전라북도 전주시 덕진구 송천동2가,중상사고,0,1,0,0,차대차 - 측면충돌,중앙선침범,건조,맑음,교차로 - 교차로부근,이륜,남,18세,기타불명,자전거,남,59세,중상
2019101300100366,2019년 10월 13일 17시,일요일,전라북도 군산시 중앙로1가,경상사고,0,0,1,0,차대차 - 측면충돌,안전운전불이행,건조,맑음,단일로 - 지하차도(도로)내,승합,남,49세,기타불명,자전거,남,55세,경상
2019101300100367,2019년 10월 13일 17시,일요일,전라북도 군산시 옥도면,경상사고,0,0,1,0,차대차 - 기타,안전운전불이행,건조,맑음,교차로 - 교차로부근,승용,여,22세,상해없음,자전거,여,43세,경상
2019101300100368,2019년 10월 13일 17시,일요일,전라북도 정읍시 소성면,중상사고,0,1,0,0,차대사람 - 횡단중,안전운전불이행,건조,맑음,단일로 - 기타,승용,남,72세,상해없음,보행자,여,69세,중상
2019101300100437,2019년 10월 13일 19시,일요일,전라북도 전주시 완산구 효자동2가,경상사고,0,0,2,0,차대차 - 측면충돌,신호위반,건조,맑음,교차로 - 교차로안,승용,여,63세,상해없음,승용,남,52세,경상
2019101300100438,2019년 10월 13일 19시,일요일,전라북도 전주시 덕진구 여의동,경상사고,0,0,2,0,차대차 - 측면충돌,중앙선침범,건조,맑음,교차로 - 교차로부근,승용,여,24세,상해없음,승용,남,24세,경상
2019101300100439,2019년 10월 13일 19시,일요일,전라북도 익산시 현영동,경상사고,0,0,1,0,차대사람 - 횡단중,신호위반,건조,맑음,교차로 - 교차로안,이륜,남,29세,상해없음,보행자,남,71세,경상
2019101300100440,2019년 10월 13일 19시,일요일,전라북도 정읍시 태인면,중상사고,0,1,1,0,차대차 - 측면충돌,신호위반,건조,맑음,기타 - 기타,승용,남,82세,상해없음,승용,남,65세,경상
2019101300100471,2019년 10월 13일 20시,일요일,전라북도 정읍시 내장동,경상사고,0,0,2,0,차대차 - 측면충돌,직진우회전진행방해,건조,맑음,교차로 - 교차로안,승용,남,19세,상해없음,승용,여,64세,경상
2019101400100031,2019년 10월 14일 00시,월요일,전라북도 정읍시 용계동,중상사고,0,1,0,0,차대사람 - 횡단중,안전운전불이행,건조,맑음,단일로 - 기타,승용,남,37세,상해없음,보행자,남,45세,중상
2019101400100092,2019년 10월 14일 07시,월요일,전라북도 익산시 모현동2가,경상사고,0,0,2,0,차대차 - 측면충돌,안전운전불이행,건조,맑음,단일로 - 기타,승용,여,48세,상해없음,승용,남,70세,경상
2019101400100132,2019년 10월 14일 08시,월요일,전라북도 전주시 덕진구 송천동1가,중상사고,0,1,0,0,차대사람 - 기타,기타,건조,맑음,단일로 - 기타,화물,남,70세,상해없음,보행자,여,84세,중상
2019101400100177,2019년 10월 14일 09시,월요일,전라북도 전주시 완산구 효자동3가,중상사고,0,1,0,0,차대차 - 정면충돌,안전운전불이행,건조,맑음,교차로 - 교차로횡단보도내,승용,남,72세,상해없음,승용,여,42세,중상
2019101400100178,2019년 10월 14일 09시,월요일,전라북도 부안군 행안면,경상사고,0,0,1,0,차대차 - 측면충돌,안전운전불이행,건조,맑음,교차로 - 교차로안,이륜,남,78세,경상,화물,남,52세,상해없음
2019101400100216,2019년 10월 14일 10시,월요일,전라북도 전주시 덕진구 금암동,경상사고,0,0,1,0,차대차 - 측면충돌,안전거리미확보,건조,맑음,교차로 - 교차로안,승용,남,61세,상해없음,이륜,남,77세,경상
2019101400100253,2019년 10월 14일 11시,월요일,전라북도 전주시 덕진구 장동,중상사고,0,1,0,0,차대차 - 추돌,안전거리미확보,건조,맑음,단일로 - 기타,승용,여,29세,상해없음,승용,남,42세,중상
2019101400100333,2019년 10월 14일 13시,월요일,전라북도 전주시 덕진구 덕진동2가,중상사고,0,1,0,0,차대사람 - 횡단중,안전운전불이행,건조,맑음,교차로 - 교차로횡단보도내,승용,남,43세,상해없음,보행자,여,23세,중상
2019101400100334,2019년 10월 14일 13시,월요일,전라북도 군산시 개정면,경상사고,0,0,1,0,차대차 - 정면충돌,교차로운행방법위반,건조,맑음,교차로 - 교차로부근,화물,남,67세,상해없음,승용,남,77세,경상
2019101400100335,2019년 10월 14일 13시,월요일,전라북도 김제시 요촌동,경상사고,0,0,1,0,차대사람 - 횡단중,안전운전불이행,건조,맑음,교차로 - 교차로안,승용,남,45세,상해없음,보행자,여,61세,경상
2019101400100374,2019년 10월 14일 14시,월요일,전라북도 군산시 오식도동,경상사고,0,0,1,0,차대차 - 측면충돌,신호위반,건조,맑음,교차로 - 교차로부근,승용,남,69세,상해없음,승용,남,60세,경상
2019101400100457,2019년 10월 14일 16시,월요일,전라북도 익산시 남중동,경상사고,0,0,2,0,차대차 - 측면충돌,안전운전불이행,건조,맑음,단일로 - 기타,승용,남,66세,상해없음,승용,여,38세,경상
2019101400100458,2019년 10월 14일 16시,월요일,전라북도 김제시 요촌동,경상사고,0,0,1,0,차대사람 - 횡단중,보행자보호의무위반,건조,맑음,교차로 - 교차로안,승용,남,61세,상해없음,보행자,남,80세,경상
2019101400100516,2019년 10월 14일 17시,월요일,전라북도 군산시 산북동,경상사고,0,0,2,0,차대차 - 추돌,안전운전불이행,건조,맑음,교차로 - 교차로부근,화물,남,64세,경상,화물,남,57세,경상
2019101400100517,2019년 10월 14일 17시,월요일,전라북도 군산시 오식도동,경상사고,0,0,2,0,차대차 - 측면충돌,안전운전불이행,건조,맑음,교차로 - 교차로안,승용,남,59세,경상,승용,남,19세,경상
2019101400100518,2019년 10월 14일 17시,월요일,전라북도 익산시 성당면,중상사고,0,1,0,0,차대차 - 측면충돌,직진우회전진행방해,건조,맑음,교차로 - 교차로안,승용,여,24세,상해없음,화물,남,71세,중상
2019101400100519,2019년 10월 14일 17시,월요일,전라북도 남원시 도통동,경상사고,0,0,2,0,차대차 - 후진중충돌,안전운전불이행,건조,맑음,교차로 - 교차로부근,승용,남,62세,상해없음,승용,남,59세,경상
2019101400100588,2019년 10월 14일 18시,월요일,전라북도 전주시 덕진구 인후동1가,경상사고,0,0,1,0,차대사람 - 횡단중,안전운전불이행,건조,맑음,교차로 - 교차로안,승용,남,40세,상해없음,보행자,여,58세,경상
2019101400100589,2019년 10월 14일 18시,월요일,전라북도 익산시 모현동1가,중상사고,0,1,0,0,차대사람 - 횡단중,보행자보호의무위반,건조,맑음,단일로 - 기타,승용,여,55세,상해없음,보행자,남,41세,중상
2019101400100640,2019년 10월 14일 19시,월요일,전라북도 전주시 완산구 효자동1가,중상사고,0,1,0,0,차대사람 - 횡단중,안전운전불이행,건조,맑음,교차로 - 교차로부근,승용,여,31세,상해없음,보행자,남,54세,중상
2019101400100641,2019년 10월 14일 19시,월요일,전라북도 익산시 어양동,경상사고,0,0,1,0,차대차 - 측면충돌,신호위반,건조,맑음,교차로 - 교차로안,화물,남,51세,상해없음,승용,남,67세,경상
2019101400100642,2019년 10월 14일 19시,월요일,전라북도 임실군 오수면,사망사고,1,0,0,0,차대사람 - 기타,안전운전불이행,건조,맑음,단일로 - 기타,승용,남,51세,상해없음,보행자,남,78세,사망
2019101400100688,2019년 10월 14일 20시,월요일,전라북도 전주시 완산구 석구동,경상사고,0,0,8,0,차대차 - 정면충돌,중앙선침범,건조,맑음,단일로 - 기타,승용,여,24세,상해없음,승용,남,43세,경상
2019101400100689,2019년 10월 14일 20시,월요일,전라북도 정읍시 수성동,경상사고,0,0,1,0,차대차 - 추돌,안전운전불이행,건조,맑음,교차로 - 교차로안,승용,남,50세,상해없음,승용,여,38세,경상
2019101400100715,2019년 10월 14일 21시,월요일,전라북도 익산시 여산면,중상사고,0,1,0,0,차대사람 - 횡단중,안전운전불이행,건조,맑음,단일로 - 기타,승용,남,31세,상해없음,보행자,남,58세,중상
2019101400100737,2019년 10월 14일 22시,월요일,전라북도 전주시 완산구 중화산동2가,경상사고,0,0,1,0,차대차 - 측면충돌,안전운전불이행,건조,맑음,교차로 - 교차로안,승용,남,63세,상해없음,승용,남,28세,경상
2019101400100754,2019년 10월 14일 23시,월요일,전라북도 전주시 완산구 평화동1가,경상사고,0,0,2,0,차대차 - 후진중충돌,안전운전불이행,건조,맑음,교차로 - 교차로부근,승용,남,33세,상해없음,승용,여,29세,경상
2019101400100755,2019년 10월 14일 23시,월요일,전라북도 전주시 덕진구 덕진동2가,경상사고,0,0,1,0,차량단독 - 기타,안전운전불이행,건조,맑음,단일로 - 기타,승용,남,58세,기타불명,,,,
2019101500100030,2019년 10월 15일 00시,화요일,전라북도 익산시 영등동,경상사고,0,0,1,0,차대차 - 측면충돌,안전거리미확보,건조,맑음,단일로 - 기타,원동기,남,28세,경상,승용,남,39세,상해없음
2019101500100043,2019년 10월 15일 01시,화요일,전라북도 전주시 완산구 서신동,경상사고,0,0,1,0,차대차 - 측면충돌,안전운전불이행,건조,맑음,단일로 - 기타,승용,남,45세,상해없음,승용,남,49세,경상
2019101500100050,2019년 10월 15일 02시,화요일,전라북도 전주시 덕진구 전미동1가,경상사고,0,0,1,0,차량단독 - 공작물충돌,안전운전불이행,건조,맑음,교차로 - 교차로안,승용,남,66세,기타불명,,,,
2019101500100069,2019년 10월 15일 05시,화요일,전라북도 전주시 완산구 효자동2가,중상사고,0,1,0,0,차대차 - 측면충돌,신호위반,건조,맑음,교차로 - 교차로부근,승용,남,51세,상해없음,승용,여,60세,중상
2019101500100085,2019년 10월 15일 06시,화요일,전라북도 전주시 덕진구 금암동,중상사고,0,1,0,0,차대사람 - 횡단중,안전운전불이행,건조,맑음,교차로 - 교차로안,승용,남,52세,상해없음,보행자,남,86세,중상
2019101500100104,2019년 10월 15일 07시,화요일,전라북도 무주군 무주읍,중상사고,0,1,0,0,차대차 - 측면충돌,안전운전불이행,건조,맑음,단일로 - 지하차도(도로)내,승용,여,49세,상해없음,원동기,남,59세,중상
2019101500100142,2019년 10월 15일 08시,화요일,전라북도 김제시 용동,경상사고,0,0,3,0,차대차 - 추돌,안전운전불이행,건조,맑음,단일로 - 기타,승용,남,46세,상해없음,승용,여,46세,경상
2019101500100237,2019년 10월 15일 10시,화요일,전라북도 전주시 완산구 효자동1가,경상사고,0,0,1,0,차대차 - 기타,안전거리미확보,건조,맑음,교차로 - 교차로부근,화물,남,73세,상해없음,승용,남,29세,경상
2019101500100238,2019년 10월 15일 10시,화요일,전라북도 정읍시 산내면,중상사고,0,1,0,0,차대사람 - 기타,안전운전불이행,건조,맑음,단일로 - 기타,화물,남,73세,상해없음,보행자,남,84세,중상
2019101500100275,2019년 10월 15일 11시,화요일,전라북도 정읍시 시기동,경상사고,0,0,1,0,차대차 - 정면충돌,중앙선침범,건조,맑음,단일로 - 기타,이륜,남,67세,경상,승용,여,49세,상해없음
2019101500100317,2019년 10월 15일 12시,화요일,전라북도 군산시 서수면,경상사고,0,0,1,0,차대차 - 후진중충돌,안전운전불이행,건조,맑음,단일로 - 기타,승용,남,69세,상해없음,원동기,여,71세,경상
2019101500100318,2019년 10월 15일 12시,화요일,전라북도 무주군 무풍면,중상사고,0,1,0,0,차량단독 - 기타,기타,건조,맑음,기타 - 기타,화물,남,53세,중상,,,,
2019101500100361,2019년 10월 15일 13시,화요일,전라북도 남원시 대강면,경상사고,0,0,1,0,차대차 - 측면충돌,교차로운행방법위반,건조,맑음,교차로 - 교차로안,화물,여,43세,상해없음,승합,남,63세,경상
2019101500100386,2019년 10월 15일 14시,화요일,전라북도 익산시 신동,경상사고,0,0,1,0,차대차 - 측면충돌,직진우회전진행방해,건조,맑음,교차로 - 교차로안,승용,여,63세,기타불명,이륜,남,25세,경상
2019101500100442,2019년 10월 15일 15시,화요일,전라북도 익산시 영등동,중상사고,0,1,0,0,차대사람 - 횡단중,안전운전불이행,건조,맑음,단일로 - 기타,화물,남,36세,상해없음,보행자,여,11세,중상
2019101500100483,2019년 10월 15일 16시,화요일,전라북도 군산시 미장동,경상사고,0,0,1,0,차대사람 - 횡단중,안전운전불이행,건조,기타,단일로 - 기타,승용,여,62세,상해없음,보행자,여,8세,경상
2019101500100533,2019년 10월 15일 17시,화요일,전라북도 남원시 죽항동,중상사고,0,1,0,0,차대사람 - 차도통행중,안전운전불이행,건조,맑음,교차로 - 교차로안,승용,여,54세,상해없음,보행자,여,59세,중상
2019101500100534,2019년 10월 15일 17시,화요일,전라북도 완주군 삼례읍,중상사고,0,1,0,0,차대차 - 측면충돌,직진우회전진행방해,건조,맑음,교차로 - 교차로안,승용,남,42세,상해없음,이륜,남,20세,중상
2019101500100589,2019년 10월 15일 18시,화요일,전라북도 전주시 덕진구 장동,중상사고,0,1,0,0,차대사람 - 횡단중,보행자보호의무위반,건조,맑음,교차로 - 교차로횡단보도내,화물,남,66세,상해없음,보행자,여,52세,중상
2019101500100590,2019년 10월 15일 18시,화요일,전라북도 전주시 덕진구 인후동1가,중상사고,0,1,0,0,차대차 - 측면충돌,중앙선침범,건조,맑음,교차로 - 교차로안,승용,남,70세,상해없음,승용,여,22세,중상
2019101500100591,2019년 10월 15일 18시,화요일,전라북도 익산시 부송동,경상사고,0,0,1,0,차대사람 - 횡단중,안전운전불이행,건조,맑음,단일로 - 기타,승용,여,34세,상해없음,보행자,남,60세,경상
2019101500100681,2019년 10월 15일 20시,화요일,전라북도 군산시 조촌동,중상사고,0,1,0,0,차대차 - 측면충돌,신호위반,건조,맑음,교차로 - 교차로안,승용,남,47세,상해없음,승합,남,65세,중상
2019101500100682,2019년 10월 15일 20시,화요일,전라북도 군산시 미룡동,중상사고,0,1,0,0,차대사람 - 길가장자리구역통행중,안전운전불이행,건조,맑음,단일로 - 지하차도(도로)내,승용,남,56세,상해없음,보행자,남,58세,중상
2019101500100717,2019년 10월 15일 21시,화요일,전라북도 김제시 흥사동,중상사고,0,1,2,0,차대차 - 측면충돌,안전운전불이행,건조,맑음,교차로 - 교차로안,승용,여,26세,경상,승용,여,47세,중상
2019101500100718,2019년 10월 15일 21시,화요일,전라북도 장수군 장수읍,경상사고,0,0,1,0,차량단독 - 전도전복 - 전도,안전운전불이행,건조,맑음,단일로 - 기타,원동기,남,48세,경상,,,,
2019101600100160,2019년 10월 16일 08시,수요일,전라북도 전주시 완산구 동완산동,경상사고,0,0,1,0,차대차 - 측면충돌,교차로운행방법위반,건조,맑음,교차로 - 교차로안,승용,남,60세,상해없음,승용,여,58세,경상
2019101600100249,2019년 10월 16일 10시,수요일,전라북도 진안군 주천면,중상사고,0,1,0,0,차량단독 - 기타,안전운전불이행,건조,맑음,단일로 - 기타,승합,남,63세,상해없음,,,,
2019101600100359,2019년 10월 16일 13시,수요일,전라북도 전주시 완산구 평화동1가,중상사고,0,1,1,0,차대차 - 정면충돌,신호위반,건조,맑음,교차로 - 교차로안,승용,남,55세,경상,화물,남,49세,중상
2019101600100360,2019년 10월 16일 13시,수요일,전라북도 전주시 덕진구 반월동,경상사고,0,0,1,0,차대차 - 측면충돌,차로위반,건조,맑음,교차로 - 교차로부근,화물,남,66세,상해없음,승합,남,54세,경상
2019101600100405,2019년 10월 16일 14시,수요일,전라북도 임실군 삼계면,사망사고,1,0,0,0,차대차 - 측면충돌,안전운전불이행,건조,맑음,단일로 - 기타,원동기,남,85세,사망,화물,남,73세,상해없음
2019101600100437,2019년 10월 16일 15시,수요일,전라북도 전주시 완산구 중화산동2가,중상사고,0,1,1,0,차대차 - 추돌,안전거리미확보,건조,맑음,교차로 - 교차로안,승용,남,41세,상해없음,승용,여,69세,중상
2019101600100438,2019년 10월 16일 15시,수요일,전라북도 부안군 부안읍,중상사고,0,1,0,0,차대사람 - 기타,안전운전불이행,건조,맑음,주차장 - 주차장,승용,남,36세,상해없음,보행자,남,52세,중상
2019101600100482,2019년 10월 16일 16시,수요일,전라북도 정읍시 이평면,중상사고,0,1,3,0,차대차 - 정면충돌,중앙선침범,건조,맑음,단일로 - 기타,화물,남,68세,경상,화물,남,52세,경상
2019101600100525,2019년 10월 16일 17시,수요일,전라북도 전주시 덕진구 반월동,중상사고,0,1,0,0,차대사람 - 횡단중,안전운전불이행,건조,맑음,교차로 - 교차로횡단보도내,승용,남,62세,상해없음,보행자,남,23세,중상
2019101600100526,2019년 10월 16일 17시,수요일,전라북도 김제시 요촌동,경상사고,0,0,1,0,차대차 - 측면충돌,신호위반,건조,맑음,교차로 - 교차로안,승용,남,62세,상해없음,승합,남,51세,경상
2019101600100575,2019년 10월 16일 18시,수요일,전라북도 군산시 삼학동,중상사고,0,1,0,0,차대사람 - 차도통행중,안전운전불이행,건조,기타,단일로 - 기타,승용,남,52세,상해없음,보행자,여,78세,중상
2019101600100576,2019년 10월 16일 18시,수요일,전라북도 김제시 검산동,사망사고,1,0,0,0,차대사람 - 차도통행중,안전운전불이행,건조,맑음,교차로 - 교차로안,승용,여,57세,상해없음,보행자,여,77세,사망
2019101600100577,2019년 10월 16일 18시,수요일,전라북도 고창군 신림면,경상사고,0,0,1,0,차대차 - 측면충돌,중앙선침범,건조,맑음,교차로 - 교차로부근,승용,남,52세,상해없음,승용,여,45세,경상
2019101600100722,2019년 10월 16일 22시,수요일,전라북도 전주시 덕진구 송천동2가,경상사고,0,0,1,0,차대사람 - 기타,안전운전불이행,건조,맑음,단일로 - 기타,승용,남,26세,상해없음,보행자,남,36세,경상
2019101700100054,2019년 10월 17일 02시,목요일,전라북도 완주군 삼례읍,중상사고,0,1,0,0,차대차 - 추돌,안전운전불이행,건조,맑음,교차로 - 교차로부근,승용,남,32세,중상,화물,남,44세,상해없음
2019101700100065,2019년 10월 17일 04시,목요일,전라북도 전주시 완산구 중화산동2가,경상사고,0,0,1,0,차대차 - 측면충돌,신호위반,건조,맑음,교차로 - 교차로안,승용,남,28세,상해없음,승용,남,52세,경상
2019101700100141,2019년 10월 17일 08시,목요일,전라북도 전주시 완산구 효자동2가,경상사고,0,0,1,0,차대차 - 측면충돌,안전운전불이행,건조,맑음,교차로 - 교차로안,승용,여,24세,상해없음,승용,남,31세,경상
2019101700100182,2019년 10월 17일 09시,목요일,전라북도 익산시 함열읍,경상사고,0,0,1,0,차대차 - 측면충돌,직진우회전진행방해,건조,맑음,교차로 - 교차로안,이륜,남,80세,경상,승용,남,50세,상해없음
2019101700100224,2019년 10월 17일 10시,목요일,전라북도 익산시 신동,경상사고,0,0,1,0,차대차 - 추돌,안전운전불이행,건조,맑음,단일로 - 기타,승용,남,72세,상해없음,승용,남,46세,경상
2019101700100225,2019년 10월 17일 10시,목요일,전라북도 김제시 만경읍,중상사고,0,1,0,0,차대차 - 측면충돌,기타,건조,맑음,교차로 - 교차로안,승합,남,69세,상해없음,화물,남,73세,중상
2019101700100260,2019년 10월 17일 11시,목요일,전라북도 고창군 고창읍,경상사고,0,0,1,0,차대차 - 기타,안전운전불이행,건조,맑음,교차로 - 교차로부근,승용,남,22세,기타불명,자전거,남,85세,경상
2019101700100288,2019년 10월 17일 12시,목요일,전라북도 익산시 신동,경상사고,0,0,1,0,차대차 - 측면충돌,안전운전불이행,건조,맑음,교차로 - 교차로안,승합,남,57세,상해없음,자전거,여,82세,경상
2019101700100326,2019년 10월 17일 13시,목요일,전라북도 김제시 하동,중상사고,0,1,0,0,차대차 - 측면충돌,안전운전불이행,건조,맑음,교차로 - 교차로안,승용,남,78세,상해없음,화물,남,67세,중상
2019101700100430,2019년 10월 17일 16시,목요일,전라북도 전주시 완산구 효자동1가,경상사고,0,0,1,0,차대사람 - 기타,안전운전불이행,건조,맑음,단일로 - 기타,승용,여,53세,상해없음,보행자,여,55세,경상
2019101700100431,2019년 10월 17일 16시,목요일,전라북도 전주시 덕진구 송천동1가,경상사고,0,0,1,0,차대사람 - 횡단중,안전운전불이행,건조,맑음,교차로 - 교차로횡단보도내,기타불명,기타불명,미분류,기타불명,보행자,남,13세,경상
2019101700100432,2019년 10월 17일 16시,목요일,전라북도 무주군 무풍면,경상사고,0,0,1,0,차대차 - 측면충돌,안전운전불이행,건조,맑음,단일로 - 기타,승용,남,39세,상해없음,화물,남,58세,경상
2019101700100474,2019년 10월 17일 17시,목요일,전라북도 전주시 덕진구 인후동1가,중상사고,0,1,0,0,차대사람 - 횡단중,안전운전불이행,건조,맑음,교차로 - 교차로안,승용,남,66세,상해없음,보행자,여,82세,중상
2019101700100475,2019년 10월 17일 17시,목요일,전라북도 군산시 나운동,경상사고,0,0,1,0,차대차 - 측면충돌,안전거리미확보,건조,맑음,단일로 - 기타,승용,여,71세,상해없음,승용,여,56세,경상
2019101700100476,2019년 10월 17일 17시,목요일,전라북도 장수군 장수읍,경상사고,0,0,2,0,차대차 - 추돌,교차로운행방법위반,건조,맑음,교차로 - 교차로안,화물,남,47세,상해없음,화물,남,62세,경상
2019101700100537,2019년 10월 17일 18시,목요일,전라북도 군산시 경암동,경상사고,0,0,1,0,차대사람 - 횡단중,보행자보호의무위반,건조,맑음,단일로 - 기타,승용,남,41세,상해없음,보행자,여,70세,경상
2019101700100538,2019년 10월 17일 18시,목요일,전라북도 김제시 만경읍,중상사고,0,1,0,0,차대사람 - 길가장자리구역통행중,안전운전불이행,건조,맑음,단일로 - 기타,승용,여,32세,상해없음,보행자,남,76세,중상
2019101700100592,2019년 10월 17일 19시,목요일,전라북도 전주시 완산구 효자동3가,경상사고,0,0,1,0,차대차 - 기타,중앙선침범,건조,기타,교차로 - 교차로횡단보도내,이륜,남,24세,상해없음,개인형이동수단(PM),남,29세,경상
2019101700100593,2019년 10월 17일 19시,목요일,전라북도 진안군 부귀면,경상사고,0,0,1,0,차대차 - 추돌,안전운전불이행,건조,맑음,교차로 - 교차로부근,화물,남,49세,상해없음,화물,남,58세,경상
2019101700100629,2019년 10월 17일 20시,목요일,전라북도 정읍시 시기동,경상사고,0,0,1,0,차대차 - 측면충돌,직진우회전진행방해,건조,맑음,교차로 - 교차로안,이륜,남,24세,경상,승용,남,48세,상해없음