사고번호,사고일시,요일,시군구,사고내용,사망자수,중상자수,경상자수,부상신고자수,사고유형,법규위반,노면상태,기상상태,도로형태,가해운전자 차종,가해운전자 성별,가해운전자 연령,가해운전자 상해정도,피해운전자 차종,피해운전자 성별,피해운전자 연령,피해운전자 상해정도
2019110600100572,2019년 11월 6일 18시,수요일,전라북도 익산시 임상동,중상사고,0,1,3,0,차대차 - 추돌,안전운전불이행,건조,맑음,단일로 - 기타,승용,여,32세,상해없음,승용,여,29세,중상
2019110600100630,2019년 11월 6일 19시,수요일,전라북도 군산시 경장동,경상사고,0,0,1,0,차대차 - 기타,안전운전불이행,건조,맑음,교차로 - 교차로부근,승용,남,51세,상해없음,승용,여,65세,경상
2019110600100631,2019년 11월 6일 19시,수요일,전라북도 정읍시 내장동,중상사고,0,1,1,0,차대차 - 정면충돌,중앙선침범,건조,맑음,단일로 - 기타,이륜,남,59세,중상,승용,여,45세,경상
2019110600100667,2019년 11월 6일 20시,수요일,전라북도 김제시 백구면,경상사고,0,0,10,0,차대차 - 추돌,안전거리미확보,건조,맑음,기타 - 기타,승합,남,63세,상해없음,승용,남,48세,경상
2019110600100693,2019년 11월 6일 21시,수요일,전라북도 완주군 봉동읍,중상사고,0,1,0,0,차대사람 - 기타,안전운전불이행,건조,맑음,교차로 - 교차로안,화물,남,32세,상해없음,보행자,남,70세,중상
2019110600100725,2019년 11월 6일 22시,수요일,전라북도 무주군 안성면,경상사고,0,0,1,0,차량단독 - 전도전복 - 전도,안전운전불이행,건조,맑음,단일로 - 기타,이륜,남,24세,경상,,,,
2019110700100083,2019년 11월 7일 06시,목요일,전라북도 전주시 덕진구 인후동1가,중상사고,0,1,0,0,차대사람 - 차도통행중,신호위반,건조,맑음,교차로 - 교차로안,승용,여,72세,상해없음,보행자,남,73세,중상
2019110700100084,2019년 11월 7일 06시,목요일,전라북도 정읍시 고부면,중상사고,0,1,0,0,차대차 - 측면충돌,신호위반,건조,맑음,교차로 - 교차로안,승합,남,44세,상해없음,이륜,남,64세,중상
2019110700100109,2019년 11월 7일 07시,목요일,전라북도 군산시 해망동,경상사고,0,0,1,0,차대차 - 측면충돌,안전거리미확보,건조,맑음,교차로 - 교차로부근,화물,남,59세,상해없음,승용,남,57세,경상
2019110700100152,2019년 11월 7일 08시,목요일,전라북도 군산시 옥산면,경상사고,0,0,1,0,차대차 - 측면충돌,안전거리미확보,건조,맑음,단일로 - 지하차도(도로)내,특수,남,34세,상해없음,승용,여,38세,경상
2019110700100153,2019년 11월 7일 08시,목요일,전라북도 익산시 오산면,중상사고,0,1,0,0,차대차 - 추돌,안전운전불이행,건조,맑음,단일로 - 기타,승용,여,25세,상해없음,자전거,남,63세,중상
2019110700100154,2019년 11월 7일 08시,목요일,전라북도 익산시 남중동,중상사고,0,1,0,0,차대사람 - 횡단중,안전운전불이행,건조,맑음,단일로 - 기타,승용,남,70세,상해없음,보행자,남,80세,중상
2019110700100228,2019년 11월 7일 10시,목요일,전라북도 정읍시 금붕동,중상사고,0,2,2,0,차대차 - 추돌,안전거리미확보,건조,맑음,단일로 - 기타,승용,여,33세,중상,화물,남,49세,경상
2019110700100229,2019년 11월 7일 10시,목요일,전라북도 정읍시 고부면,경상사고,0,0,1,0,차대사람 - 기타,안전운전불이행,건조,맑음,단일로 - 기타,승용,남,64세,상해없음,보행자,여,81세,경상
2019110700100268,2019년 11월 7일 11시,목요일,전라북도 군산시 임피면,경상사고,0,0,1,0,차대차 - 측면충돌,신호위반,건조,맑음,교차로 - 교차로안,건설기계,남,61세,상해없음,승용,남,28세,경상
2019110700100304,2019년 11월 7일 12시,목요일,전라북도 전주시 덕진구 팔복동1가,경상사고,0,0,1,0,차대사람 - 기타,안전운전불이행,건조,맑음,교차로 - 교차로안,승용,남,26세,상해없음,보행자,여,74세,경상
2019110700100344,2019년 11월 7일 13시,목요일,전라북도 전주시 덕진구 호성동1가,경상사고,0,0,1,0,차대차 - 기타,안전운전불이행,건조,맑음,교차로 - 교차로부근,승용,남,51세,상해없음,승용,여,40세,경상
2019110700100345,2019년 11월 7일 13시,목요일,전라북도 남원시 아영면,중상사고,0,1,0,0,차대사람 - 기타,안전운전불이행,건조,맑음,단일로 - 기타,승용,남,59세,상해없음,보행자,여,82세,중상
2019110700100384,2019년 11월 7일 14시,목요일,전라북도 익산시 용제동,경상사고,0,0,1,0,차대차 - 측면충돌,신호위반,건조,맑음,교차로 - 교차로안,승용,여,27세,상해없음,화물,남,60세,경상
2019110700100385,2019년 11월 7일 14시,목요일,전라북도 남원시 죽항동,중상사고,0,1,0,0,차대사람 - 기타,안전운전불이행,건조,맑음,교차로 - 교차로횡단보도내,건설기계,남,51세,상해없음,보행자,남,85세,중상
2019110700100469,2019년 11월 7일 16시,목요일,전라북도 전주시 완산구 서신동,경상사고,0,0,2,0,차대차 - 기타,안전운전불이행,건조,맑음,교차로 - 교차로안,승용,남,68세,상해없음,이륜,남,20세,경상
2019110700100571,2019년 11월 7일 18시,목요일,전라북도 전주시 완산구 효자동3가,경상사고,0,0,1,0,차대사람 - 보도통행중,보행자보호의무위반,건조,맑음,교차로 - 교차로부근,승용,여,43세,상해없음,보행자,남,9세,경상
2019110700100572,2019년 11월 7일 18시,목요일,전라북도 정읍시 시기동,경상사고,0,0,1,0,차대차 - 기타,신호위반,건조,맑음,교차로 - 교차로안,화물,남,54세,상해없음,이륜,남,25세,경상
2019110700100573,2019년 11월 7일 18시,목요일,전라북도 순창군 팔덕면,사망사고,1,0,0,0,차량단독 - 도로외이탈 - 추락,안전운전불이행,건조,맑음,단일로 - 기타,사륜오토바이(ATV),여,66세,사망,,,,
2019110700100639,2019년 11월 7일 19시,목요일,전라북도 전주시 완산구 경원동3가,경상사고,0,0,1,0,차대차 - 추돌,안전운전불이행,건조,맑음,단일로 - 기타,승용,남,60세,상해없음,승용,여,33세,경상
2019110700100681,2019년 11월 7일 20시,목요일,전라북도 김제시 백구면,사망사고,1,0,0,0,차대사람 - 기타,기타,건조,맑음,단일로 - 기타,승용,남,61세,상해없음,보행자,남,70세,사망
2019110700100712,2019년 11월 7일 21시,목요일,전라북도 익산시 신흥동,경상사고,0,0,1,0,차대차 - 측면충돌,신호위반,건조,맑음,교차로 - 교차로안,승용,남,34세,상해없음,승용,남,34세,경상
2019110700100713,2019년 11월 7일 21시,목요일,전라북도 익산시 남중동,경상사고,0,0,1,0,차대차 - 측면충돌,안전운전불이행,건조,맑음,교차로 - 교차로안,승용,남,34세,상해없음,승합,여,68세,경상
2019110700100767,2019년 11월 7일 23시,목요일,전라북도 전주시 덕진구 덕진동1가,중상사고,0,1,0,0,차대사람 - 횡단중,안전운전불이행,건조,맑음,단일로 - 기타,승용,남,41세,상해없음,보행자,여,19세,중상
2019110800100117,2019년 11월 8일 07시,금요일,전라북도 군산시 서흥남동,경상사고,0,0,1,0,차대사람 - 횡단중,신호위반,건조,맑음,교차로 - 교차로안,승용,남,68세,상해없음,보행자,여,56세,경상
2019110800100174,2019년 11월 8일 08시,금요일,전라북도 익산시 인화동2가,중상사고,0,1,0,0,차대사람 - 기타,안전운전불이행,건조,맑음,교차로 - 교차로안,승용,남,70세,상해없음,보행자,남,53세,중상
2019110800100269,2019년 11월 8일 10시,금요일,전라북도 군산시 오식도동,경상사고,0,0,3,0,차대차 - 추돌,안전운전불이행,건조,맑음,단일로 - 지하차도(도로)내,승용,여,31세,경상,승용,여,23세,경상
2019110800100270,2019년 11월 8일 10시,금요일,전라북도 순창군 적성면,중상사고,0,1,0,0,차대차 - 측면충돌,중앙선침범,건조,맑음,기타 - 기타,화물,남,64세,상해없음,이륜,남,70세,중상
2019110800100336,2019년 11월 8일 12시,금요일,전라북도 군산시 조촌동,경상사고,0,0,2,0,차대차 - 측면충돌,안전운전불이행,건조,맑음,교차로 - 교차로안,승용,여,35세,경상,승용,여,52세,경상
2019110800100337,2019년 11월 8일 12시,금요일,전라북도 군산시 장재동,경상사고,0,0,1,0,차대사람 - 횡단중,보행자보호의무위반,건조,맑음,교차로 - 교차로횡단보도내,승용,남,76세,상해없음,보행자,여,72세,경상
2019110800100338,2019년 11월 8일 12시,금요일,전라북도 익산시 신용동,경상사고,0,0,1,0,차대차 - 추돌,안전운전불이행,건조,맑음,단일로 - 기타,화물,남,55세,기타불명,승합,여,48세,경상
2019110800100372,2019년 11월 8일 13시,금요일,전라북도 전주시 완산구 효자동3가,경상사고,0,0,1,0,차대차 - 추돌,안전운전불이행,건조,맑음,교차로 - 교차로부근,승용,남,30세,상해없음,승용,남,36세,경상
2019110800100377,2019년 11월 8일 13시,금요일,전라북도 익산시 왕궁면,경상사고,0,0,2,0,차대차 - 기타,안전운전불이행,건조,맑음,단일로 - 기타,기타불명,기타불명,미분류,기타불명,승용,남,37세,경상
2019110800100419,2019년 11월 8일 14시,금요일,전라북도 군산시 성산면,경상사고,0,0,1,0,차대차 - 측면충돌,안전운전불이행,건조,맑음,교차로 - 교차로안,승합,남,48세,상해없음,승용,남,41세,경상
2019110800100420,2019년 11월 8일 14시,금요일,전라북도 군산시 지곡동,경상사고,0,0,2,0,차대차 - 측면충돌,안전운전불이행,건조,맑음,교차로 - 교차로안,승용,여,49세,경상,승합,남,54세,기타불명
2019110800100421,2019년 11월 8일 14시,금요일,전라북도 김제시 금산면,중상사고,0,1,2,0,차대사람 - 횡단중,보행자보호의무위반,건조,맑음,단일로 - 기타,승용,남,67세,상해없음,보행자,남,7세,중상
2019110800100466,2019년 11월 8일 15시,금요일,전라북도 전주시 완산구 고사동,사망사고,1,0,0,0,차대사람 - 차도통행중,안전운전불이행,건조,맑음,교차로 - 교차로안,승용,남,57세,상해없음,보행자,남,85세,사망
2019110800100467,2019년 11월 8일 15시,금요일,전라북도 정읍시 정우면,경상사고,0,0,1,0,차대차 - 추돌,안전운전불이행,건조,맑음,단일로 - 기타,화물,남,52세,상해없음,승용,여,47세,경상
2019110800100468,2019년 11월 8일 15시,금요일,전라북도 정읍시 내장동,경상사고,0,0,1,0,차대사람 - 기타,안전운전불이행,건조,흐림,단일로 - 기타,승합,남,53세,상해없음,보행자,여,71세,경상
2019110800100510,2019년 11월 8일 16시,금요일,전라북도 남원시 향교동,중상사고,0,1,0,0,차대사람 - 횡단중,보행자보호의무위반,건조,맑음,교차로 - 교차로횡단보도내,화물,여,69세,상해없음,보행자,여,16세,중상
2019110800100560,2019년 11월 8일 17시,금요일,전라북도 군산시 소룡동,중상사고,0,1,0,0,차대차 - 측면충돌,안전운전불이행,건조,맑음,교차로 - 교차로안,승용,남,57세,상해없음,이륜,남,49세,중상
2019110800100629,2019년 11월 8일 18시,금요일,전라북도 군산시 수송동,경상사고,0,0,1,0,차대차 - 추돌,안전운전불이행,건조,맑음,단일로 - 지하차도(도로)내,승용,남,69세,상해없음,승용,여,54세,경상
2019110800100630,2019년 11월 8일 18시,금요일,전라북도 익산시 오산면,중상사고,0,1,2,0,차대차 - 추돌,안전운전불이행,건조,흐림,단일로 - 기타,화물,남,67세,상해없음,승용,여,50세,중상
2019110800100631,2019년 11월 8일 18시,금요일,전라북도 김제시 서암동,경상사고,0,0,2,0,차대차 - 추돌,안전운전불이행,건조,맑음,교차로 - 교차로안,승용,남,54세,상해없음,승용,남,42세,경상
2019110800100632,2019년 11월 8일 18시,금요일,전라북도 부안군 하서면,중상사고,0,1,0,0,차대사람 - 기타,안전운전불이행,건조,맑음,단일로 - 기타,승합,남,59세,상해없음,보행자,남,74세,중상
2019110800100633,2019년 11월 8일 18시,금요일,전라북도 완주군 이서면,경상사고,0,0,1,0,차대차 - 추돌,안전거리미확보,건조,맑음,단일로 - 기타,화물,남,54세,상해없음,승용,남,31세,경상
2019110800100740,2019년 11월 8일 20시,금요일,전라북도 전주시 덕진구 금암동,경상사고,0,0,1,0,차대차 - 기타,안전운전불이행,건조,맑음,교차로 - 교차로부근,승용,남,68세,상해없음,자전거,여,64세,경상
2019110800100786,2019년 11월 8일 21시,금요일,전라북도 전주시 완산구 서신동,경상사고,0,0,1,0,차대차 - 측면충돌,신호위반,건조,맑음,교차로 - 교차로안,승용,남,57세,상해없음,승용,여,25세,경상
2019110800100787,2019년 11월 8일 21시,금요일,전라북도 군산시 지곡동,중상사고,0,1,2,0,차대차 - 측면충돌,신호위반,건조,맑음,교차로 - 교차로안,이륜,남,21세,중상,승용,여,46세,경상
2019110800100788,2019년 11월 8일 21시,금요일,전라북도 익산시 영등동,경상사고,0,0,1,0,차대차 - 추돌,안전운전불이행,건조,맑음,교차로 - 교차로부근,승용,남,20세,상해없음,승용,남,27세,경상
2019110800100789,2019년 11월 8일 21시,금요일,전라북도 김제시 신풍동,경상사고,0,0,2,0,차대차 - 측면충돌,안전거리미확보,건조,맑음,교차로 - 교차로부근,승용,여,57세,상해없음,승용,남,57세,경상
2019110800100818,2019년 11월 8일 22시,금요일,전라북도 전주시 완산구 효자동3가,경상사고,0,0,1,0,차대사람 - 횡단중,안전운전불이행,건조,맑음,교차로 - 교차로부근,이륜,남,28세,상해없음,보행자,여,22세,경상
2019110900100101,2019년 11월 9일 05시,토요일,전라북도 전주시 덕진구 금암동,경상사고,0,0,4,0,차대차 - 측면충돌,안전운전불이행,건조,맑음,교차로 - 교차로안,화물,남,50세,상해없음,승용,남,48세,경상
2019110900100102,2019년 11월 9일 05시,토요일,전라북도 군산시 경암동,사망사고,1,0,0,0,차대사람 - 횡단중,안전운전불이행,건조,맑음,단일로 - 고가도로위,승용,남,45세,상해없음,보행자,여,82세,사망
2019110900100118,2019년 11월 9일 06시,토요일,전라북도 군산시 미원동,경상사고,0,0,1,0,차대사람 - 횡단중,안전운전불이행,건조,맑음,교차로 - 교차로횡단보도내,승용,남,34세,상해없음,보행자,여,75세,경상
2019110900100148,2019년 11월 9일 08시,토요일,전라북도 군산시 조촌동,경상사고,0,0,1,0,차대사람 - 차도통행중,안전운전불이행,건조,맑음,교차로 - 교차로안,화물,남,59세,상해없음,보행자,남,89세,경상
2019110900100149,2019년 11월 9일 08시,토요일,전라북도 완주군 봉동읍,중상사고,0,2,0,0,차대차 - 측면충돌,중앙선침범,건조,맑음,교차로 - 교차로안,승용,여,67세,상해없음,화물,남,45세,중상
2019110900100185,2019년 11월 9일 09시,토요일,전라북도 익산시 목천동,경상사고,0,0,1,0,차대차 - 측면충돌,안전운전불이행,건조,맑음,교차로 - 교차로부근,승용,여,61세,상해없음,화물,남,43세,경상
2019110900100186,2019년 11월 9일 09시,토요일,전라북도 부안군 행안면,경상사고,0,0,1,0,차대차 - 정면충돌,안전운전불이행,건조,맑음,교차로 - 교차로부근,승용,남,66세,상해없음,이륜,남,65세,경상
2019110900100264,2019년 11월 9일 11시,토요일,전라북도 군산시 명산동,경상사고,0,0,1,0,차대차 - 측면충돌,중앙선침범,건조,맑음,단일로 - 기타,자전거,남,78세,경상,승용,남,49세,상해없음
2019110900100265,2019년 11월 9일 11시,토요일,전라북도 익산시 남중동,중상사고,0,1,0,0,차대사람 - 횡단중,보행자보호의무위반,건조,맑음,교차로 - 교차로횡단보도내,승용,남,72세,상해없음,보행자,여,82세,중상
2019110900100317,2019년 11월 9일 12시,토요일,전라북도 익산시 남중동,중상사고,0,1,0,0,차대차 - 측면충돌,안전운전불이행,건조,맑음,교차로 - 교차로횡단보도내,승용,여,41세,상해없음,자전거,남,15세,중상
2019110900100318,2019년 11월 9일 12시,토요일,전라북도 익산시 왕궁면,경상사고,0,0,5,0,차대차 - 추돌,안전거리미확보,건조,맑음,단일로 - 기타,승용,남,32세,상해없음,승용,남,22세,경상
2019110900100319,2019년 11월 9일 12시,토요일,전라북도 김제시 검산동,경상사고,0,0,2,0,차대차 - 측면충돌,교차로운행방법위반,건조,맑음,교차로 - 교차로안,승용,여,49세,상해없음,원동기,남,59세,경상
2019110900100320,2019년 11월 9일 12시,토요일,전라북도 고창군 고창읍,경상사고,0,0,2,0,차대차 - 측면충돌,불법유턴,건조,맑음,단일로 - 기타,승용,남,66세,상해없음,승용,남,22세,상해없음
2019110900100321,2019년 11월 9일 12시,토요일,전라북도 장수군 장계면,경상사고,0,0,1,0,차량단독 - 공작물충돌,안전운전불이행,건조,맑음,교차로 - 교차로부근,승용,여,32세,경상,,,,
2019110900100411,2019년 11월 9일 14시,토요일,전라북도 남원시 대산면,경상사고,0,0,2,0,차량단독 - 기타,안전운전불이행,건조,맑음,단일로 - 기타,승용,남,72세,경상,,,,
2019110900100412,2019년 11월 9일 14시,토요일,전라북도 무주군 적상면,중상사고,0,2,0,0,차대사람 - 횡단중,안전운전불이행,건조,맑음,단일로 - 기타,승용,남,58세,상해없음,보행자,남,59세,중상
2019110900100463,2019년 11월 9일 15시,토요일,전라북도 정읍시 쌍암동,경상사고,0,0,1,0,차대차 - 측면충돌,중앙선침범,건조,맑음,단일로 - 기타,승용,남,56세,경상,승용,남,82세,상해없음
2019110900100537,2019년 11월 9일 17시,토요일,전라북도 전주시 완산구 평화동2가,경상사고,0,0,1,0,차대차 - 측면충돌,안전운전불이행,건조,맑음,단일로 - 기타,승용,남,63세,상해없음,승용,여,52세,경상
2019110900100538,2019년 11월 9일 17시,토요일,전라북도 김제시 백구면,경상사고,0,0,1,0,차대차 - 기타,안전운전불이행,건조,맑음,기타 - 기타,화물,남,31세,상해없음,자전거,여,69세,경상
2019110900100598,2019년 11월 9일 18시,토요일,전라북도 전주시 완산구 효자동2가,중상사고,0,1,0,0,차대사람 - 횡단중,보행자보호의무위반,건조,맑음,교차로 - 교차로횡단보도내,승용,남,48세,상해없음,보행자,남,17세,중상
2019110900100599,2019년 11월 9일 18시,토요일,전라북도 군산시 경장동,경상사고,0,0,1,0,차대차 - 기타,중앙선침범,건조,맑음,단일로 - 기타,자전거,남,83세,경상,승용,남,59세,상해없음
2019110900100600,2019년 11월 9일 18시,토요일,전라북도 익산시 부송동,경상사고,0,0,1,0,차대차 - 추돌,안전거리미확보,건조,맑음,단일로 - 기타,이륜,남,38세,상해없음,승용,남,33세,상해없음
2019110900100601,2019년 11월 9일 18시,토요일,전라북도 완주군 용진읍,중상사고,0,1,0,0,차대사람 - 횡단중,과속,건조,맑음,단일로 - 기타,승용,여,28세,상해없음,보행자,남,53세,중상
2019110900100602,2019년 11월 9일 18시,토요일,전라북도 완주군 이서면,경상사고,0,0,1,0,차대차 - 추돌,안전거리미확보,건조,맑음,교차로 - 교차로안,승합,남,68세,상해없음,건설기계,남,60세,경상
2019110900100642,2019년 11월 9일 19시,토요일,전라북도 익산시 목천동,경상사고,0,0,2,0,차대차 - 정면충돌,중앙선침범,건조,맑음,단일로 - 기타,승용,남,29세,상해없음,승용,여,50세,경상
2019110900100643,2019년 11월 9일 19시,토요일,전라북도 남원시 죽항동,경상사고,0,0,1,0,차대차 - 추돌,안전운전불이행,건조,맑음,단일로 - 기타,승용,남,54세,상해없음,승용,남,70세,경상
2019110900100695,2019년 11월 9일 21시,토요일,전라북도 군산시 수송동,중상사고,0,2,0,0,차대차 - 정면충돌,신호위반,건조,맑음,교차로 - 교차로안,이륜,남,45세,중상,이륜,남,26세,중상
2019110900100717,2019년 11월 9일 22시,토요일,전라북도 익산시 마동,경상사고,0,0,1,0,차대차 - 측면충돌,중앙선침범,건조,맑음,단일로 - 기타,승용,남,48세,상해없음,승용,남,37세,경상
2019111000100073,2019년 11월 10일 03시,일요일,전라북도 군산시 산북동,경상사고,0,0,1,0,차량단독 - 전도전복 - 전도,안전운전불이행,건조,기타,단일로 - 기타,이륜,남,24세,경상,,,,
2019111000100089,2019년 11월 10일 04시,일요일,전라북도 익산시 부송동,경상사고,0,0,2,0,차대차 - 측면충돌,교차로운행방법위반,건조,맑음,교차로 - 교차로안,승용,남,53세,상해없음,승합,남,45세,경상
2019111000100117,2019년 11월 10일 07시,일요일,전라북도 고창군 성송면,중상사고,0,1,1,0,차대차 - 추돌,안전거리미확보,건조,맑음,단일로 - 기타,승용,여,22세,상해없음,승합,남,58세,중상
2019111000100199,2019년 11월 10일 11시,일요일,전라북도 남원시 산내면,경상사고,0,0,1,0,차대차 - 정면충돌,중앙선침범,건조,맑음,기타 - 기타,승용,여,57세,상해없음,승용,남,45세,상해없음
2019111000100245,2019년 11월 10일 13시,일요일,전라북도 남원시 주천면,중상사고,0,2,0,0,차대차 - 측면충돌,직진우회전진행방해,건조,맑음,교차로 - 교차로안,승용,남,66세,상해없음,화물,남,29세,중상
2019111000100273,2019년 11월 10일 14시,일요일,전라북도 정읍시 영원면,중상사고,0,1,6,0,차대차 - 측면충돌,신호위반,건조,맑음,교차로 - 교차로안,화물,여,61세,중상,승합,남,58세,경상
2019111000100274,2019년 11월 10일 14시,일요일,전라북도 장수군 장계면,중상사고,0,5,0,0,차대차 - 정면충돌,중앙선침범,건조,맑음,단일로 - 기타,승용,남,20세,중상,승용,남,39세,중상
2019111000100304,2019년 11월 10일 15시,일요일,전라북도 남원시 동충동,중상사고,0,1,0,0,차대차 - 기타,안전운전불이행,건조,맑음,단일로 - 기타,자전거,여,72세,중상,승용,남,24세,상해없음
2019111000100305,2019년 11월 10일 15시,일요일,전라북도 임실군 관촌면,경상사고,0,0,3,0,차대차 - 추돌,안전운전불이행,건조,맑음,단일로 - 기타,승용,남,27세,상해없음,승용,여,51세,경상
2019111000100307,2019년 11월 10일 15시,일요일,전라북도 익산시 여산면,경상사고,0,0,3,0,차대차 - 기타,안전운전불이행,건조,맑음,단일로 - 기타,승용,남,53세,경상,화물,남,39세,경상
2019111000100329,2019년 11월 10일 16시,일요일,전라북도 익산시 석암동,경상사고,0,0,1,0,차대차 - 측면충돌,중앙선침범,건조,맑음,단일로 - 기타,승용,남,51세,상해없음,승용,남,46세,경상
2019111000100365,2019년 11월 10일 17시,일요일,전라북도 전주시 완산구 효자동2가,경상사고,0,0,4,0,차대차 - 측면충돌,신호위반,건조,맑음,교차로 - 교차로안,승용,여,38세,상해없음,승용,여,38세,경상
2019111000100366,2019년 11월 10일 17시,일요일,전라북도 익산시 신동,경상사고,0,0,2,0,차대차 - 추돌,안전거리미확보,건조,맑음,교차로 - 교차로안,건설기계,남,45세,상해없음,승용,남,59세,경상
2019111000100418,2019년 11월 10일 18시,일요일,전라북도 익산시 모현동1가,경상사고,0,0,2,0,차대차 - 측면충돌,차로위반,젖음/습기,비,교차로 - 교차로부근,승용,남,65세,상해없음,승용,남,31세,경상
2019111000100548,2019년 11월 10일 20시,일요일,전라북도 전주시 완산구 중앙동2가,부상신고사고,0,0,0,1,차대사람 - 차도통행중,안전운전불이행,젖음/습기,비,교차로 - 교차로안,승용,여,46세,상해없음,보행자,여,32세,부상신고
2019111000100581,2019년 11월 10일 21시,일요일,전라북도 익산시 신동,경상사고,0,0,1,0,차대사람 - 횡단중,신호위반,젖음/습기,비,단일로 - 기타,승용,남,18세,상해없음,보행자,남,24세,경상
2019111000100582,2019년 11월 10일 21시,일요일,전라북도 정읍시 신태인읍,경상사고,0,0,1,0,차대차 - 추돌,안전운전불이행,젖음/습기,비,단일로 - 기타,승용,남,50세,상해없음,승용,남,63세,경상
2019111000100615,2019년 11월 10일 22시,일요일,전라북도 전주시 덕진구 송천동2가,경상사고,0,0,2,0,차대차 - 기타,중앙선침범,젖음/습기,비,교차로 - 교차로부근,승용,여,49세,상해없음,승용,남,22세,경상
2019111100100035,2019년 11월 11일 00시,월요일,전라북도 군산시 나운동,경상사고,0,0,2,0,차대차 - 추돌,안전운전불이행,젖음/습기,흐림,교차로 - 교차로부근,승용,남,63세,상해없음,승용,여,52세,경상
2019111100100090,2019년 11월 11일 06시,월요일,전라북도 전주시 덕진구 금암동,중상사고,0,1,0,0,차대사람 - 횡단중,신호위반,젖음/습기,비,단일로 - 기타,승용,남,63세,상해없음,보행자,여,62세,중상
2019111100100091,2019년 11월 11일 06시,월요일,전라북도 익산시 영등동,경상사고,0,0,4,0,차대차 - 측면충돌,중앙선침범,젖음/습기,비,교차로 - 교차로부근,승용,남,22세,상해없음,승용,남,72세,경상
2019111100100116,2019년 11월 11일 07시,월요일,전라북도 익산시 부송동,경상사고,0,0,1,0,차대차 - 측면충돌,신호위반,젖음/습기,비,교차로 - 교차로안,승용,여,56세,상해없음,화물,남,54세,경상
2019111100100164,2019년 11월 11일 08시,월요일,전라북도 전주시 덕진구 고랑동,경상사고,0,0,1,0,차대차 - 측면충돌,안전운전불이행,건조,맑음,단일로 - 기타,승용,여,50세,상해없음,승용,여,44세,경상
2019111100100165,2019년 11월 11일 08시,월요일,전라북도 익산시 동산동,중상사고,0,1,0,0,차대사람 - 횡단중,보행자보호의무위반,젖음/습기,비,교차로 - 교차로안,화물,남,48세,상해없음,보행자,남,67세,중상
2019111100100166,2019년 11월 11일 08시,월요일,전라북도 정읍시 수성동,경상사고,0,0,1,0,차대차 - 측면충돌,신호위반,건조,흐림,교차로 - 교차로안,이륜,여,28세,경상,승합,남,64세,상해없음
2019111100100250,2019년 11월 11일 10시,월요일,전라북도 전주시 덕진구 진북동,경상사고,0,0,1,0,차대차 - 측면충돌,안전운전불이행,건조,맑음,교차로 - 교차로안,승용,남,43세,상해없음,화물,남,72세,경상
2019111100100251,2019년 11월 11일 10시,월요일,전라북도 익산시 부송동,경상사고,0,0,1,0,차대차 - 추돌,안전운전불이행,젖음/습기,흐림,단일로 - 기타,화물,남,34세,상해없음,승합,남,38세,상해없음
2019111100100252,2019년 11월 11일 10시,월요일,전라북도 익산시 왕궁면,경상사고,0,0,1,0,차대차 - 정면충돌,안전운전불이행,젖음/습기,흐림,단일로 - 기타,승용,여,59세,상해없음,승용,남,65세,경상
2019111100100329,2019년 11월 11일 12시,월요일,전라북도 고창군 고창읍,경상사고,0,0,1,0,차대차 - 기타,중앙선침범,건조,맑음,단일로 - 기타,승용,남,46세,상해없음,자전거,남,76세,경상
2019111100100369,2019년 11월 11일 13시,월요일,전라북도 전주시 덕진구 인후동2가,중상사고,0,1,1,0,차대차 - 측면충돌,안전운전불이행,건조,맑음,교차로 - 교차로안,승용,남,38세,상해없음,승용,남,64세,경상
2019111100100370,2019년 11월 11일 13시,월요일,전라북도 익산시 금강동,경상사고,0,0,1,0,차량단독 - 공작물충돌,안전운전불이행,건조,맑음,단일로 - 기타,승용,여,60세,상해없음,,,,
2019111100100412,2019년 11월 11일 14시,월요일,전라북도 군산시 중앙로2가,경상사고,0,0,1,0,차대차 - 추돌,안전거리미확보,건조,맑음,단일로 - 지하차도(도로)내,승용,남,68세,상해없음,화물,남,36세,상해없음
2019111100100413,2019년 11월 11일 14시,월요일,전라북도 부안군 동진면,중상사고,0,1,0,0,차량단독 - 공작물충돌,안전운전불이행,건조,맑음,교차로 - 교차로안,승용,남,73세,중상,,,,
2019111100100449,2019년 11월 11일 15시,월요일,전라북도 부안군 계화면,경상사고,0,0,1,0,차대차 - 기타,교차로운행방법위반,건조,맑음,교차로 - 교차로안,승용,남,75세,상해없음,승용,남,36세,경상
2019111100100492,2019년 11월 11일 16시,월요일,전라북도 전주시 덕진구 금암동,중상사고,0,1,0,0,차대차 - 측면충돌,신호위반,건조,맑음,교차로 - 교차로안,승용,남,31세,상해없음,승용,여,29세,중상
2019111100100493,2019년 11월 11일 16시,월요일,전라북도 고창군 고수면,경상사고,0,0,1,0,차대차 - 기타,신호위반,건조,맑음,교차로 - 교차로안,화물,남,57세,상해없음,승용,여,39세,경상