사고번호,사고일시,요일,시군구,사고내용,사망자수,중상자수,경상자수,부상신고자수,사고유형,법규위반,노면상태,기상상태,도로형태,가해운전자 차종,가해운전자 성별,가해운전자 연령,가해운전자 상해정도,피해운전자 차종,피해운전자 성별,피해운전자 연령,피해운전자 상해정도
2019111600100384,2019년 11월 16일 14시,토요일,전라북도 익산시 남중동,경상사고,0,0,1,0,차대사람 - 기타,안전운전불이행,건조,맑음,단일로 - 기타,승합,남,64세,상해없음,보행자,남,43세,경상
2019111600100385,2019년 11월 16일 14시,토요일,전라북도 익산시 동산동,경상사고,0,0,1,0,차대차 - 측면충돌,교차로운행방법위반,건조,맑음,교차로 - 교차로안,승용,남,68세,상해없음,이륜,남,73세,경상
2019111600100457,2019년 11월 16일 16시,토요일,전라북도 김제시 장화동,경상사고,0,0,1,0,차대차 - 기타,중앙선침범,건조,맑음,단일로 - 기타,승용,남,45세,상해없음,승용,남,29세,경상
2019111600100458,2019년 11월 16일 16시,토요일,전라북도 장수군 장계면,사망사고,1,0,1,0,차대차 - 정면충돌,중앙선침범,건조,맑음,단일로 - 기타,이륜,남,49세,사망,화물,남,61세,경상
2019111600100557,2019년 11월 16일 18시,토요일,전라북도 전주시 덕진구 송천동2가,중상사고,0,1,0,0,차대차 - 측면충돌,안전운전불이행,건조,맑음,단일로 - 기타,승용,여,46세,상해없음,이륜,남,54세,중상
2019111600100558,2019년 11월 16일 18시,토요일,전라북도 무주군 무주읍,경상사고,0,0,1,0,차대차 - 기타,안전운전불이행,건조,맑음,교차로 - 교차로안,승용,남,43세,상해없음,승용,남,64세,경상
2019111600100606,2019년 11월 16일 19시,토요일,전라북도 군산시 수송동,경상사고,0,0,5,0,차대차 - 추돌,안전운전불이행,건조,맑음,단일로 - 기타,승용,여,23세,상해없음,승용,남,51세,경상
2019111600100635,2019년 11월 16일 20시,토요일,전라북도 전주시 완산구 효자동2가,경상사고,0,0,1,0,차대사람 - 횡단중,안전운전불이행,건조,맑음,단일로 - 기타,이륜,남,20세,상해없음,보행자,여,21세,경상
2019111600100636,2019년 11월 16일 20시,토요일,전라북도 군산시 미장동,경상사고,0,0,1,0,차대사람 - 길가장자리구역통행중,안전운전불이행,건조,흐림,단일로 - 지하차도(도로)내,승용,여,55세,상해없음,보행자,남,30세,경상
2019111600100637,2019년 11월 16일 20시,토요일,전라북도 부안군 동진면,경상사고,0,0,1,0,차대차 - 기타,안전운전불이행,건조,맑음,교차로 - 교차로부근,승용,남,54세,상해없음,자전거,여,41세,경상
2019111600100668,2019년 11월 16일 21시,토요일,전라북도 전주시 덕진구 덕진동1가,중상사고,0,1,0,0,차대사람 - 기타,안전운전불이행,건조,맑음,단일로 - 기타,승합,남,58세,상해없음,보행자,여,66세,중상
2019111600100695,2019년 11월 16일 22시,토요일,전라북도 전주시 덕진구 호성동1가,중상사고,0,1,0,0,차대사람 - 기타,안전운전불이행,건조,맑음,기타 - 기타,승용,남,48세,상해없음,보행자,여,55세,중상
2019111700100063,2019년 11월 17일 01시,일요일,전라북도 전주시 덕진구 인후동1가,중상사고,0,1,0,0,차대차 - 측면충돌,신호위반,건조,맑음,교차로 - 교차로안,승용,남,61세,상해없음,승용,남,30세,중상
2019111700100117,2019년 11월 17일 07시,일요일,전라북도 부안군 부안읍,중상사고,0,1,0,0,차량단독 - 공작물충돌,안전운전불이행,건조,맑음,단일로 - 기타,승합,남,36세,중상,,,,
2019111700100158,2019년 11월 17일 10시,일요일,전라북도 전주시 완산구 경원동3가,중상사고,0,3,1,0,차대차 - 정면충돌,신호위반,젖음/습기,비,교차로 - 교차로안,승용,남,57세,상해없음,승용,남,47세,중상
2019111700100235,2019년 11월 17일 13시,일요일,전라북도 전주시 완산구 고사동,경상사고,0,0,2,0,차대사람 - 기타,안전운전불이행,건조,흐림,단일로 - 기타,승용,남,50세,상해없음,보행자,여,18세,경상
2019111700100236,2019년 11월 17일 13시,일요일,전라북도 전주시 덕진구 금암동,경상사고,0,0,1,0,차대차 - 기타,안전운전불이행,젖음/습기,비,교차로 - 교차로안,승용,남,53세,상해없음,승용,남,60세,경상
2019111700100237,2019년 11월 17일 13시,일요일,전라북도 전주시 덕진구 인후동1가,경상사고,0,0,1,0,차대차 - 기타,신호위반,젖음/습기,흐림,교차로 - 교차로부근,승용,여,36세,상해없음,이륜,남,25세,경상
2019111700100238,2019년 11월 17일 13시,일요일,전라북도 익산시 모현동2가,경상사고,0,0,3,0,차대차 - 추돌,차로위반,건조,맑음,교차로 - 교차로부근,승용,남,53세,상해없음,승용,남,50세,경상
2019111700100239,2019년 11월 17일 13시,일요일,전라북도 고창군 고창읍,경상사고,0,0,1,0,차대사람 - 횡단중,안전운전불이행,건조,맑음,단일로 - 기타,승용,여,49세,상해없음,보행자,남,72세,경상
2019111700100289,2019년 11월 17일 15시,일요일,전라북도 김제시 공덕면,경상사고,0,0,1,0,차대차 - 추돌,안전운전불이행,젖음/습기,비,단일로 - 기타,화물,남,34세,상해없음,승용,남,49세,경상
2019111700100313,2019년 11월 17일 16시,일요일,전라북도 전주시 완산구 서서학동,경상사고,0,0,5,0,차대차 - 측면충돌,안전운전불이행,건조,맑음,단일로 - 기타,승용,여,31세,경상,승용,남,59세,경상
2019111700100314,2019년 11월 17일 16시,일요일,전라북도 정읍시 농소동,경상사고,0,0,1,0,차대차 - 측면충돌,신호위반,건조,흐림,교차로 - 교차로안,승용,남,22세,상해없음,이륜,남,25세,경상
2019111700100357,2019년 11월 17일 17시,일요일,전라북도 군산시 경암동,경상사고,0,0,1,0,차대사람 - 횡단중,보행자보호의무위반,젖음/습기,비,교차로 - 교차로횡단보도내,승합,남,64세,상해없음,보행자,여,63세,경상
2019111700100412,2019년 11월 17일 18시,일요일,전라북도 전주시 덕진구 덕진동2가,경상사고,0,0,1,0,차대차 - 측면충돌,안전거리미확보,젖음/습기,비,교차로 - 교차로부근,기타불명,기타불명,미분류,기타불명,승용,여,36세,경상
2019111700100413,2019년 11월 17일 18시,일요일,전라북도 정읍시 수성동,중상사고,0,1,0,0,차대차 - 측면충돌,직진우회전진행방해,젖음/습기,비,교차로 - 교차로안,승용,남,47세,상해없음,승용,여,59세,상해없음
2019111700100474,2019년 11월 17일 19시,일요일,전라북도 전주시 덕진구 호성동1가,경상사고,0,0,1,0,차대차 - 추돌,안전운전불이행,건조,맑음,단일로 - 기타,승용,여,56세,상해없음,승용,여,48세,경상
2019111700100519,2019년 11월 17일 20시,일요일,전라북도 군산시 소룡동,경상사고,0,0,1,0,차대차 - 기타,안전운전불이행,젖음/습기,비,교차로 - 교차로안,승용,남,46세,상해없음,이륜,남,30세,경상
2019111700100573,2019년 11월 17일 22시,일요일,전라북도 고창군 고수면,경상사고,0,0,1,0,차대차 - 기타,안전운전불이행,젖음/습기,비,단일로 - 기타,승용,여,57세,상해없음,승용,남,38세,경상
2019111800100036,2019년 11월 18일 00시,월요일,전라북도 진안군 부귀면,중상사고,0,1,0,0,차량단독 - 공작물충돌,안전운전불이행,젖음/습기,비,단일로 - 기타,승용,남,18세,상해없음,,,,
2019111800100118,2019년 11월 18일 07시,월요일,전라북도 완주군 삼례읍,경상사고,0,0,3,0,차대차 - 측면충돌,직진우회전진행방해,젖음/습기,비,교차로 - 교차로안,승용,남,46세,경상,승용,남,29세,경상
2019111800100159,2019년 11월 18일 08시,월요일,전라북도 정읍시 연지동,경상사고,0,0,1,0,차대차 - 측면충돌,직진우회전진행방해,건조,맑음,교차로 - 교차로안,승용,남,42세,상해없음,이륜,남,52세,경상
2019111800100207,2019년 11월 18일 09시,월요일,전라북도 남원시 대산면,중상사고,0,1,0,0,차대차 - 정면충돌,중앙선침범,젖음/습기,비,단일로 - 기타,승용,남,86세,중상,화물,남,52세,상해없음
2019111800100241,2019년 11월 18일 10시,월요일,전라북도 부안군 계화면,중상사고,0,1,0,0,차대사람 - 기타,기타,건조,맑음,기타 - 기타,승합,남,61세,상해없음,보행자,여,78세,중상
2019111800100299,2019년 11월 18일 12시,월요일,전라북도 군산시 나운동,중상사고,0,1,0,0,차대차 - 기타,신호위반,건조,흐림,교차로 - 교차로안,승용,남,72세,상해없음,원동기,남,31세,중상
2019111800100326,2019년 11월 18일 13시,월요일,전라북도 전주시 덕진구 금암동,경상사고,0,0,2,0,차대차 - 측면충돌,신호위반,건조,맑음,교차로 - 교차로안,승용,남,76세,상해없음,승용,남,61세,경상
2019111800100327,2019년 11월 18일 13시,월요일,전라북도 익산시 주현동,중상사고,0,1,0,0,차대차 - 측면충돌,직진우회전진행방해,건조,맑음,교차로 - 교차로안,승용,여,51세,상해없음,이륜,남,82세,중상
2019111800100369,2019년 11월 18일 14시,월요일,전라북도 남원시 동충동,경상사고,0,0,1,0,차대사람 - 차도통행중,안전운전불이행,젖음/습기,흐림,단일로 - 기타,승용,여,68세,상해없음,보행자,여,26세,경상
2019111800100417,2019년 11월 18일 15시,월요일,전라북도 전주시 완산구 중화산동2가,중상사고,0,1,0,0,차대사람 - 횡단중,보행자보호의무위반,건조,맑음,단일로 - 기타,승용,여,57세,상해없음,보행자,남,15세,중상
2019111800100418,2019년 11월 18일 15시,월요일,전라북도 정읍시 상동,경상사고,0,0,2,0,차대차 - 측면충돌,안전운전불이행,건조,맑음,단일로 - 기타,승용,여,63세,상해없음,이륜,남,84세,경상
2019111800100448,2019년 11월 18일 16시,월요일,전라북도 군산시 소룡동,경상사고,0,0,1,0,차대사람 - 횡단중,안전운전불이행,건조,맑음,교차로 - 교차로안,승용,여,37세,상해없음,보행자,여,22세,경상
2019111800100449,2019년 11월 18일 16시,월요일,전라북도 익산시 영등동,경상사고,0,0,2,0,차대차 - 측면충돌,직진우회전진행방해,건조,맑음,교차로 - 교차로안,승용,남,64세,상해없음,승합,남,25세,경상
2019111800100558,2019년 11월 18일 18시,월요일,전라북도 군산시 구암동,경상사고,0,0,1,0,차대사람 - 기타,안전운전불이행,건조,맑음,단일로 - 기타,승용,여,65세,상해없음,보행자,여,7세,경상
2019111800100559,2019년 11월 18일 18시,월요일,전라북도 군산시 문화동,경상사고,0,0,1,0,차대사람 - 횡단중,보행자보호의무위반,건조,흐림,교차로 - 교차로횡단보도내,승용,남,52세,상해없음,보행자,남,61세,경상
2019111800100560,2019년 11월 18일 18시,월요일,전라북도 임실군 성수면,경상사고,0,0,1,0,차대차 - 측면충돌,신호위반,건조,맑음,교차로 - 교차로안,화물,남,38세,상해없음,승용,남,28세,경상
2019111800100612,2019년 11월 18일 19시,월요일,전라북도 군산시 지곡동,경상사고,0,0,1,0,차대사람 - 기타,보행자보호의무위반,건조,맑음,교차로 - 교차로횡단보도내,승용,남,27세,상해없음,보행자,남,30세,경상
2019111800100613,2019년 11월 18일 19시,월요일,전라북도 김제시 금산면,경상사고,0,0,2,0,차대차 - 측면충돌,신호위반,건조,맑음,교차로 - 교차로안,화물,여,54세,상해없음,승용,여,57세,경상
2019111800100646,2019년 11월 18일 20시,월요일,전라북도 전주시 완산구 태평동,경상사고,0,0,1,0,차대사람 - 횡단중,보행자보호의무위반,건조,흐림,교차로 - 교차로횡단보도내,승용,남,67세,상해없음,보행자,남,73세,경상
2019111800100647,2019년 11월 18일 20시,월요일,전라북도 부안군 동진면,경상사고,0,0,1,0,차량단독 - 기타,안전운전불이행,건조,맑음,단일로 - 기타,승용,남,59세,상해없음,,,,
2019111800100671,2019년 11월 18일 21시,월요일,전라북도 고창군 대산면,중상사고,0,1,0,0,차대사람 - 횡단중,안전운전불이행,건조,기타,교차로 - 교차로안,승용,남,57세,상해없음,보행자,여,78세,중상
2019111800100688,2019년 11월 18일 22시,월요일,전라북도 전주시 덕진구 송천동2가,경상사고,0,0,3,0,차대차 - 추돌,안전운전불이행,건조,맑음,단일로 - 기타,승용,남,37세,상해없음,승용,남,34세,경상
2019111900100079,2019년 11월 19일 05시,화요일,전라북도 전주시 완산구 중화산동1가,경상사고,0,0,2,0,차대차 - 측면충돌,신호위반,건조,흐림,교차로 - 교차로안,승용,남,46세,상해없음,승용,남,63세,경상
2019111900100095,2019년 11월 19일 06시,화요일,전라북도 익산시 남중동,경상사고,0,0,1,0,차대사람 - 횡단중,보행자보호의무위반,건조,맑음,교차로 - 교차로횡단보도내,화물,남,46세,상해없음,보행자,여,55세,경상
2019111900100165,2019년 11월 19일 08시,화요일,전라북도 전주시 완산구 삼천동2가,중상사고,0,1,0,0,차대차 - 측면충돌,중앙선침범,건조,맑음,교차로 - 교차로부근,승용,여,41세,상해없음,승용,여,64세,중상
2019111900100166,2019년 11월 19일 08시,화요일,전라북도 전주시 덕진구 용정동,경상사고,0,0,1,0,차대차 - 추돌,안전거리미확보,건조,맑음,단일로 - 기타,화물,남,53세,경상,기타불명,기타불명,미분류,기타불명
2019111900100167,2019년 11월 19일 08시,화요일,전라북도 군산시 나운동,중상사고,0,1,3,0,차대차 - 기타,신호위반,건조,맑음,교차로 - 교차로안,승용,남,47세,경상,승합,남,65세,경상
2019111900100211,2019년 11월 19일 09시,화요일,전라북도 전주시 덕진구 여의동,중상사고,0,1,0,0,차대사람 - 기타,안전운전불이행,건조,맑음,교차로 - 교차로안,승용,여,55세,상해없음,보행자,여,87세,중상
2019111900100212,2019년 11월 19일 09시,화요일,전라북도 군산시 중동,경상사고,0,0,1,0,차대차 - 측면충돌,안전운전불이행,건조,맑음,단일로 - 지하차도(도로)내,승용,남,67세,상해없음,승용,남,28세,경상
2019111900100213,2019년 11월 19일 09시,화요일,전라북도 정읍시 정우면,중상사고,0,1,0,0,차대차 - 측면충돌,직진우회전진행방해,건조,맑음,교차로 - 교차로안,화물,남,48세,상해없음,이륜,남,61세,중상
2019111900100259,2019년 11월 19일 10시,화요일,전라북도 임실군 관촌면,중상사고,0,1,0,0,차대사람 - 횡단중,안전운전불이행,건조,맑음,교차로 - 교차로안,승용,남,62세,상해없음,보행자,여,64세,중상
2019111900100340,2019년 11월 19일 12시,화요일,전라북도 부안군 보안면,중상사고,0,1,0,0,차대차 - 측면충돌,안전운전불이행,건조,맑음,교차로 - 교차로안,화물,남,53세,상해없음,화물,남,28세,중상
2019111900100454,2019년 11월 19일 15시,화요일,전라북도 군산시 수송동,경상사고,0,0,4,0,차대차 - 측면충돌,안전거리미확보,건조,맑음,단일로 - 지하차도(도로)내,승용,남,65세,상해없음,승용,남,27세,경상
2019111900100455,2019년 11월 19일 15시,화요일,전라북도 장수군 장계면,경상사고,0,0,1,0,차대차 - 측면충돌,안전거리미확보,건조,맑음,단일로 - 기타,이륜,여,78세,경상,승용,여,63세,상해없음
2019111900100500,2019년 11월 19일 16시,화요일,전라북도 전주시 덕진구 우아동1가,중상사고,0,1,0,0,차대차 - 정면충돌,안전운전불이행,건조,맑음,교차로 - 교차로안,승용,여,32세,상해없음,이륜,남,39세,중상
2019111900100597,2019년 11월 19일 18시,화요일,전라북도 전주시 완산구 효자동1가,중상사고,0,1,0,0,차대사람 - 횡단중,보행자보호의무위반,건조,맑음,기타 - 기타,승용,남,71세,상해없음,보행자,여,18세,중상
2019111900100598,2019년 11월 19일 18시,화요일,전라북도 익산시 팔봉동,중상사고,0,1,0,0,차대차 - 추돌,안전운전불이행,건조,맑음,교차로 - 교차로부근,화물,남,60세,상해없음,승용,남,70세,상해없음
2019111900100599,2019년 11월 19일 18시,화요일,전라북도 순창군 구림면,사망사고,1,0,0,0,차량단독 - 도로외이탈 - 추락,안전운전불이행,건조,맑음,단일로 - 기타,원동기,남,80세,사망,,,,
2019111900100659,2019년 11월 19일 19시,화요일,전라북도 정읍시 정우면,경상사고,0,0,1,0,차대차 - 추돌,안전거리미확보,건조,맑음,단일로 - 기타,화물,남,53세,경상,건설기계,남,53세,상해없음
2019111900100735,2019년 11월 19일 21시,화요일,전라북도 전주시 덕진구 송천동2가,경상사고,0,0,2,0,차대차 - 측면충돌,신호위반,건조,맑음,단일로 - 기타,승용,남,54세,상해없음,승용,여,40세,경상
2019111900100736,2019년 11월 19일 21시,화요일,전라북도 전주시 덕진구 중동,경상사고,0,0,4,0,차대차 - 측면충돌,교차로운행방법위반,건조,맑음,교차로 - 교차로안,승용,남,50세,상해없음,승용,남,24세,경상
2019111900100763,2019년 11월 19일 22시,화요일,전라북도 전주시 덕진구 송천동1가,경상사고,0,0,1,0,차대차 - 정면충돌,중앙선침범,건조,맑음,단일로 - 기타,승용,남,50세,상해없음,승용,남,25세,경상
2019111900100780,2019년 11월 19일 23시,화요일,전라북도 익산시 마동,경상사고,0,0,1,0,차대차 - 측면충돌,안전거리미확보,건조,맑음,단일로 - 기타,승용,남,58세,상해없음,이륜,남,24세,경상
2019112000100075,2019년 11월 20일 04시,수요일,전라북도 전주시 완산구 효자동2가,경상사고,0,0,1,0,차대차 - 측면충돌,교차로운행방법위반,건조,맑음,교차로 - 교차로안,승용,남,29세,상해없음,승용,남,55세,경상
2019112000100169,2019년 11월 20일 08시,수요일,전라북도 전주시 덕진구 여의동,경상사고,0,0,1,0,차대사람 - 횡단중,보행자보호의무위반,건조,맑음,교차로 - 교차로횡단보도내,승용,여,36세,상해없음,보행자,남,8세,경상
2019112000100170,2019년 11월 20일 08시,수요일,전라북도 전주시 덕진구 송천동1가,경상사고,0,0,1,0,차대차 - 측면충돌,안전거리미확보,건조,맑음,단일로 - 기타,승용,남,42세,상해없음,승용,남,69세,경상
2019112000100171,2019년 11월 20일 08시,수요일,전라북도 군산시 옥산면,경상사고,0,0,3,2,차대차 - 추돌,안전운전불이행,건조,맑음,단일로 - 지하차도(도로)내,승용,남,53세,부상신고,승용,남,40세,부상신고
2019112000100217,2019년 11월 20일 09시,수요일,전라북도 전주시 덕진구 우아동3가,중상사고,0,1,0,0,차대차 - 추돌,과속,건조,맑음,단일로 - 기타,승용,남,27세,상해없음,화물,남,42세,중상
2019112000100218,2019년 11월 20일 09시,수요일,전라북도 익산시 팔봉동,경상사고,0,0,1,0,차대차 - 측면충돌,교차로운행방법위반,건조,맑음,교차로 - 교차로안,승용,여,32세,상해없음,승용,여,47세,경상
2019112000100255,2019년 11월 20일 10시,수요일,전라북도 전주시 덕진구 우아동1가,경상사고,0,0,2,0,차대차 - 추돌,안전거리미확보,건조,맑음,단일로 - 기타,승용,남,48세,상해없음,승용,남,81세,경상
2019112000100256,2019년 11월 20일 10시,수요일,전라북도 전주시 덕진구 인후동1가,경상사고,0,0,1,0,차대차 - 측면충돌,신호위반,건조,맑음,교차로 - 교차로안,승용,남,72세,상해없음,승용,남,52세,경상
2019112000100294,2019년 11월 20일 11시,수요일,전라북도 전주시 덕진구 인후동1가,경상사고,0,0,1,0,차대사람 - 기타,보행자보호의무위반,건조,맑음,교차로 - 교차로횡단보도내,화물,여,49세,상해없음,보행자,남,53세,경상
2019112000100335,2019년 11월 20일 12시,수요일,전라북도 남원시 하정동,경상사고,0,0,1,0,차대사람 - 횡단중,안전운전불이행,건조,맑음,교차로 - 교차로안,화물,남,39세,기타불명,보행자,남,87세,경상
2019112000100336,2019년 11월 20일 12시,수요일,전라북도 부안군 부안읍,경상사고,0,0,1,0,차대사람 - 기타,안전운전불이행,건조,맑음,단일로 - 기타,승합,남,26세,상해없음,보행자,남,39세,경상
2019112000100337,2019년 11월 20일 12시,수요일,전라북도 완주군 봉동읍,중상사고,0,1,1,0,차대차 - 기타,신호위반,건조,맑음,교차로 - 교차로부근,화물,남,54세,상해없음,승용,여,34세,경상
2019112000100372,2019년 11월 20일 13시,수요일,전라북도 전주시 덕진구 덕진동2가,중상사고,0,1,0,0,차대사람 - 기타,보행자보호의무위반,건조,맑음,단일로 - 기타,이륜,남,43세,상해없음,보행자,남,62세,중상
2019112000100409,2019년 11월 20일 14시,수요일,전라북도 임실군 신평면,중상사고,0,1,0,0,차대차 - 측면충돌,교차로운행방법위반,건조,맑음,교차로 - 교차로안,승용,여,50세,상해없음,이륜,남,72세,중상
2019112000100410,2019년 11월 20일 14시,수요일,전라북도 순창군 동계면,경상사고,0,0,1,0,차대차 - 측면충돌,중앙선침범,건조,맑음,단일로 - 기타,사륜오토바이(ATV),여,72세,경상,화물,남,33세,상해없음
2019112000100411,2019년 11월 20일 14시,수요일,전라북도 완주군 용진읍,경상사고,0,0,1,0,차대차 - 기타,안전거리미확보,건조,맑음,기타 - 기타,승합,남,85세,상해없음,화물,남,39세,경상
2019112000100460,2019년 11월 20일 15시,수요일,전라북도 전주시 완산구 평화동1가,경상사고,0,0,1,0,차대차 - 측면충돌,교차로운행방법위반,건조,맑음,교차로 - 교차로안,승용,남,19세,상해없음,승용,남,71세,경상
2019112000100461,2019년 11월 20일 15시,수요일,전라북도 군산시 수송동,경상사고,0,0,1,0,차대차 - 측면충돌,안전운전불이행,건조,맑음,교차로 - 교차로안,승합,남,67세,기타불명,승용,남,43세,경상
2019112000100462,2019년 11월 20일 15시,수요일,전라북도 부안군 변산면,중상사고,0,1,0,0,차대차 - 정면충돌,중앙선침범,건조,맑음,단일로 - 기타,승용,남,36세,상해없음,이륜,여,65세,중상
2019112000100463,2019년 11월 20일 15시,수요일,전라북도 임실군 임실읍,중상사고,0,2,0,0,차대차 - 측면충돌,교차로운행방법위반,건조,맑음,교차로 - 교차로안,승용,남,70세,상해없음,화물,남,47세,중상
2019112000100542,2019년 11월 20일 17시,수요일,전라북도 전주시 덕진구 금암동,중상사고,0,1,0,0,차대차 - 측면충돌,안전운전불이행,건조,맑음,교차로 - 교차로횡단보도내,화물,남,70세,상해없음,자전거,남,76세,중상
2019112000100543,2019년 11월 20일 17시,수요일,전라북도 익산시 모현동1가,경상사고,0,0,1,0,차대차 - 측면충돌,안전운전불이행,건조,맑음,단일로 - 기타,자전거,남,10세,경상,화물,남,50세,상해없음
2019112000100607,2019년 11월 20일 18시,수요일,전라북도 전주시 완산구 효자동3가,경상사고,0,0,1,0,차대사람 - 횡단중,안전운전불이행,건조,맑음,단일로 - 지하차도(도로)내,승용,여,30세,상해없음,보행자,여,30세,경상
2019112000100608,2019년 11월 20일 18시,수요일,전라북도 전주시 덕진구 인후동1가,경상사고,0,0,2,0,차대차 - 측면충돌,안전거리미확보,건조,맑음,교차로 - 교차로부근,화물,남,39세,상해없음,승용,여,29세,경상
2019112000100609,2019년 11월 20일 18시,수요일,전라북도 전주시 덕진구 호성동2가,경상사고,0,0,3,0,차대차 - 추돌,안전운전불이행,건조,맑음,단일로 - 기타,화물,남,59세,상해없음,승용,여,25세,경상
2019112000100610,2019년 11월 20일 18시,수요일,전라북도 남원시 인월면,중상사고,0,2,0,0,차대사람 - 기타,안전운전불이행,건조,맑음,기타 - 기타,이륜,남,81세,중상,보행자,여,80세,중상
2019112000100710,2019년 11월 20일 20시,수요일,전라북도 전주시 완산구 효자동1가,경상사고,0,0,1,0,차대사람 - 횡단중,안전운전불이행,건조,맑음,단일로 - 지하차도(도로)내,승용,여,43세,상해없음,보행자,남,52세,경상
2019112000100711,2019년 11월 20일 20시,수요일,전라북도 군산시 경장동,부상신고사고,0,0,0,1,차대차 - 측면충돌,안전운전불이행,건조,흐림,교차로 - 교차로안,승용,남,41세,상해없음,자전거,남,69세,부상신고
2019112000100737,2019년 11월 20일 21시,수요일,전라북도 군산시 나운동,경상사고,0,0,2,0,차대차 - 측면충돌,안전운전불이행,건조,맑음,교차로 - 교차로부근,승용,여,44세,경상,승용,남,19세,경상
2019112000100738,2019년 11월 20일 21시,수요일,전라북도 남원시 도통동,중상사고,0,1,0,0,차대차 - 기타,안전운전불이행,건조,맑음,단일로 - 기타,승용,남,42세,상해없음,이륜,남,22세,중상
2019112000100772,2019년 11월 20일 22시,수요일,전라북도 익산시 영등동,경상사고,0,0,1,0,차대차 - 후진중충돌,안전운전불이행,건조,맑음,교차로 - 교차로안,승용,남,57세,상해없음,승용,남,47세,경상
2019112100100105,2019년 11월 21일 07시,목요일,전라북도 군산시 소룡동,경상사고,0,0,3,0,차대차 - 추돌,안전운전불이행,건조,맑음,교차로 - 교차로부근,승합,남,78세,상해없음,승용,여,30세,경상
2019112100100106,2019년 11월 21일 07시,목요일,전라북도 정읍시 연지동,경상사고,0,0,1,0,차대차 - 추돌,안전운전불이행,건조,맑음,단일로 - 기타,승용,남,63세,상해없음,승용,남,27세,경상
2019112100100148,2019년 11월 21일 08시,목요일,전라북도 전주시 완산구 효자동3가,경상사고,0,0,1,0,차대사람 - 횡단중,보행자보호의무위반,건조,맑음,교차로 - 교차로횡단보도내,승용,여,42세,상해없음,보행자,남,31세,경상
2019112100100149,2019년 11월 21일 08시,목요일,전라북도 정읍시 상동,중상사고,0,1,2,0,차대차 - 측면충돌,과속,건조,맑음,교차로 - 교차로안,승용,여,30세,경상,승용,남,28세,경상
2019112100100150,2019년 11월 21일 08시,목요일,전라북도 김제시 검산동,경상사고,0,0,1,1,차대차 - 측면충돌,안전운전불이행,건조,맑음,주차장 - 주차장,승용,여,46세,상해없음,승용,여,54세,경상
2019112100100194,2019년 11월 21일 09시,목요일,전라북도 정읍시 연지동,중상사고,0,1,0,0,차대사람 - 횡단중,보행자보호의무위반,건조,맑음,교차로 - 교차로횡단보도내,화물,남,45세,상해없음,보행자,남,70세,중상
2019112100100195,2019년 11월 21일 09시,목요일,전라북도 정읍시 수성동,경상사고,0,0,1,0,차대사람 - 횡단중,보행자보호의무위반,건조,맑음,교차로 - 교차로횡단보도내,승용,남,49세,상해없음,보행자,여,56세,경상
2019112100100227,2019년 11월 21일 10시,목요일,전라북도 군산시 수송동,경상사고,0,0,2,0,차대차 - 기타,안전운전불이행,건조,맑음,단일로 - 기타,승용,여,23세,경상,승용,여,46세,경상
2019112100100263,2019년 11월 21일 11시,목요일,전라북도 남원시 주천면,경상사고,0,0,1,0,차대차 - 측면충돌,교차로운행방법위반,건조,맑음,교차로 - 교차로안,건설기계,남,59세,상해없음,승용,여,52세,상해없음
2019112100100370,2019년 11월 21일 14시,목요일,전라북도 정읍시 내장동,경상사고,0,0,1,0,차대사람 - 차도통행중,안전운전불이행,건조,맑음,단일로 - 기타,승용,남,61세,상해없음,보행자,남,71세,경상
2019112100100414,2019년 11월 21일 15시,목요일,전라북도 전주시 덕진구 여의동,경상사고,0,0,2,0,차대차 - 추돌,안전운전불이행,건조,맑음,단일로 - 기타,승용,여,43세,상해없음,승용,남,55세,경상
2019112100100415,2019년 11월 21일 15시,목요일,전라북도 익산시 모현동1가,경상사고,0,0,2,0,차대차 - 기타,안전운전불이행,건조,맑음,단일로 - 기타,승용,남,73세,상해없음,승용,남,79세,상해없음
2019112100100515,2019년 11월 21일 17시,목요일,전라북도 군산시 미룡동,경상사고,0,0,1,0,차대차 - 기타,안전운전불이행,건조,맑음,단일로 - 기타,자전거,남,12세,경상,승용,남,62세,상해없음
2019112100100516,2019년 11월 21일 17시,목요일,전라북도 군산시 나운동,경상사고,0,0,1,0,차대차 - 추돌,안전거리미확보,건조,맑음,단일로 - 기타,승용,남,55세,상해없음,승용,남,51세,경상
2019112100100575,2019년 11월 21일 18시,목요일,전라북도 군산시 조촌동,경상사고,0,0,2,0,차대차 - 기타,교차로운행방법위반,건조,맑음,교차로 - 교차로안,화물,남,50세,경상,승용,남,54세,경상
2019112100100649,2019년 11월 21일 19시,목요일,전라북도 완주군 소양면,경상사고,0,0,4,0,차대차 - 추돌,안전운전불이행,건조,흐림,교차로 - 교차로부근,승용,남,48세,상해없음,승용,남,32세,경상