사고번호,사고일시,요일,시군구,사고내용,사망자수,중상자수,경상자수,부상신고자수,사고유형,법규위반,노면상태,기상상태,도로형태,가해운전자 차종,가해운전자 성별,가해운전자 연령,가해운전자 상해정도,피해운전자 차종,피해운전자 성별,피해운전자 연령,피해운전자 상해정도
2019120200100336,2019년 12월 2일 15시,월요일,전라북도 완주군 삼례읍,경상사고,0,0,1,0,차대차 - 측면충돌,안전운전불이행,건조,맑음,교차로 - 교차로부근,승용,남,52세,상해없음,승용,남,47세,경상
2019120200100385,2019년 12월 2일 16시,월요일,전라북도 군산시 소룡동,경상사고,0,0,1,0,차대차 - 측면충돌,안전운전불이행,건조,맑음,교차로 - 교차로부근,승용,남,69세,상해없음,이륜,남,61세,경상
2019120200100386,2019년 12월 2일 16시,월요일,전라북도 익산시 남중동,경상사고,0,0,1,0,차대차 - 측면충돌,안전거리미확보,건조,맑음,단일로 - 기타,승용,남,72세,상해없음,승용,여,28세,경상
2019120200100443,2019년 12월 2일 17시,월요일,전라북도 전주시 완산구 삼천동1가,중상사고,0,1,0,0,차대사람 - 기타,안전운전불이행,건조,맑음,교차로 - 교차로안,승용,여,40세,상해없음,보행자,여,12세,중상
2019120200100444,2019년 12월 2일 17시,월요일,전라북도 군산시 수송동,중상사고,0,1,0,0,차대사람 - 보도통행중,안전운전불이행,건조,맑음,단일로 - 지하차도(도로)내,승용,여,50세,상해없음,보행자,남,8세,중상
2019120200100504,2019년 12월 2일 18시,월요일,전라북도 군산시 지곡동,경상사고,0,0,1,1,차대차 - 측면충돌,신호위반,건조,맑음,교차로 - 교차로안,화물,남,68세,상해없음,승용,남,42세,경상
2019120200100505,2019년 12월 2일 18시,월요일,전라북도 정읍시 상동,경상사고,0,0,1,0,차대차 - 측면충돌,직진우회전진행방해,젖음/습기,비,교차로 - 교차로안,화물,남,63세,상해없음,승용,여,46세,경상
2019120200100506,2019년 12월 2일 18시,월요일,전라북도 진안군 진안읍,경상사고,0,0,1,0,차대차 - 추돌,안전운전불이행,건조,맑음,단일로 - 기타,승용,남,44세,상해없음,화물,남,65세,상해없음
2019120200100572,2019년 12월 2일 20시,월요일,전라북도 익산시 창인동1가,경상사고,0,0,2,0,차대차 - 측면충돌,신호위반,건조,맑음,교차로 - 교차로안,승용,남,52세,상해없음,승용,남,55세,경상
2019120200100590,2019년 12월 2일 21시,월요일,전라북도 익산시 모현동2가,경상사고,0,0,1,0,차대사람 - 횡단중,신호위반,건조,맑음,교차로 - 교차로횡단보도내,승용,남,41세,상해없음,보행자,남,23세,경상
2019120200100591,2019년 12월 2일 21시,월요일,전라북도 남원시 월락동,중상사고,0,2,3,0,차대차 - 정면충돌,신호위반,건조,맑음,교차로 - 교차로안,승용,남,56세,상해없음,승용,여,38세,경상
2019120200100618,2019년 12월 2일 22시,월요일,전라북도 전주시 덕진구 우아동3가,경상사고,0,0,1,0,차대차 - 추돌,안전운전불이행,건조,흐림,단일로 - 기타,승용,남,35세,상해없음,승용,남,62세,상해없음
2019120200100637,2019년 12월 2일 23시,월요일,전라북도 익산시 신흥동,중상사고,0,1,1,0,차대차 - 정면충돌,중앙선침범,건조,맑음,단일로 - 기타,승용,남,31세,상해없음,승용,남,52세,중상
2019120300100033,2019년 12월 3일 01시,화요일,전라북도 익산시 중앙동1가,경상사고,0,0,1,0,차량단독 - 전도전복 - 전도,안전운전불이행,젖음/습기,눈,교차로 - 교차로안,이륜,남,24세,경상,,,,
2019120300100077,2019년 12월 3일 06시,화요일,전라북도 김제시 만경읍,중상사고,0,1,0,0,차량단독 - 공작물충돌,안전운전불이행,서리/결빙,흐림,단일로 - 기타,승용,남,37세,중상,,,,
2019120300100133,2019년 12월 3일 08시,화요일,전라북도 전주시 덕진구 인후동1가,경상사고,0,0,1,0,차대차 - 측면충돌,안전운전불이행,건조,맑음,단일로 - 기타,승용,여,41세,상해없음,자전거,남,75세,경상
2019120300100134,2019년 12월 3일 08시,화요일,전라북도 전주시 덕진구 덕진동2가,경상사고,0,0,1,0,차대차 - 기타,안전거리미확보,건조,맑음,단일로 - 기타,승용,남,55세,상해없음,승용,남,27세,경상
2019120300100181,2019년 12월 3일 09시,화요일,전라북도 전주시 완산구 서완산동2가,중상사고,0,1,0,0,차대사람 - 차도통행중,안전운전불이행,건조,맑음,단일로 - 기타,승용,남,72세,상해없음,보행자,여,52세,중상
2019120300100240,2019년 12월 3일 11시,화요일,전라북도 김제시 검산동,경상사고,0,0,3,0,차대차 - 측면충돌,신호위반,건조,맑음,교차로 - 교차로안,화물,남,76세,상해없음,승용,남,37세,경상
2019120300100313,2019년 12월 3일 13시,화요일,전라북도 전주시 완산구 중화산동2가,경상사고,0,0,1,0,차대차 - 기타,안전운전불이행,건조,맑음,기타 - 기타,승용,남,44세,상해없음,자전거,남,17세,경상
2019120300100314,2019년 12월 3일 13시,화요일,전라북도 익산시 신용동,경상사고,0,0,1,0,차대차 - 측면충돌,안전운전불이행,건조,맑음,단일로 - 기타,화물,남,60세,상해없음,승용,남,49세,경상
2019120300100315,2019년 12월 3일 13시,화요일,전라북도 김제시 성덕면,경상사고,0,0,1,0,차대차 - 측면충돌,과속,건조,맑음,단일로 - 기타,승용,남,60세,상해없음,특수,남,55세,경상
2019120300100347,2019년 12월 3일 14시,화요일,전라북도 전주시 덕진구 덕진동2가,중상사고,0,1,1,0,차대차 - 기타,직진우회전진행방해,건조,맑음,교차로 - 교차로안,승용,남,62세,중상,승용,여,25세,경상
2019120300100348,2019년 12월 3일 14시,화요일,전라북도 정읍시 농소동,중상사고,0,1,0,0,차대차 - 측면충돌,안전거리미확보,건조,맑음,교차로 - 교차로안,원동기,여,73세,중상,화물,남,64세,상해없음
2019120300100349,2019년 12월 3일 14시,화요일,전라북도 임실군 관촌면,중상사고,0,1,0,0,차대차 - 추돌,안전운전불이행,건조,맑음,교차로 - 교차로부근,승합,남,46세,상해없음,승용,여,59세,중상
2019120300100389,2019년 12월 3일 15시,화요일,전라북도 군산시 나운동,중상사고,0,1,0,0,차대사람 - 보도통행중,보행자보호의무위반,건조,맑음,교차로 - 교차로횡단보도내,승용,여,22세,기타불명,보행자,남,18세,중상
2019120300100421,2019년 12월 3일 16시,화요일,전라북도 익산시 금강동,중상사고,0,1,0,0,차대차 - 측면충돌,중앙선침범,건조,맑음,단일로 - 기타,화물,남,71세,상해없음,화물,남,52세,중상
2019120300100460,2019년 12월 3일 17시,화요일,전라북도 김제시 백구면,사망사고,1,0,0,0,차대사람 - 횡단중,신호위반,건조,맑음,교차로 - 교차로안,화물,남,19세,상해없음,보행자,여,77세,사망
2019120300100513,2019년 12월 3일 18시,화요일,전라북도 고창군 고창읍,경상사고,0,0,1,0,차대차 - 추돌,안전운전불이행,건조,맑음,기타 - 기타,승용,남,60세,상해없음,승용,남,54세,경상
2019120300100555,2019년 12월 3일 19시,화요일,전라북도 군산시 나운동,경상사고,0,0,3,0,차대차 - 기타,안전거리미확보,건조,맑음,단일로 - 기타,원동기,남,36세,경상,승용,남,54세,경상
2019120300100609,2019년 12월 3일 21시,화요일,전라북도 군산시 나운동,경상사고,0,0,1,0,차대사람 - 차도통행중,안전운전불이행,건조,맑음,교차로 - 교차로안,승용,남,53세,상해없음,보행자,남,68세,경상
2019120300100610,2019년 12월 3일 21시,화요일,전라북도 익산시 금강동,경상사고,0,0,1,0,차대사람 - 기타,안전운전불이행,건조,맑음,단일로 - 기타,승용,남,40세,상해없음,보행자,남,58세,경상
2019120300100611,2019년 12월 3일 21시,화요일,전라북도 남원시 동충동,중상사고,0,1,0,0,차대사람 - 차도통행중,안전운전불이행,건조,맑음,교차로 - 교차로안,승용,여,48세,상해없음,보행자,남,47세,중상
2019120300100644,2019년 12월 3일 22시,화요일,전라북도 전주시 덕진구 금암동,경상사고,0,0,2,0,차대사람 - 횡단중,보행자보호의무위반,건조,맑음,단일로 - 기타,승용,남,50세,상해없음,보행자,남,25세,경상
2019120400100073,2019년 12월 4일 03시,수요일,전라북도 전주시 완산구 효자동1가,중상사고,0,1,0,0,차대사람 - 차도통행중,안전운전불이행,건조,맑음,교차로 - 교차로안,승용,남,57세,상해없음,보행자,남,45세,중상
2019120400100112,2019년 12월 4일 05시,수요일,전라북도 군산시 해망동,경상사고,0,0,1,1,차대차 - 기타,교차로운행방법위반,건조,맑음,교차로 - 교차로안,승용,남,69세,상해없음,승용,남,54세,부상신고
2019120400100113,2019년 12월 4일 05시,수요일,전라북도 정읍시 상동,사망사고,1,0,0,0,차대사람 - 횡단중,과속,건조,맑음,단일로 - 기타,승용,남,19세,상해없음,보행자,여,78세,사망
2019120400100114,2019년 12월 4일 05시,수요일,전라북도 완주군 구이면,경상사고,0,0,1,0,차량단독 - 기타,안전운전불이행,건조,맑음,단일로 - 기타,승용,남,64세,상해없음,,,,
2019120400100172,2019년 12월 4일 07시,수요일,전라북도 김제시 금구면,중상사고,0,1,0,0,차대차 - 측면충돌,안전운전불이행,건조,맑음,교차로 - 교차로안,화물,남,62세,상해없음,승용,남,50세,중상
2019120400100340,2019년 12월 4일 11시,수요일,전라북도 전주시 완산구 평화동2가,경상사고,0,0,1,0,차대사람 - 횡단중,보행자보호의무위반,건조,맑음,단일로 - 기타,승용,여,61세,상해없음,보행자,여,62세,경상
2019120400100341,2019년 12월 4일 11시,수요일,전라북도 김제시 옥산동,중상사고,0,1,3,0,차대차 - 측면충돌,중앙선침범,건조,맑음,단일로 - 기타,승용,남,43세,상해없음,승용,남,40세,경상
2019120400100342,2019년 12월 4일 11시,수요일,전라북도 김제시 금구면,경상사고,0,0,1,0,차대차 - 추돌,안전운전불이행,건조,맑음,단일로 - 기타,승용,남,64세,상해없음,승용,남,67세,경상
2019120400100376,2019년 12월 4일 12시,수요일,전라북도 익산시 황등면,중상사고,0,1,2,0,차대차 - 측면충돌,신호위반,건조,맑음,교차로 - 교차로안,승용,여,54세,상해없음,승용,여,40세,경상
2019120400100490,2019년 12월 4일 16시,수요일,전라북도 군산시 수송동,중상사고,0,1,0,0,차대사람 - 횡단중,보행자보호의무위반,건조,맑음,교차로 - 교차로횡단보도내,승용,여,64세,상해없음,보행자,여,65세,중상
2019120400100531,2019년 12월 4일 17시,수요일,전라북도 전주시 완산구 고사동,경상사고,0,0,3,0,차대차 - 추돌,안전거리미확보,건조,맑음,단일로 - 기타,승용,남,60세,상해없음,승용,남,24세,경상
2019120400100532,2019년 12월 4일 17시,수요일,전라북도 정읍시 상동,사망사고,1,0,0,0,차대사람 - 횡단중,안전운전불이행,건조,맑음,단일로 - 기타,화물,남,65세,상해없음,보행자,여,80세,사망
2019120400100533,2019년 12월 4일 17시,수요일,전라북도 남원시 송동면,중상사고,0,1,3,0,차대차 - 측면충돌,안전운전불이행,건조,맑음,단일로 - 기타,건설기계,남,50세,상해없음,승용,남,64세,경상
2019120400100591,2019년 12월 4일 18시,수요일,전라북도 전주시 완산구 중화산동2가,경상사고,0,0,1,0,차대차 - 측면충돌,안전운전불이행,건조,흐림,교차로 - 교차로안,승용,남,25세,상해없음,승용,남,57세,경상
2019120400100718,2019년 12월 4일 22시,수요일,전라북도 군산시 나운동,경상사고,0,0,1,0,차대차 - 기타,신호위반,건조,맑음,교차로 - 교차로안,원동기,남,20세,상해없음,승용,남,24세,경상
2019120400100719,2019년 12월 4일 22시,수요일,전라북도 군산시 나운동,경상사고,0,0,1,0,차대차 - 측면충돌,안전운전불이행,건조,맑음,교차로 - 교차로안,자전거,남,16세,경상,승용,남,49세,상해없음
2019120500100068,2019년 12월 5일 03시,목요일,전라북도 전주시 완산구 서신동,경상사고,0,0,1,0,차대차 - 측면충돌,교차로운행방법위반,건조,맑음,교차로 - 교차로안,승용,남,28세,상해없음,승용,남,55세,상해없음
2019120500100090,2019년 12월 5일 06시,목요일,전라북도 전주시 덕진구 덕진동2가,중상사고,0,2,1,0,차대차 - 기타,안전운전불이행,건조,맑음,교차로 - 교차로안,승용,남,51세,상해없음,승용,여,58세,중상
2019120500100091,2019년 12월 5일 06시,목요일,전라북도 익산시 영등동,중상사고,0,1,0,0,차대차 - 측면충돌,신호위반,건조,맑음,교차로 - 교차로안,승용,남,49세,상해없음,승용,남,24세,중상
2019120500100114,2019년 12월 5일 07시,목요일,전라북도 전주시 완산구 평화동1가,중상사고,0,1,0,0,차대사람 - 횡단중,보행자보호의무위반,건조,맑음,교차로 - 교차로횡단보도내,승합,남,68세,상해없음,보행자,여,50세,중상
2019120500100152,2019년 12월 5일 08시,목요일,전라북도 전주시 완산구 삼천동1가,경상사고,0,0,1,0,차대사람 - 횡단중,신호위반,건조,맑음,교차로 - 교차로횡단보도내,승용,여,50세,상해없음,보행자,여,14세,경상
2019120500100153,2019년 12월 5일 08시,목요일,전라북도 군산시 미룡동,경상사고,0,0,1,0,차대차 - 추돌,안전거리미확보,건조,맑음,단일로 - 지하차도(도로)내,승용,여,33세,상해없음,승용,남,43세,상해없음
2019120500100247,2019년 12월 5일 11시,목요일,전라북도 전주시 완산구 서신동,경상사고,0,0,1,0,차대차 - 측면충돌,안전거리미확보,건조,맑음,단일로 - 교량,승용,여,43세,상해없음,승용,여,41세,경상
2019120500100283,2019년 12월 5일 12시,목요일,전라북도 전주시 덕진구 인후동1가,경상사고,0,0,1,0,차대차 - 기타,직진우회전진행방해,건조,맑음,단일로 - 기타,승용,여,37세,상해없음,자전거,남,72세,경상
2019120500100284,2019년 12월 5일 12시,목요일,전라북도 전주시 덕진구 여의동,중상사고,0,1,0,0,차대사람 - 횡단중,보행자보호의무위반,건조,맑음,단일로 - 기타,화물,남,63세,상해없음,보행자,남,7세,중상
2019120500100310,2019년 12월 5일 13시,목요일,전라북도 전주시 완산구 서노송동,경상사고,0,0,1,0,차대차 - 측면충돌,불법유턴,건조,맑음,교차로 - 교차로안,화물,남,68세,상해없음,승용,남,55세,경상
2019120500100311,2019년 12월 5일 13시,목요일,전라북도 전주시 덕진구 송천동2가,경상사고,0,0,1,0,차대차 - 후진중충돌,안전운전불이행,건조,맑음,교차로 - 교차로안,승용,남,53세,상해없음,이륜,남,19세,경상
2019120500100347,2019년 12월 5일 14시,목요일,전라북도 전주시 완산구 태평동,중상사고,0,1,0,0,차대사람 - 횡단중,안전운전불이행,건조,맑음,단일로 - 지하차도(도로)내,승용,남,75세,상해없음,보행자,여,88세,중상
2019120500100348,2019년 12월 5일 14시,목요일,전라북도 부안군 진서면,경상사고,0,0,1,0,차대사람 - 기타,안전운전불이행,젖음/습기,눈,단일로 - 기타,승용,남,41세,상해없음,보행자,남,44세,경상
2019120500100385,2019년 12월 5일 15시,목요일,전라북도 익산시 여산면,경상사고,0,0,2,0,차대차 - 추돌,안전거리미확보,건조,맑음,교차로 - 교차로부근,승용,남,41세,상해없음,승용,남,37세,상해없음
2019120500100420,2019년 12월 5일 16시,목요일,전라북도 익산시 오산면,경상사고,0,0,1,0,차대차 - 측면충돌,신호위반,건조,맑음,교차로 - 교차로안,승합,남,68세,상해없음,승용,남,59세,경상
2019120500100421,2019년 12월 5일 16시,목요일,전라북도 김제시 용지면,중상사고,0,1,3,0,차대차 - 측면충돌,신호위반,건조,맑음,교차로 - 교차로안,승용,남,64세,경상,화물,남,81세,중상
2019120500100422,2019년 12월 5일 16시,목요일,전라북도 김제시 순동,중상사고,0,1,2,0,차대차 - 측면충돌,안전운전불이행,건조,맑음,교차로 - 교차로부근,승용,남,22세,상해없음,건설기계,남,60세,중상
2019120500100474,2019년 12월 5일 17시,목요일,전라북도 남원시 용정동,경상사고,0,0,2,0,차대차 - 기타,신호위반,건조,맑음,교차로 - 교차로안,승합,남,71세,상해없음,승용,남,62세,경상
2019120500100528,2019년 12월 5일 18시,목요일,전라북도 전주시 완산구 삼천동1가,중상사고,0,1,0,0,차대사람 - 횡단중,보행자보호의무위반,건조,맑음,기타 - 기타,승용,남,59세,상해없음,보행자,여,76세,중상
2019120500100529,2019년 12월 5일 18시,목요일,전라북도 장수군 장계면,사망사고,1,0,0,0,차대사람 - 횡단중,과속,건조,맑음,교차로 - 교차로안,승용,남,32세,상해없음,보행자,남,75세,사망
2019120500100575,2019년 12월 5일 19시,목요일,전라북도 전주시 덕진구 만성동,중상사고,0,1,0,0,차대사람 - 차도통행중,중앙선침범,건조,맑음,단일로 - 기타,승용,여,38세,상해없음,보행자,남,51세,중상
2019120600100061,2019년 12월 6일 04시,금요일,전라북도 전주시 완산구 다가동4가,중상사고,0,1,0,0,차대사람 - 기타,안전운전불이행,건조,맑음,단일로 - 기타,승용,남,29세,상해없음,보행자,여,19세,중상
2019120600100105,2019년 12월 6일 07시,금요일,전라북도 익산시 모현동2가,경상사고,0,0,1,0,차대차 - 측면충돌,신호위반,건조,맑음,교차로 - 교차로안,승용,남,37세,상해없음,승합,남,59세,경상
2019120600100149,2019년 12월 6일 08시,금요일,전라북도 남원시 월락동,중상사고,0,1,0,0,차대차 - 기타,안전운전불이행,건조,맑음,단일로 - 기타,승용,남,35세,상해없음,자전거,남,81세,중상
2019120600100254,2019년 12월 6일 11시,금요일,전라북도 전주시 완산구 삼천동1가,경상사고,0,0,1,0,차대사람 - 차도통행중,안전운전불이행,건조,맑음,교차로 - 교차로안,승용,여,24세,상해없음,보행자,여,52세,경상
2019120600100255,2019년 12월 6일 11시,금요일,전라북도 군산시 서흥남동,경상사고,0,0,1,0,차대차 - 기타,안전운전불이행,건조,맑음,단일로 - 기타,승용,여,60세,상해없음,승용,남,37세,경상
2019120600100297,2019년 12월 6일 12시,금요일,전라북도 전주시 덕진구 진북동,중상사고,0,1,0,0,차대차 - 측면충돌,직진우회전진행방해,건조,맑음,교차로 - 교차로안,승용,여,58세,상해없음,이륜,남,26세,중상
2019120600100325,2019년 12월 6일 13시,금요일,전라북도 부안군 부안읍,중상사고,0,1,0,0,차대차 - 측면충돌,안전운전불이행,건조,맑음,교차로 - 교차로안,화물,남,49세,상해없음,자전거,남,73세,중상
2019120600100361,2019년 12월 6일 14시,금요일,전라북도 전주시 완산구 전동,중상사고,0,1,0,0,차대차 - 측면충돌,신호위반,건조,맑음,교차로 - 교차로안,승용,여,58세,상해없음,승용,여,54세,중상
2019120600100362,2019년 12월 6일 14시,금요일,전라북도 정읍시 신태인읍,중상사고,0,1,0,0,차대차 - 측면충돌,신호위반,건조,맑음,교차로 - 교차로안,이륜,남,56세,중상,화물,남,59세,상해없음
2019120600100431,2019년 12월 6일 16시,금요일,전라북도 전주시 완산구 평화동2가,경상사고,0,0,1,0,차대차 - 측면충돌,안전운전불이행,건조,맑음,기타 - 기타,승용,여,56세,상해없음,화물,남,24세,경상
2019120600100432,2019년 12월 6일 16시,금요일,전라북도 전주시 덕진구 송천동2가,중상사고,0,1,3,0,차대차 - 추돌,안전운전불이행,건조,맑음,교차로 - 교차로부근,승용,남,76세,상해없음,승용,여,44세,경상
2019120600100474,2019년 12월 6일 17시,금요일,전라북도 남원시 월락동,경상사고,0,0,3,0,차대차 - 추돌,안전운전불이행,건조,맑음,교차로 - 교차로안,승용,남,66세,상해없음,승용,여,51세,경상
2019120600100533,2019년 12월 6일 18시,금요일,전라북도 전주시 완산구 남노송동,중상사고,0,1,0,0,차대사람 - 횡단중,안전운전불이행,건조,맑음,교차로 - 교차로안,승용,남,53세,상해없음,보행자,여,27세,중상
2019120600100534,2019년 12월 6일 18시,금요일,전라북도 전주시 완산구 중화산동2가,경상사고,0,0,1,0,차대차 - 정면충돌,중앙선침범,건조,맑음,단일로 - 지하차도(도로)내,승용,여,23세,상해없음,승용,남,53세,경상
2019120600100535,2019년 12월 6일 18시,금요일,전라북도 익산시 동산동,중상사고,0,1,0,0,차대사람 - 횡단중,안전운전불이행,건조,맑음,단일로 - 기타,승용,여,24세,상해없음,보행자,여,35세,중상
2019120600100536,2019년 12월 6일 18시,금요일,전라북도 고창군 고수면,중상사고,0,1,0,0,차대사람 - 차도통행중,안전운전불이행,건조,맑음,단일로 - 기타,승용,남,48세,상해없음,보행자,여,69세,중상
2019120600100649,2019년 12월 6일 20시,금요일,전라북도 익산시 금강동,경상사고,0,0,1,0,차대사람 - 차도통행중,안전운전불이행,건조,맑음,단일로 - 기타,승용,여,51세,상해없음,보행자,남,48세,경상
2019120700100053,2019년 12월 7일 01시,토요일,전라북도 익산시 오산면,중상사고,0,1,2,0,차대차 - 측면충돌,중앙선침범,건조,맑음,단일로 - 기타,승용,남,50세,상해없음,승용,남,28세,경상
2019120700100067,2019년 12월 7일 02시,토요일,전라북도 군산시 지곡동,경상사고,0,0,2,0,차대차 - 기타,안전운전불이행,건조,맑음,교차로 - 교차로안,승용,남,66세,상해없음,승용,남,62세,경상
2019120700100127,2019년 12월 7일 07시,토요일,전라북도 익산시 함열읍,경상사고,0,0,1,0,차대차 - 측면충돌,신호위반,건조,맑음,교차로 - 교차로안,이륜,남,60세,상해없음,승용,남,34세,경상
2019120700100187,2019년 12월 7일 10시,토요일,전라북도 군산시 대명동,경상사고,0,0,1,0,차대차 - 추돌,안전거리미확보,건조,맑음,교차로 - 교차로안,승용,여,63세,상해없음,승용,남,69세,경상
2019120700100218,2019년 12월 7일 11시,토요일,전라북도 김제시 요촌동,경상사고,0,0,1,0,차대차 - 측면충돌,안전운전불이행,건조,맑음,기타 - 기타,승용,남,60세,상해없음,승용,여,56세,경상
2019120700100260,2019년 12월 7일 12시,토요일,전라북도 익산시 남중동,경상사고,0,0,1,0,차대차 - 측면충돌,신호위반,건조,맑음,교차로 - 교차로안,이륜,남,16세,경상,승용,여,48세,상해없음
2019120700100261,2019년 12월 7일 12시,토요일,전라북도 김제시 요촌동,경상사고,0,0,2,0,차대차 - 추돌,안전운전불이행,건조,맑음,교차로 - 교차로부근,승용,남,57세,상해없음,승용,남,27세,경상
2019120700100262,2019년 12월 7일 12시,토요일,전라북도 완주군 삼례읍,중상사고,0,1,0,0,차대차 - 기타,안전운전불이행,건조,맑음,교차로 - 교차로안,승용,남,67세,상해없음,승용,여,30세,중상
2019120700100293,2019년 12월 7일 13시,토요일,전라북도 군산시 수송동,경상사고,0,0,1,0,차대차 - 기타,안전운전불이행,건조,맑음,교차로 - 교차로안,원동기,남,29세,경상,승용,남,74세,상해없음
2019120700100335,2019년 12월 7일 14시,토요일,전라북도 전주시 덕진구 진북동,경상사고,0,0,4,0,차대차 - 정면충돌,안전운전불이행,건조,맑음,교차로 - 교차로안,승용,남,28세,기타불명,승용,남,52세,경상
2019120700100336,2019년 12월 7일 14시,토요일,전라북도 김제시 죽산면,경상사고,0,0,2,1,차대차 - 추돌,안전운전불이행,건조,맑음,단일로 - 기타,승용,남,19세,상해없음,승용,남,52세,경상
2019120700100406,2019년 12월 7일 16시,토요일,전라북도 남원시 산곡동,경상사고,0,0,1,0,차대차 - 측면충돌,교차로운행방법위반,건조,맑음,교차로 - 교차로안,화물,남,58세,상해없음,승용,남,69세,경상
2019120700100442,2019년 12월 7일 17시,토요일,전라북도 전주시 완산구 중화산동2가,경상사고,0,0,4,0,차대차 - 추돌,안전운전불이행,건조,맑음,교차로 - 교차로부근,승용,남,59세,상해없음,화물,남,53세,경상
2019120700100443,2019년 12월 7일 17시,토요일,전라북도 군산시 나운동,경상사고,0,0,2,0,차대차 - 기타,안전운전불이행,건조,맑음,단일로 - 기타,승용,남,41세,경상,승합,남,45세,경상
2019120700100444,2019년 12월 7일 17시,토요일,전라북도 익산시 신동,중상사고,0,1,0,0,차대차 - 측면충돌,안전운전불이행,건조,맑음,교차로 - 교차로안,승용,남,68세,상해없음,이륜,남,48세,중상
2019120700100445,2019년 12월 7일 17시,토요일,전라북도 무주군 적상면,중상사고,0,2,0,0,차대차 - 추돌,안전운전불이행,건조,맑음,단일로 - 기타,화물,남,42세,중상,승용,남,53세,상해없음
2019120700100492,2019년 12월 7일 18시,토요일,전라북도 전주시 덕진구 여의동,경상사고,0,0,3,0,차대차 - 추돌,안전운전불이행,건조,맑음,단일로 - 기타,화물,남,56세,상해없음,승용,여,26세,경상
2019120700100493,2019년 12월 7일 18시,토요일,전라북도 전주시 덕진구 진북동,경상사고,0,0,1,0,차대차 - 추돌,안전거리미확보,건조,맑음,단일로 - 터널,승용,남,57세,상해없음,승용,여,51세,경상
2019120700100494,2019년 12월 7일 18시,토요일,전라북도 익산시 마동,경상사고,0,0,1,0,차대사람 - 횡단중,안전운전불이행,건조,맑음,단일로 - 기타,승용,여,52세,상해없음,보행자,남,56세,경상
2019120700100547,2019년 12월 7일 19시,토요일,전라북도 익산시 동산동,중상사고,0,1,0,0,차대차 - 측면충돌,교차로운행방법위반,건조,맑음,교차로 - 교차로안,승용,남,50세,상해없음,이륜,남,37세,중상
2019120700100618,2019년 12월 7일 21시,토요일,전라북도 전주시 덕진구 인후동1가,경상사고,0,0,1,0,차대차 - 측면충돌,신호위반,건조,맑음,교차로 - 교차로부근,승용,남,29세,상해없음,승용,여,33세,경상
2019120700100648,2019년 12월 7일 22시,토요일,전라북도 전주시 덕진구 반월동,경상사고,0,0,1,0,차대차 - 측면충돌,안전운전불이행,건조,맑음,단일로 - 기타,승용,여,55세,상해없음,이륜,남,63세,경상
2019120700100649,2019년 12월 7일 22시,토요일,전라북도 군산시 소룡동,경상사고,0,0,1,0,차대사람 - 횡단중,안전운전불이행,건조,맑음,교차로 - 교차로안,승용,남,37세,상해없음,보행자,남,55세,경상
2019120700100650,2019년 12월 7일 22시,토요일,전라북도 고창군 대산면,사망사고,1,0,0,0,차량단독 - 공작물충돌,안전운전불이행,건조,맑음,단일로 - 기타,화물,남,62세,사망,,,,
2019120700100669,2019년 12월 7일 23시,토요일,전라북도 정읍시 상동,경상사고,0,0,3,0,차대차 - 추돌,안전운전불이행,건조,맑음,단일로 - 기타,승용,남,30세,상해없음,승용,남,58세,상해없음
2019120800100033,2019년 12월 8일 00시,일요일,전라북도 군산시 나운동,경상사고,0,0,1,0,차대차 - 기타,교차로운행방법위반,건조,맑음,교차로 - 교차로안,승용,남,68세,상해없음,이륜,남,19세,경상
2019120800100070,2019년 12월 8일 01시,일요일,전라북도 전주시 덕진구 산정동,경상사고,0,0,1,0,차대사람 - 차도통행중,안전운전불이행,건조,맑음,교차로 - 교차로부근,승용,남,51세,상해없음,보행자,여,51세,경상
2019120800100121,2019년 12월 8일 05시,일요일,전라북도 군산시 내초동,중상사고,0,1,0,0,차대차 - 추돌,안전운전불이행,건조,맑음,단일로 - 기타,승용,남,52세,중상,건설기계,남,55세,상해없음
2019120800100168,2019년 12월 8일 09시,일요일,전라북도 익산시 망성면,중상사고,0,1,1,0,차대차 - 정면충돌,신호위반,기타,안개,교차로 - 교차로안,승용,남,52세,기타불명,승용,남,59세,경상
2019120800100189,2019년 12월 8일 10시,일요일,전라북도 군산시 개복동,부상신고사고,0,0,0,1,차대사람 - 기타,안전운전불이행,건조,맑음,교차로 - 교차로안,기타불명,기타불명,미분류,기타불명,보행자,남,28세,부상신고
2019120800100217,2019년 12월 8일 11시,일요일,전라북도 익산시 모현동2가,경상사고,0,0,1,0,차대차 - 측면충돌,안전거리미확보,건조,맑음,단일로 - 기타,화물,남,65세,상해없음,승용,남,24세,경상
2019120800100235,2019년 12월 8일 12시,일요일,전라북도 익산시 영등동,경상사고,0,0,1,0,차대차 - 정면충돌,신호위반,건조,맑음,교차로 - 교차로안,승용,여,51세,상해없음,승용,남,43세,경상