사고번호,사고일시,요일,시군구,사고내용,사망자수,중상자수,경상자수,부상신고자수,사고유형,법규위반,노면상태,기상상태,도로형태,가해운전자 차종,가해운전자 성별,가해운전자 연령,가해운전자 상해정도,피해운전자 차종,피해운전자 성별,피해운전자 연령,피해운전자 상해정도
2019121900100235,2019년 12월 19일 11시,목요일,전라북도 익산시 신동,경상사고,0,0,1,0,차대차 - 측면충돌,직진우회전진행방해,건조,맑음,교차로 - 교차로안,승용,여,67세,상해없음,화물,남,57세,경상
2019121900100280,2019년 12월 19일 12시,목요일,전라북도 익산시 갈산동,경상사고,0,0,1,0,차대차 - 측면충돌,안전운전불이행,건조,맑음,단일로 - 기타,화물,남,63세,상해없음,화물,여,54세,경상
2019121900100281,2019년 12월 19일 12시,목요일,전라북도 익산시 영등동,경상사고,0,0,2,0,차대차 - 정면충돌,중앙선침범,건조,맑음,단일로 - 기타,승용,여,81세,상해없음,승용,여,44세,경상
2019121900100319,2019년 12월 19일 13시,목요일,전라북도 정읍시 연지동,중상사고,0,1,0,0,차대차 - 측면충돌,안전운전불이행,건조,맑음,단일로 - 기타,승용,여,47세,상해없음,이륜,남,77세,중상
2019121900100426,2019년 12월 19일 16시,목요일,전라북도 전주시 덕진구 인후동1가,경상사고,0,0,1,0,차대사람 - 횡단중,보행자보호의무위반,건조,맑음,교차로 - 교차로횡단보도내,화물,남,53세,상해없음,보행자,남,10세,경상
2019121900100466,2019년 12월 19일 17시,목요일,전라북도 전주시 덕진구 송천동1가,중상사고,0,1,0,0,차대사람 - 횡단중,보행자보호의무위반,건조,흐림,교차로 - 교차로횡단보도내,승용,여,43세,상해없음,보행자,남,8세,중상
2019121900100467,2019년 12월 19일 17시,목요일,전라북도 군산시 서흥남동,경상사고,0,0,1,0,차대차 - 측면충돌,신호위반,건조,맑음,교차로 - 교차로안,승합,남,55세,상해없음,승용,남,59세,경상
2019121900100515,2019년 12월 19일 18시,목요일,전라북도 군산시 나운동,경상사고,0,0,2,0,차대차 - 기타,차로위반,건조,맑음,교차로 - 교차로부근,승용,남,47세,상해없음,화물,남,45세,경상
2019121900100606,2019년 12월 19일 20시,목요일,전라북도 군산시 수송동,부상신고사고,0,0,0,1,차대사람 - 횡단중,신호위반,건조,맑음,단일로 - 기타,승용,여,46세,상해없음,보행자,남,47세,부상신고
2019121900100607,2019년 12월 19일 20시,목요일,전라북도 김제시 금구면,경상사고,0,0,1,0,차대사람 - 횡단중,보행자보호의무위반,건조,맑음,교차로 - 교차로횡단보도내,화물,남,68세,상해없음,보행자,남,18세,경상
2019121900100638,2019년 12월 19일 21시,목요일,전라북도 전주시 덕진구 중동,중상사고,0,2,4,0,차대차 - 측면충돌,안전운전불이행,건조,맑음,기타 - 기타,화물,남,19세,상해없음,승용,여,41세,경상
2019122000100056,2019년 12월 20일 02시,금요일,전라북도 정읍시 시기동,경상사고,0,0,1,0,차량단독 - 공작물충돌,안전운전불이행,젖음/습기,맑음,단일로 - 기타,승용,남,33세,경상,,,,
2019122000100135,2019년 12월 20일 08시,금요일,전라북도 전주시 덕진구 우아동1가,경상사고,0,0,1,0,차대차 - 측면충돌,교차로운행방법위반,건조,맑음,교차로 - 교차로안,승용,남,43세,상해없음,자전거,남,12세,경상
2019122000100136,2019년 12월 20일 08시,금요일,전라북도 무주군 무주읍,경상사고,0,0,1,0,차대차 - 후진중충돌,안전운전불이행,건조,맑음,교차로 - 교차로부근,승합,남,60세,상해없음,승용,여,28세,경상
2019122000100166,2019년 12월 20일 09시,금요일,전라북도 익산시 신동,경상사고,0,0,1,0,차대차 - 추돌,안전운전불이행,건조,맑음,교차로 - 교차로부근,화물,남,53세,상해없음,승용,여,35세,경상
2019122000100188,2019년 12월 20일 10시,금요일,전라북도 정읍시 상동,경상사고,0,0,2,0,차대차 - 측면충돌,신호위반,건조,맑음,교차로 - 교차로안,승용,남,73세,경상,승용,여,48세,경상
2019122000100291,2019년 12월 20일 13시,금요일,전라북도 부안군 백산면,중상사고,0,1,0,0,차대차 - 기타,안전운전불이행,젖음/습기,흐림,교차로 - 교차로안,이륜,여,79세,중상,승합,남,61세,상해없음
2019122000100329,2019년 12월 20일 14시,금요일,전라북도 전주시 완산구 효자동3가,경상사고,0,0,2,0,차대차 - 추돌,안전거리미확보,건조,맑음,단일로 - 기타,승용,남,35세,상해없음,승용,여,24세,경상
2019122000100330,2019년 12월 20일 14시,금요일,전라북도 군산시 옥산면,경상사고,0,0,1,0,차대차 - 기타,안전운전불이행,건조,맑음,단일로 - 기타,승용,남,75세,상해없음,승용,남,40세,경상
2019122000100377,2019년 12월 20일 15시,금요일,전라북도 전주시 완산구 서서학동,중상사고,0,1,1,0,차대차 - 측면충돌,중앙선침범,건조,맑음,단일로 - 기타,승용,남,90세 이상,상해없음,화물,남,58세,경상
2019122000100414,2019년 12월 20일 16시,금요일,전라북도 군산시 조촌동,경상사고,0,0,1,0,차대차 - 기타,안전운전불이행,건조,맑음,교차로 - 교차로안,승용,남,62세,상해없음,자전거,여,43세,경상
2019122000100415,2019년 12월 20일 16시,금요일,전라북도 군산시 신영동,경상사고,0,0,1,0,차대사람 - 기타,안전운전불이행,건조,맑음,단일로 - 기타,승용,남,64세,상해없음,보행자,여,69세,경상
2019122000100467,2019년 12월 20일 17시,금요일,전라북도 전주시 덕진구 금암동,경상사고,0,0,1,0,차대차 - 추돌,안전운전불이행,건조,맑음,단일로 - 기타,승용,남,48세,상해없음,승용,여,29세,경상
2019122000100468,2019년 12월 20일 17시,금요일,전라북도 군산시 나운동,경상사고,0,0,3,0,차대차 - 기타,직진우회전진행방해,건조,맑음,교차로 - 교차로안,승용,남,35세,상해없음,승용,남,48세,경상
2019122000100469,2019년 12월 20일 17시,금요일,전라북도 익산시 삼기면,중상사고,0,1,0,0,차대사람 - 횡단중,신호위반,건조,맑음,교차로 - 교차로횡단보도내,승용,여,66세,상해없음,보행자,여,82세,중상
2019122000100470,2019년 12월 20일 17시,금요일,전라북도 남원시 어현동,경상사고,0,0,1,0,차량단독 - 기타,안전운전불이행,건조,맑음,단일로 - 기타,이륜,남,57세,경상,,,,
2019122000100471,2019년 12월 20일 17시,금요일,전라북도 고창군 고창읍,경상사고,0,0,1,0,차대사람 - 횡단중,안전운전불이행,건조,맑음,단일로 - 기타,승용,여,47세,상해없음,보행자,여,14세,경상
2019122000100533,2019년 12월 20일 18시,금요일,전라북도 익산시 신용동,경상사고,0,0,1,0,차대차 - 추돌,안전운전불이행,건조,맑음,단일로 - 기타,화물,남,47세,상해없음,승용,남,47세,경상
2019122000100534,2019년 12월 20일 18시,금요일,전라북도 익산시 황등면,경상사고,0,0,2,0,차대차 - 추돌,안전거리미확보,건조,맑음,단일로 - 기타,화물,남,59세,상해없음,승용,여,46세,경상
2019122000100535,2019년 12월 20일 18시,금요일,전라북도 군산시 성산면,경상사고,0,0,1,0,차대차 - 측면충돌,안전운전불이행,건조,흐림,기타 - 기타,승용,남,55세,상해없음,화물,남,50세,상해없음
2019122000100593,2019년 12월 20일 19시,금요일,전라북도 군산시 나운동,중상사고,0,1,0,0,차대차 - 기타,안전운전불이행,건조,맑음,교차로 - 교차로안,승용,남,36세,상해없음,원동기,남,44세,중상
2019122000100594,2019년 12월 20일 19시,금요일,전라북도 남원시 어현동,경상사고,0,0,3,0,차대차 - 기타,안전운전불이행,건조,맑음,교차로 - 교차로안,화물,남,58세,상해없음,승용,남,51세,상해없음
2019122000100636,2019년 12월 20일 20시,금요일,전라북도 김제시 검산동,중상사고,0,1,3,0,차대차 - 정면충돌,안전운전불이행,건조,맑음,단일로 - 고가도로위,승용,여,66세,상해없음,승용,남,63세,경상
2019122000100669,2019년 12월 20일 21시,금요일,전라북도 전주시 완산구 중화산동1가,경상사고,0,0,4,0,차대차 - 추돌,안전거리미확보,건조,기타,교차로 - 교차로부근,승용,남,69세,상해없음,승용,남,25세,경상
2019122000100670,2019년 12월 20일 21시,금요일,전라북도 전주시 완산구 색장동,경상사고,0,0,2,0,차대차 - 측면충돌,신호위반,건조,흐림,교차로 - 교차로안,승용,여,49세,상해없음,승용,여,46세,경상
2019122000100698,2019년 12월 20일 22시,금요일,전라북도 군산시 조촌동,경상사고,0,0,1,0,차대사람 - 횡단중,보행자보호의무위반,건조,맑음,단일로 - 기타,이륜,남,22세,상해없음,보행자,남,43세,경상
2019122100100037,2019년 12월 21일 00시,토요일,전라북도 전주시 완산구 효자동2가,경상사고,0,0,1,0,차대차 - 측면충돌,안전운전불이행,건조,기타,교차로 - 교차로안,승용,남,25세,상해없음,승용,남,26세,경상
2019122100100038,2019년 12월 21일 00시,토요일,전라북도 군산시 문화동,사망사고,1,0,1,0,차대사람 - 횡단중,보행자보호의무위반,건조,맑음,교차로 - 교차로횡단보도내,승용,남,56세,상해없음,보행자,남,63세,사망
2019122100100065,2019년 12월 21일 01시,토요일,전라북도 전주시 완산구 색장동,경상사고,0,0,1,0,차대차 - 정면충돌,신호위반,건조,흐림,교차로 - 교차로안,승용,남,44세,상해없음,승용,남,53세,경상
2019122100100200,2019년 12월 21일 10시,토요일,전라북도 전주시 덕진구 송천동2가,경상사고,0,0,1,0,차대차 - 측면충돌,신호위반,건조,맑음,교차로 - 교차로안,승용,여,39세,상해없음,승용,남,41세,경상
2019122100100226,2019년 12월 21일 11시,토요일,전라북도 임실군 임실읍,중상사고,0,1,0,0,차대차 - 측면충돌,신호위반,건조,맑음,교차로 - 교차로안,승용,여,60세,상해없음,원동기,여,63세,중상
2019122100100259,2019년 12월 21일 12시,토요일,전라북도 군산시 소룡동,중상사고,0,1,0,0,차대차 - 추돌,안전운전불이행,건조,맑음,교차로 - 교차로안,승합,남,68세,상해없음,승용,남,30세,중상
2019122100100297,2019년 12월 21일 13시,토요일,전라북도 전주시 덕진구 송천동1가,경상사고,0,0,1,0,차대차 - 정면충돌,중앙선침범,건조,맑음,교차로 - 교차로안,승용,여,38세,상해없음,이륜,남,23세,경상
2019122100100298,2019년 12월 21일 13시,토요일,전라북도 임실군 덕치면,중상사고,0,1,2,0,차대차 - 추돌,안전운전불이행,건조,맑음,단일로 - 기타,승용,남,60세,경상,화물,남,47세,경상
2019122100100332,2019년 12월 21일 14시,토요일,전라북도 익산시 남중동,경상사고,0,0,1,0,차대차 - 추돌,안전거리미확보,건조,맑음,교차로 - 교차로부근,승용,남,60세,상해없음,승용,남,33세,경상
2019122100100354,2019년 12월 21일 15시,토요일,전라북도 군산시 신창동,경상사고,0,0,2,0,차대차 - 측면충돌,교차로운행방법위반,건조,맑음,교차로 - 교차로안,승용,남,63세,상해없음,승용,남,63세,경상
2019122100100355,2019년 12월 21일 15시,토요일,전라북도 익산시 부송동,경상사고,0,0,1,0,차대차 - 측면충돌,안전운전불이행,건조,맑음,단일로 - 기타,승용,남,53세,상해없음,승용,여,36세,경상
2019122100100357,2019년 12월 21일 15시,토요일,전라북도 완주군 봉동읍,경상사고,0,0,5,0,차대차 - 기타,안전거리미확보,건조,맑음,기타 - 기타,승용,남,48세,상해없음,승용,남,51세,경상
2019122100100390,2019년 12월 21일 16시,토요일,전라북도 전주시 덕진구 금암동,경상사고,0,0,1,0,차대차 - 기타,안전거리미확보,건조,맑음,단일로 - 기타,승용,남,56세,상해없음,승합,여,69세,경상
2019122100100391,2019년 12월 21일 16시,토요일,전라북도 익산시 춘포면,경상사고,0,0,3,1,차대차 - 측면충돌,중앙선침범,건조,맑음,단일로 - 기타,승용,남,73세,상해없음,승용,남,28세,경상
2019122100100392,2019년 12월 21일 16시,토요일,전라북도 진안군 동향면,중상사고,0,1,1,0,차대차 - 정면충돌,중앙선침범,건조,맑음,단일로 - 기타,승용,여,52세,경상,승용,남,47세,중상
2019122100100417,2019년 12월 21일 17시,토요일,전라북도 군산시 옥산면,경상사고,0,0,1,0,차대차 - 추돌,안전거리미확보,건조,맑음,교차로 - 교차로부근,승용,남,67세,상해없음,승용,여,54세,경상
2019122100100464,2019년 12월 21일 18시,토요일,전라북도 김제시 옥산동,경상사고,0,0,1,0,차대차 - 측면충돌,안전거리미확보,건조,맑음,교차로 - 교차로부근,승용,남,55세,상해없음,이륜,남,38세,경상
2019122100100517,2019년 12월 21일 19시,토요일,전라북도 전주시 완산구 효자동1가,경상사고,0,0,1,0,차대사람 - 기타,안전운전불이행,건조,맑음,단일로 - 기타,승용,남,58세,상해없음,보행자,여,57세,경상
2019122100100518,2019년 12월 21일 19시,토요일,전라북도 군산시 개정면,경상사고,0,0,2,0,차대차 - 측면충돌,신호위반,건조,맑음,교차로 - 교차로안,승합,남,39세,상해없음,화물,남,57세,경상
2019122100100558,2019년 12월 21일 20시,토요일,전라북도 익산시 모현동1가,경상사고,0,0,2,0,차대차 - 추돌,안전운전불이행,건조,맑음,교차로 - 교차로부근,승용,여,40세,상해없음,승용,남,22세,경상
2019122100100573,2019년 12월 21일 21시,토요일,전라북도 익산시 모현동1가,경상사고,0,0,1,0,차대사람 - 횡단중,신호위반,건조,맑음,교차로 - 교차로횡단보도내,승용,남,65세,상해없음,보행자,남,35세,경상
2019122100100629,2019년 12월 21일 23시,토요일,전라북도 익산시 신흥동,경상사고,0,0,3,0,차대차 - 추돌,안전운전불이행,건조,맑음,교차로 - 교차로부근,승용,남,40세,상해없음,승용,여,59세,경상
2019122200100180,2019년 12월 22일 10시,일요일,전라북도 전주시 덕진구 진북동,중상사고,0,1,0,0,차대차 - 측면충돌,안전운전불이행,건조,맑음,교차로 - 교차로안,승용,여,54세,상해없음,이륜,남,59세,중상
2019122200100191,2019년 12월 22일 11시,일요일,전라북도 정읍시 북면,경상사고,0,0,1,0,차대차 - 기타,직진우회전진행방해,건조,맑음,교차로 - 교차로안,화물,남,37세,상해없음,승용,남,30세,경상
2019122200100272,2019년 12월 22일 14시,일요일,전라북도 익산시 영등동,중상사고,0,1,0,0,차대차 - 측면충돌,교차로운행방법위반,건조,맑음,교차로 - 교차로안,승용,남,77세,상해없음,이륜,남,17세,중상
2019122200100296,2019년 12월 22일 15시,일요일,전라북도 전주시 덕진구 덕진동2가,중상사고,0,1,0,0,차대차 - 측면충돌,신호위반,건조,맑음,단일로 - 기타,승용,여,45세,상해없음,자전거,남,72세,중상
2019122200100297,2019년 12월 22일 15시,일요일,전라북도 완주군 소양면,경상사고,0,0,1,0,차대차 - 측면충돌,안전운전불이행,건조,맑음,단일로 - 기타,화물,남,57세,상해없음,이륜,남,43세,경상
2019122200100325,2019년 12월 22일 16시,일요일,전라북도 김제시 용지면,경상사고,0,0,1,0,차대차 - 후진중충돌,안전운전불이행,건조,맑음,교차로 - 교차로안,화물,남,68세,상해없음,화물,남,39세,경상
2019122200100357,2019년 12월 22일 17시,일요일,전라북도 익산시 신동,경상사고,0,0,1,0,차대차 - 측면충돌,교차로운행방법위반,건조,맑음,교차로 - 교차로안,승용,여,57세,상해없음,승용,남,45세,경상
2019122200100436,2019년 12월 22일 19시,일요일,전라북도 전주시 완산구 효자동2가,경상사고,0,0,1,0,차대차 - 추돌,안전거리미확보,건조,맑음,교차로 - 교차로부근,화물,남,71세,상해없음,승용,남,37세,경상
2019122200100437,2019년 12월 22일 19시,일요일,전라북도 전주시 덕진구 진북동,경상사고,0,0,3,0,차대차 - 측면충돌,신호위반,건조,맑음,교차로 - 교차로안,화물,남,72세,상해없음,승용,남,50세,경상
2019122200100438,2019년 12월 22일 19시,일요일,전라북도 군산시 대야면,사망사고,1,0,0,0,차량단독 - 공작물충돌,안전운전불이행,건조,맑음,단일로 - 기타,화물,남,58세,사망,,,,
2019122200100439,2019년 12월 22일 19시,일요일,전라북도 군산시 문화동,경상사고,0,0,1,0,차대차 - 기타,안전운전불이행,건조,맑음,교차로 - 교차로안,화물,남,61세,상해없음,자전거,여,59세,경상
2019122200100464,2019년 12월 22일 20시,일요일,전라북도 전주시 완산구 효자동3가,경상사고,0,0,1,0,차대사람 - 횡단중,신호위반,건조,맑음,교차로 - 교차로횡단보도내,이륜,남,53세,상해없음,보행자,여,50세,경상
2019122200100465,2019년 12월 22일 20시,일요일,전라북도 정읍시 신태인읍,중상사고,0,1,0,0,차대사람 - 횡단중,안전운전불이행,건조,맑음,단일로 - 기타,승합,남,57세,상해없음,보행자,남,13세,중상
2019122200100485,2019년 12월 22일 21시,일요일,전라북도 전주시 덕진구 진북동,경상사고,0,0,3,0,차대차 - 추돌,안전운전불이행,건조,맑음,단일로 - 기타,승용,여,34세,상해없음,승용,여,26세,경상
2019122200100502,2019년 12월 22일 22시,일요일,전라북도 익산시 송학동,경상사고,0,0,2,0,차대차 - 기타,기타,건조,맑음,교차로 - 교차로부근,화물,남,64세,상해없음,승용,남,31세,경상
2019122300100091,2019년 12월 23일 06시,월요일,전라북도 순창군 순창읍,중상사고,0,1,0,0,차대차 - 측면충돌,안전운전불이행,건조,맑음,단일로 - 기타,화물,남,59세,상해없음,화물,남,62세,중상
2019122300100112,2019년 12월 23일 07시,월요일,전라북도 군산시 경장동,경상사고,0,0,4,0,차대차 - 기타,안전운전불이행,건조,맑음,교차로 - 교차로안,승용,남,20세,경상,승용,여,49세,경상
2019122300100113,2019년 12월 23일 07시,월요일,전라북도 임실군 오수면,경상사고,0,0,1,0,차대차 - 측면충돌,안전거리미확보,젖음/습기,비,단일로 - 지하차도(도로)내,승합,남,64세,상해없음,승용,여,26세,경상
2019122300100143,2019년 12월 23일 08시,월요일,전라북도 정읍시 신태인읍,경상사고,0,0,1,1,차대차 - 측면충돌,직진우회전진행방해,건조,맑음,교차로 - 교차로안,승용,여,56세,상해없음,승용,여,41세,경상
2019122300100181,2019년 12월 23일 09시,월요일,전라북도 전주시 완산구 효자동3가,경상사고,0,0,1,0,차대차 - 측면충돌,신호위반,건조,맑음,교차로 - 교차로부근,승용,여,59세,상해없음,개인형이동수단(PM),여,21세,경상
2019122300100212,2019년 12월 23일 10시,월요일,전라북도 익산시 성당면,중상사고,0,1,0,0,차대사람 - 기타,안전운전불이행,건조,맑음,교차로 - 교차로안,승용,여,50세,상해없음,보행자,남,79세,중상
2019122300100239,2019년 12월 23일 11시,월요일,전라북도 익산시 신동,경상사고,0,0,1,0,차대사람 - 차도통행중,안전운전불이행,건조,맑음,단일로 - 기타,승용,남,64세,상해없음,보행자,남,77세,경상
2019122300100240,2019년 12월 23일 11시,월요일,전라북도 부안군 부안읍,중상사고,0,1,0,0,차대사람 - 차도통행중,안전운전불이행,건조,맑음,단일로 - 기타,승용,여,58세,상해없음,보행자,여,64세,중상
2019122300100273,2019년 12월 23일 12시,월요일,전라북도 군산시 서수면,경상사고,0,0,1,0,차대차 - 기타,교차로운행방법위반,건조,맑음,교차로 - 교차로부근,화물,남,71세,경상,건설기계,남,66세,상해없음
2019122300100304,2019년 12월 23일 13시,월요일,전라북도 전주시 완산구 효자동1가,사망사고,1,0,0,0,차대사람 - 기타,안전운전불이행,건조,맑음,기타 - 기타,승용,남,49세,상해없음,보행자,여,77세,사망
2019122300100305,2019년 12월 23일 13시,월요일,전라북도 익산시 삼기면,중상사고,0,1,0,0,차대차 - 측면충돌,신호위반,건조,맑음,교차로 - 교차로안,화물,남,51세,상해없음,화물,남,47세,중상
2019122300100339,2019년 12월 23일 14시,월요일,전라북도 김제시 검산동,중상사고,0,1,0,0,차대차 - 측면충돌,신호위반,건조,맑음,교차로 - 교차로안,승용,남,54세,상해없음,자전거,남,78세,중상
2019122300100376,2019년 12월 23일 15시,월요일,전라북도 전주시 완산구 서신동,중상사고,0,1,0,0,차대사람 - 차도통행중,안전운전불이행,건조,맑음,단일로 - 기타,자전거,남,81세,상해없음,보행자,여,68세,중상
2019122300100377,2019년 12월 23일 15시,월요일,전라북도 군산시 나운동,중상사고,0,1,0,0,차대사람 - 기타,보행자보호의무위반,건조,맑음,교차로 - 교차로횡단보도내,승용,여,80세,상해없음,보행자,여,77세,중상
2019122300100412,2019년 12월 23일 16시,월요일,전라북도 군산시 산북동,중상사고,0,1,0,0,차량단독 - 기타,안전운전불이행,건조,맑음,단일로 - 기타,자전거,남,50세,중상,,,,
2019122300100413,2019년 12월 23일 16시,월요일,전라북도 익산시 금마면,경상사고,0,0,1,0,차대차 - 측면충돌,안전운전불이행,건조,맑음,교차로 - 교차로부근,승용,남,49세,상해없음,승용,여,39세,경상
2019122300100451,2019년 12월 23일 17시,월요일,전라북도 전주시 완산구 효자동3가,경상사고,0,0,2,0,차대사람 - 기타,안전운전불이행,건조,맑음,단일로 - 기타,승용,남,59세,상해없음,보행자,남,24세,경상
2019122300100452,2019년 12월 23일 17시,월요일,전라북도 익산시 오산면,경상사고,0,0,2,0,차대차 - 추돌,안전운전불이행,건조,맑음,단일로 - 기타,승용,남,65세,상해없음,승용,여,43세,경상
2019122300100453,2019년 12월 23일 17시,월요일,전라북도 김제시 죽산면,경상사고,0,0,3,0,차대차 - 추돌,안전운전불이행,건조,맑음,교차로 - 교차로부근,승용,남,70세,상해없음,승용,남,66세,경상
2019122300100454,2019년 12월 23일 17시,월요일,전라북도 김제시 하동,중상사고,0,1,1,0,차대사람 - 길가장자리구역통행중,안전운전불이행,건조,맑음,단일로 - 기타,승용,남,57세,상해없음,보행자,여,84세,경상
2019122300100508,2019년 12월 23일 18시,월요일,전라북도 전주시 완산구 서완산동1가,경상사고,0,0,1,0,차대사람 - 횡단중,보행자보호의무위반,건조,맑음,교차로 - 교차로안,승용,남,48세,상해없음,보행자,남,51세,경상
2019122300100554,2019년 12월 23일 19시,월요일,전라북도 전주시 완산구 효자동2가,중상사고,0,2,0,0,차대사람 - 횡단중,과속,건조,맑음,교차로 - 교차로안,승용,남,30세,상해없음,보행자,남,12세,중상
2019122300100555,2019년 12월 23일 19시,월요일,전라북도 부안군 변산면,경상사고,0,0,1,0,차량단독 - 공작물충돌,안전운전불이행,건조,맑음,교차로 - 교차로안,화물,남,21세,경상,,,,
2019122300100582,2019년 12월 23일 20시,월요일,전라북도 임실군 오수면,경상사고,0,0,1,0,차대차 - 기타,차로위반,건조,맑음,단일로 - 기타,승용,남,57세,상해없음,특수,남,52세,경상
2019122300100615,2019년 12월 23일 21시,월요일,전라북도 전주시 완산구 효자동2가,경상사고,0,0,3,0,차대차 - 추돌,안전거리미확보,건조,맑음,기타 - 기타,승용,남,61세,상해없음,승용,남,30세,경상
2019122300100644,2019년 12월 23일 22시,월요일,전라북도 김제시 요촌동,경상사고,0,0,3,0,차대차 - 기타,안전운전불이행,건조,맑음,교차로 - 교차로안,승용,여,26세,상해없음,승용,남,41세,경상
2019122300100664,2019년 12월 23일 23시,월요일,전라북도 남원시 죽항동,중상사고,0,1,0,0,차대차 - 기타,안전운전불이행,건조,맑음,교차로 - 교차로안,승용,남,49세,기타불명,이륜,남,32세,중상
2019122300100665,2019년 12월 23일 23시,월요일,전라북도 무주군 무주읍,중상사고,0,3,0,0,차량단독 - 공작물충돌,과속,건조,맑음,단일로 - 기타,원동기,남,22세,중상,,,,
2019122400100161,2019년 12월 24일 08시,화요일,전라북도 전주시 덕진구 장동,경상사고,0,0,2,0,차대차 - 측면충돌,신호위반,건조,맑음,교차로 - 교차로안,승용,여,42세,상해없음,승용,남,42세,경상
2019122400100232,2019년 12월 24일 10시,화요일,전라북도 전주시 덕진구 덕진동1가,중상사고,0,1,0,0,차대사람 - 횡단중,안전운전불이행,건조,맑음,교차로 - 교차로안,승용,여,64세,상해없음,보행자,남,81세,중상
2019122400100327,2019년 12월 24일 13시,화요일,전라북도 군산시 옥구읍,경상사고,0,0,2,0,차량단독 - 공작물충돌,안전운전불이행,건조,맑음,단일로 - 기타,승용,남,28세,상해없음,,,,
2019122400100328,2019년 12월 24일 13시,화요일,전라북도 김제시 요촌동,경상사고,0,0,2,0,차대차 - 측면충돌,직진우회전진행방해,건조,맑음,교차로 - 교차로안,승용,여,46세,상해없음,승용,여,18세,경상
2019122400100397,2019년 12월 24일 15시,화요일,전라북도 군산시 서흥남동,경상사고,0,0,1,0,차대차 - 기타,직진우회전진행방해,건조,맑음,교차로 - 교차로안,승용,여,39세,상해없음,화물,남,40세,경상
2019122400100398,2019년 12월 24일 15시,화요일,전라북도 익산시 신용동,중상사고,0,2,0,0,차대차 - 추돌,안전운전불이행,건조,맑음,단일로 - 기타,승용,남,23세,상해없음,화물,남,74세,중상
2019122400100437,2019년 12월 24일 16시,화요일,전라북도 군산시 문화동,경상사고,0,0,1,0,차대차 - 기타,안전거리미확보,건조,맑음,단일로 - 기타,화물,남,55세,상해없음,이륜,남,43세,경상
2019122400100438,2019년 12월 24일 16시,화요일,전라북도 군산시 수송동,경상사고,0,0,1,0,차대차 - 기타,안전운전불이행,건조,맑음,교차로 - 교차로안,승용,여,37세,상해없음,승용,남,49세,경상
2019122400100479,2019년 12월 24일 17시,화요일,전라북도 전주시 덕진구 팔복동3가,경상사고,0,0,1,0,차대차 - 측면충돌,안전운전불이행,건조,맑음,단일로 - 기타,화물,남,50세,기타불명,이륜,남,17세,경상
2019122400100549,2019년 12월 24일 18시,화요일,전라북도 정읍시 시기동,경상사고,0,0,2,0,차대차 - 측면충돌,중앙선침범,건조,맑음,단일로 - 기타,승용,남,30세,상해없음,승용,남,46세,경상
2019122400100550,2019년 12월 24일 18시,화요일,전라북도 부안군 변산면,경상사고,0,0,1,0,차대사람 - 길가장자리구역통행중,과속,건조,맑음,단일로 - 기타,승용,여,73세,상해없음,보행자,여,59세,경상
2019122400100551,2019년 12월 24일 18시,화요일,전라북도 무주군 무주읍,중상사고,0,1,0,0,차대차 - 측면충돌,안전운전불이행,건조,맑음,교차로 - 교차로안,승용,여,67세,상해없음,승용,여,22세,상해없음
2019122400100735,2019년 12월 24일 23시,화요일,전라북도 군산시 소룡동,경상사고,0,0,1,0,차대차 - 기타,신호위반,건조,맑음,교차로 - 교차로안,승용,남,56세,상해없음,이륜,남,19세,경상
2019122500100027,2019년 12월 25일 00시,수요일,전라북도 전주시 덕진구 송천동2가,중상사고,0,1,0,0,차대사람 - 횡단중,안전운전불이행,건조,맑음,단일로 - 기타,승용,남,27세,상해없음,보행자,여,34세,중상
2019122500100028,2019년 12월 25일 00시,수요일,전라북도 김제시 공덕면,경상사고,0,0,1,0,차대사람 - 차도통행중,안전운전불이행,건조,맑음,단일로 - 기타,승용,여,51세,상해없음,보행자,남,49세,경상
2019122500100038,2019년 12월 25일 01시,수요일,전라북도 전주시 완산구 삼천동1가,경상사고,0,0,1,0,차대차 - 추돌,안전운전불이행,건조,맑음,교차로 - 교차로부근,승용,남,52세,상해없음,승용,남,51세,경상
2019122500100039,2019년 12월 25일 01시,수요일,전라북도 전주시 완산구 효자동3가,중상사고,0,2,0,0,차대차 - 측면충돌,신호위반,건조,맑음,교차로 - 교차로안,승용,남,21세,상해없음,승용,남,61세,중상
2019122500100076,2019년 12월 25일 05시,수요일,전라북도 전주시 덕진구 인후동1가,경상사고,0,0,1,0,차량단독 - 공작물충돌,안전운전불이행,건조,맑음,교차로 - 교차로부근,승용,남,64세,상해없음,,,,
2019122500100133,2019년 12월 25일 10시,수요일,전라북도 전주시 덕진구 인후동2가,경상사고,0,0,1,0,차대차 - 추돌,안전운전불이행,건조,맑음,교차로 - 교차로부근,승용,남,25세,상해없음,승용,여,37세,경상
2019122500100193,2019년 12월 25일 13시,수요일,전라북도 전주시 완산구 삼천동1가,중상사고,0,1,0,0,차대차 - 측면충돌,불법유턴,건조,맑음,단일로 - 기타,승합,남,68세,상해없음,승용,남,32세,중상