사고번호,사고일시,요일,시군구,사고내용,사망자수,중상자수,경상자수,부상신고자수,사고유형,법규위반,노면상태,기상상태,도로형태,가해운전자 차종,가해운전자 성별,가해운전자 연령,가해운전자 상해정도,피해운전자 차종,피해운전자 성별,피해운전자 연령,피해운전자 상해정도
2019122500100275,2019년 12월 25일 16시,수요일,전라북도 익산시 남중동,경상사고,0,0,2,0,차대차 - 측면충돌,직진우회전진행방해,건조,맑음,교차로 - 교차로안,승용,여,51세,상해없음,승용,남,59세,경상
2019122500100301,2019년 12월 25일 17시,수요일,전라북도 전주시 완산구 서노송동,사망사고,1,0,0,0,차대사람 - 횡단중,안전운전불이행,건조,흐림,단일로 - 기타,승용,남,72세,상해없음,보행자,남,79세,사망
2019122500100400,2019년 12월 25일 20시,수요일,전라북도 전주시 덕진구 송천동2가,경상사고,0,0,1,0,차대차 - 측면충돌,불법유턴,건조,맑음,교차로 - 교차로안,승용,여,57세,기타불명,승용,남,35세,경상
2019122500100401,2019년 12월 25일 20시,수요일,전라북도 정읍시 연지동,사망사고,1,0,0,0,차대사람 - 기타,안전운전불이행,건조,맑음,교차로 - 교차로안,화물,남,50세,상해없음,보행자,여,77세,사망
2019122600100056,2019년 12월 26일 05시,목요일,전라북도 익산시 남중동,부상신고사고,0,0,0,1,차대차 - 측면충돌,안전운전불이행,건조,맑음,교차로 - 교차로부근,자전거,남,73세,부상신고,승용,남,64세,상해없음
2019122600100070,2019년 12월 26일 06시,목요일,전라북도 익산시 모현동1가,경상사고,0,0,1,0,차대차 - 측면충돌,직진우회전진행방해,건조,맑음,교차로 - 교차로부근,자전거,남,53세,경상,이륜,남,46세,상해없음
2019122600100071,2019년 12월 26일 06시,목요일,전라북도 익산시 모현동1가,경상사고,0,0,1,0,차대차 - 정면충돌,중앙선침범,건조,맑음,단일로 - 기타,자전거,남,63세,경상,승합,남,56세,상해없음
2019122600100091,2019년 12월 26일 07시,목요일,전라북도 김제시 백산면,경상사고,0,0,10,0,차대차 - 측면충돌,안전거리미확보,건조,맑음,단일로 - 기타,승합,남,64세,상해없음,승용,남,77세,상해없음
2019122600100125,2019년 12월 26일 08시,목요일,전라북도 부안군 부안읍,중상사고,0,1,0,0,차대차 - 기타,안전운전불이행,건조,맑음,교차로 - 교차로안,화물,남,65세,상해없음,화물,남,44세,상해없음
2019122600100206,2019년 12월 26일 11시,목요일,전라북도 전주시 완산구 효자동2가,경상사고,0,0,1,0,차대차 - 기타,기타,젖음/습기,비,단일로 - 기타,승용,남,50세,상해없음,이륜,남,42세,경상
2019122600100207,2019년 12월 26일 11시,목요일,전라북도 군산시 나운동,중상사고,0,1,0,0,차대차 - 추돌,안전운전불이행,젖음/습기,흐림,교차로 - 교차로안,승용,남,49세,상해없음,승용,남,40세,중상
2019122600100208,2019년 12월 26일 11시,목요일,전라북도 익산시 어양동,경상사고,0,0,2,0,차대차 - 측면충돌,신호위반,젖음/습기,흐림,교차로 - 교차로안,승용,여,37세,상해없음,승용,남,63세,경상
2019122600100241,2019년 12월 26일 12시,목요일,전라북도 완주군 삼례읍,경상사고,0,0,2,0,차대차 - 측면충돌,안전운전불이행,젖음/습기,비,교차로 - 교차로안,화물,남,64세,상해없음,승용,남,22세,경상
2019122600100274,2019년 12월 26일 13시,목요일,전라북도 남원시 동충동,중상사고,0,1,1,0,차대차 - 측면충돌,교차로운행방법위반,젖음/습기,흐림,교차로 - 교차로안,승합,남,81세,상해없음,화물,남,45세,경상
2019122600100312,2019년 12월 26일 14시,목요일,전라북도 남원시 동충동,경상사고,0,0,1,0,차대사람 - 기타,안전운전불이행,젖음/습기,흐림,단일로 - 기타,승용,남,27세,상해없음,보행자,남,77세,경상
2019122600100377,2019년 12월 26일 16시,목요일,전라북도 군산시 지곡동,경상사고,0,0,1,0,차대차 - 측면충돌,안전운전불이행,건조,맑음,교차로 - 교차로부근,승용,여,66세,상해없음,승용,남,67세,경상
2019122600100465,2019년 12월 26일 18시,목요일,전라북도 전주시 완산구 효자동3가,경상사고,0,0,1,0,차대차 - 추돌,안전운전불이행,건조,맑음,단일로 - 기타,승용,여,47세,상해없음,승용,여,65세,경상
2019122600100466,2019년 12월 26일 18시,목요일,전라북도 정읍시 상동,경상사고,0,0,1,0,차대차 - 측면충돌,신호위반,젖음/습기,흐림,교차로 - 교차로안,승용,여,60세,상해없음,승용,남,45세,경상
2019122600100467,2019년 12월 26일 18시,목요일,전라북도 정읍시 연지동,경상사고,0,0,1,0,차대차 - 기타,안전운전불이행,젖음/습기,비,단일로 - 기타,이륜,남,31세,경상,화물,남,54세,상해없음
2019122600100468,2019년 12월 26일 18시,목요일,전라북도 김제시 광활면,중상사고,0,1,0,0,차대차 - 측면충돌,교차로운행방법위반,건조,맑음,교차로 - 교차로안,화물,남,35세,상해없음,승용,여,28세,중상
2019122600100519,2019년 12월 26일 19시,목요일,전라북도 완주군 용진읍,경상사고,0,0,2,0,차대차 - 추돌,안전운전불이행,건조,맑음,교차로 - 교차로안,승용,여,47세,기타불명,승용,남,47세,경상
2019122600100547,2019년 12월 26일 20시,목요일,전라북도 익산시 금마면,경상사고,0,0,1,0,차대차 - 측면충돌,신호위반,건조,맑음,교차로 - 교차로안,승합,남,52세,상해없음,화물,남,45세,경상
2019122600100576,2019년 12월 26일 21시,목요일,전라북도 정읍시 연지동,중상사고,0,2,2,0,차대차 - 측면충돌,신호위반,젖음/습기,흐림,교차로 - 교차로안,승용,남,61세,경상,승용,남,54세,경상
2019122600100604,2019년 12월 26일 22시,목요일,전라북도 전주시 완산구 효자동3가,중상사고,0,1,1,0,차대사람 - 기타,안전운전불이행,건조,흐림,단일로 - 기타,승용,남,32세,상해없음,보행자,남,21세,중상
2019122600100605,2019년 12월 26일 22시,목요일,전라북도 전주시 덕진구 덕진동1가,경상사고,0,0,3,0,차대차 - 추돌,안전운전불이행,건조,맑음,교차로 - 교차로부근,승용,남,42세,상해없음,승용,남,59세,경상
2019122700100043,2019년 12월 27일 01시,금요일,전라북도 무주군 설천면,경상사고,0,0,2,0,차대차 - 후진중충돌,안전운전불이행,건조,맑음,기타 - 기타,승용,남,41세,상해없음,승용,여,43세,경상
2019122700100055,2019년 12월 27일 02시,금요일,전라북도 전주시 완산구 효자동2가,경상사고,0,0,1,0,차대사람 - 횡단중,안전운전불이행,건조,맑음,교차로 - 교차로안,승용,남,34세,상해없음,보행자,남,54세,경상
2019122700100064,2019년 12월 27일 03시,금요일,전라북도 전주시 완산구 중화산동2가,경상사고,0,0,1,0,차대차 - 측면충돌,차로위반,건조,흐림,단일로 - 기타,승용,남,42세,상해없음,승용,남,57세,경상
2019122700100065,2019년 12월 27일 03시,금요일,전라북도 익산시 어양동,경상사고,0,0,1,0,차대사람 - 횡단중,안전운전불이행,건조,맑음,단일로 - 기타,승용,남,45세,상해없음,보행자,남,31세,경상
2019122700100102,2019년 12월 27일 07시,금요일,전라북도 임실군 덕치면,경상사고,0,0,1,0,차대차 - 추돌,안전운전불이행,서리/결빙,맑음,단일로 - 교량,화물,남,58세,상해없음,승합,남,71세,상해없음
2019122700100169,2019년 12월 27일 09시,금요일,전라북도 익산시 신동,경상사고,0,0,1,0,차대차 - 측면충돌,안전운전불이행,건조,맑음,교차로 - 교차로부근,건설기계,남,60세,상해없음,승용,여,55세,경상
2019122700100200,2019년 12월 27일 10시,금요일,전라북도 완주군 구이면,중상사고,0,2,0,0,차대차 - 측면충돌,신호위반,건조,맑음,교차로 - 교차로안,승용,남,42세,상해없음,승용,남,83세,중상
2019122700100225,2019년 12월 27일 11시,금요일,전라북도 군산시 나운동,경상사고,0,0,1,0,차대차 - 추돌,안전거리미확보,건조,맑음,교차로 - 교차로부근,승용,남,65세,상해없음,승용,남,35세,경상
2019122700100226,2019년 12월 27일 11시,금요일,전라북도 완주군 봉동읍,중상사고,0,1,0,0,차대차 - 기타,신호위반,건조,맑음,교차로 - 교차로안,화물,남,28세,상해없음,화물,남,35세,중상
2019122700100257,2019년 12월 27일 12시,금요일,전라북도 전주시 덕진구 우아동1가,중상사고,0,1,0,0,차대사람 - 횡단중,보행자보호의무위반,건조,맑음,교차로 - 교차로횡단보도내,승용,여,36세,상해없음,보행자,남,82세,중상
2019122700100258,2019년 12월 27일 12시,금요일,전라북도 정읍시 상동,중상사고,0,1,0,0,차대사람 - 횡단중,보행자보호의무위반,건조,맑음,교차로 - 교차로안,승용,여,47세,상해없음,보행자,여,61세,중상
2019122700100259,2019년 12월 27일 12시,금요일,전라북도 완주군 삼례읍,중상사고,0,1,0,0,차대사람 - 기타,보행자보호의무위반,건조,맑음,교차로 - 교차로횡단보도내,특수,남,35세,상해없음,보행자,여,67세,중상
2019122700100291,2019년 12월 27일 13시,금요일,전라북도 순창군 순창읍,경상사고,0,0,1,0,차대차 - 추돌,안전운전불이행,건조,맑음,교차로 - 교차로부근,승용,남,50세,상해없음,승용,남,78세,경상
2019122700100364,2019년 12월 27일 15시,금요일,전라북도 익산시 영등동,경상사고,0,0,1,0,차대차 - 측면충돌,안전운전불이행,건조,맑음,단일로 - 기타,승용,여,46세,상해없음,이륜,남,43세,경상
2019122700100402,2019년 12월 27일 16시,금요일,전라북도 익산시 신흥동,중상사고,0,1,0,0,차대사람 - 횡단중,안전운전불이행,건조,맑음,교차로 - 교차로안,승용,남,48세,상해없음,보행자,남,75세,중상
2019122700100403,2019년 12월 27일 16시,금요일,전라북도 부안군 하서면,중상사고,0,1,0,0,차대차 - 정면충돌,안전운전불이행,건조,맑음,교차로 - 교차로부근,화물,남,33세,상해없음,이륜,남,83세,중상
2019122700100437,2019년 12월 27일 17시,금요일,전라북도 전주시 완산구 삼천동1가,중상사고,0,1,0,0,차대사람 - 기타,보행자보호의무위반,건조,맑음,교차로 - 교차로횡단보도내,승용,남,67세,상해없음,보행자,여,84세,중상
2019122700100438,2019년 12월 27일 17시,금요일,전라북도 익산시 영등동,경상사고,0,0,1,0,차대사람 - 횡단중,안전운전불이행,건조,맑음,단일로 - 기타,승용,여,47세,상해없음,보행자,남,45세,경상
2019122700100439,2019년 12월 27일 17시,금요일,전라북도 고창군 고창읍,경상사고,0,0,1,0,차대차 - 측면충돌,직진우회전진행방해,건조,맑음,교차로 - 교차로안,화물,남,58세,상해없음,승용,여,40세,경상
2019122700100480,2019년 12월 27일 18시,금요일,전라북도 군산시 장재동,부상신고사고,0,0,0,1,차대사람 - 기타,안전운전불이행,건조,맑음,기타 - 기타,승용,남,49세,상해없음,보행자,남,10세,부상신고
2019122700100481,2019년 12월 27일 18시,금요일,전라북도 익산시 어양동,중상사고,0,1,0,0,차대사람 - 기타,안전운전불이행,건조,맑음,단일로 - 기타,승용,여,34세,상해없음,보행자,남,70세,중상
2019122700100482,2019년 12월 27일 18시,금요일,전라북도 정읍시 장명동,중상사고,0,1,0,0,차대차 - 기타,신호위반,건조,맑음,교차로 - 교차로안,이륜,남,56세,상해없음,자전거,남,13세,중상
2019122700100543,2019년 12월 27일 19시,금요일,전라북도 군산시 금암동,중상사고,0,1,1,0,차대차 - 정면충돌,안전운전불이행,건조,기타,교차로 - 교차로안,승용,여,40세,경상,승용,여,50세,중상
2019122700100544,2019년 12월 27일 19시,금요일,전라북도 군산시 미룡동,중상사고,0,1,0,0,차대차 - 기타,안전운전불이행,건조,기타,교차로 - 교차로안,승용,여,47세,상해없음,원동기,남,38세,중상
2019122700100584,2019년 12월 27일 20시,금요일,전라북도 고창군 무장면,사망사고,1,0,0,0,차대사람 - 횡단중,안전운전불이행,건조,맑음,단일로 - 기타,승용,남,59세,상해없음,보행자,남,47세,사망
2019122700100642,2019년 12월 27일 22시,금요일,전라북도 정읍시 상동,경상사고,0,0,1,0,차대차 - 정면충돌,중앙선침범,건조,맑음,기타 - 기타,승용,남,32세,상해없음,승용,여,45세,경상
2019122700100664,2019년 12월 27일 23시,금요일,전라북도 군산시 조촌동,중상사고,0,1,0,0,차대사람 - 기타,안전운전불이행,건조,기타,교차로 - 교차로안,승용,남,46세,상해없음,보행자,남,63세,중상
2019122700100665,2019년 12월 27일 23시,금요일,전라북도 장수군 장계면,경상사고,0,0,1,0,차대차 - 측면충돌,직진우회전진행방해,건조,맑음,교차로 - 교차로안,화물,남,75세,경상,승용,여,26세,상해없음
2019122800100035,2019년 12월 28일 00시,토요일,전라북도 전주시 완산구 효자동1가,경상사고,0,0,2,0,차대차 - 측면충돌,안전운전불이행,건조,맑음,교차로 - 교차로안,승용,남,39세,상해없음,승용,남,73세,경상
2019122800100058,2019년 12월 28일 01시,토요일,전라북도 전주시 완산구 효자동2가,경상사고,0,0,1,0,차대차 - 측면충돌,안전운전불이행,건조,맑음,교차로 - 교차로부근,승용,남,47세,상해없음,승용,남,61세,기타불명
2019122800100091,2019년 12월 28일 04시,토요일,전라북도 전주시 완산구 평화동2가,경상사고,0,0,2,0,차대차 - 측면충돌,신호위반,건조,맑음,교차로 - 교차로안,화물,남,44세,상해없음,화물,남,72세,경상
2019122800100101,2019년 12월 28일 05시,토요일,전라북도 익산시 망성면,경상사고,0,0,1,0,차대차 - 측면충돌,신호위반,건조,맑음,교차로 - 교차로안,승용,남,61세,상해없음,화물,남,55세,경상
2019122800100131,2019년 12월 28일 07시,토요일,전라북도 익산시 신흥동,경상사고,0,0,1,0,차대차 - 측면충돌,신호위반,젖음/습기,흐림,교차로 - 교차로안,승용,여,56세,상해없음,화물,남,29세,경상
2019122800100211,2019년 12월 28일 11시,토요일,전라북도 전주시 덕진구 덕진동1가,경상사고,0,0,1,0,차대차 - 추돌,안전거리미확보,건조,맑음,단일로 - 기타,승용,남,61세,상해없음,승용,남,48세,경상
2019122800100212,2019년 12월 28일 11시,토요일,전라북도 전주시 덕진구 반월동,경상사고,0,0,1,0,차대차 - 측면충돌,신호위반,건조,맑음,교차로 - 교차로안,이륜,남,73세,기타불명,승용,남,56세,경상
2019122800100213,2019년 12월 28일 11시,토요일,전라북도 전주시 덕진구 금암동,경상사고,0,0,1,0,차대차 - 측면충돌,안전거리미확보,건조,맑음,교차로 - 교차로안,승합,남,60세,상해없음,승용,여,75세,경상
2019122800100314,2019년 12월 28일 15시,토요일,전라북도 익산시 중앙동1가,경상사고,0,0,1,0,차대사람 - 길가장자리구역통행중,기타,건조,맑음,단일로 - 기타,승용,남,64세,상해없음,보행자,여,25세,경상
2019122800100347,2019년 12월 28일 16시,토요일,전라북도 전주시 덕진구 덕진동1가,경상사고,0,0,2,0,차대차 - 측면충돌,교차로운행방법위반,건조,맑음,교차로 - 교차로안,승합,남,55세,상해없음,승용,남,21세,경상
2019122800100386,2019년 12월 28일 17시,토요일,전라북도 군산시 조촌동,경상사고,0,0,1,0,차대차 - 측면충돌,안전거리미확보,건조,맑음,단일로 - 기타,화물,남,39세,상해없음,승용,여,67세,경상
2019122800100387,2019년 12월 28일 17시,토요일,전라북도 익산시 영등동,경상사고,0,0,2,0,차대차 - 추돌,안전거리미확보,건조,맑음,단일로 - 기타,승용,남,38세,상해없음,승용,남,41세,경상
2019122800100427,2019년 12월 28일 18시,토요일,전라북도 전주시 완산구 대성동,경상사고,0,0,5,0,차대차 - 측면충돌,안전운전불이행,젖음/습기,흐림,단일로 - 기타,승용,남,73세,상해없음,승용,남,38세,경상
2019122800100428,2019년 12월 28일 18시,토요일,전라북도 익산시 여산면,경상사고,0,0,1,0,차대차 - 추돌,안전운전불이행,건조,맑음,단일로 - 기타,승용,남,31세,상해없음,승용,여,42세,경상
2019122800100429,2019년 12월 28일 18시,토요일,전라북도 김제시 흥사동,중상사고,0,1,0,0,차대사람 - 횡단중,안전운전불이행,건조,맑음,교차로 - 교차로안,승용,남,32세,상해없음,보행자,여,80세,중상
2019122800100430,2019년 12월 28일 18시,토요일,전라북도 김제시 검산동,경상사고,0,0,4,0,차대차 - 추돌,안전운전불이행,건조,맑음,단일로 - 기타,승용,남,54세,상해없음,승용,남,54세,경상
2019122800100469,2019년 12월 28일 19시,토요일,전라북도 정읍시 시기동,경상사고,0,0,2,0,차대차 - 측면충돌,기타,건조,맑음,교차로 - 교차로안,이륜,남,21세,경상,승용,여,37세,경상
2019122800100545,2019년 12월 28일 22시,토요일,전라북도 전주시 덕진구 송천동2가,중상사고,0,1,0,0,차대차 - 기타,중앙선침범,건조,맑음,교차로 - 교차로부근,승용,남,23세,상해없음,승용,남,32세,중상
2019122800100546,2019년 12월 28일 22시,토요일,전라북도 익산시 모현동1가,경상사고,0,0,1,0,차대차 - 측면충돌,차로위반,건조,맑음,단일로 - 기타,승용,여,39세,상해없음,승용,남,59세,경상
2019122900100037,2019년 12월 29일 01시,일요일,전라북도 전주시 완산구 효자동3가,중상사고,0,1,0,0,차대차 - 기타,불법유턴,건조,기타,교차로 - 교차로횡단보도내,개인형이동수단(PM),여,19세,중상,승용,남,59세,상해없음
2019122900100089,2019년 12월 29일 06시,일요일,전라북도 전주시 완산구 서노송동,중상사고,0,1,0,0,차대사람 - 횡단중,안전운전불이행,건조,흐림,교차로 - 교차로횡단보도내,이륜,남,28세,상해없음,보행자,여,65세,중상
2019122900100099,2019년 12월 29일 07시,일요일,전라북도 전주시 덕진구 도도동,경상사고,0,0,1,0,차대차 - 측면충돌,중앙선침범,건조,맑음,단일로 - 기타,승용,남,43세,상해없음,승용,남,61세,경상
2019122900100154,2019년 12월 29일 11시,일요일,전라북도 익산시 송학동,경상사고,0,0,1,0,차대차 - 측면충돌,신호위반,건조,맑음,교차로 - 교차로부근,화물,남,62세,상해없음,이륜,남,30세,경상
2019122900100205,2019년 12월 29일 14시,일요일,전라북도 김제시 하동,중상사고,0,1,0,0,차대사람 - 횡단중,안전운전불이행,젖음/습기,비,단일로 - 기타,승용,여,69세,상해없음,보행자,남,68세,중상
2019122900100206,2019년 12월 29일 14시,일요일,전라북도 부안군 행안면,중상사고,0,1,1,0,차량단독 - 도로외이탈 - 추락,안전운전불이행,젖음/습기,비,단일로 - 기타,승용,남,62세,상해없음,,,,
2019122900100220,2019년 12월 29일 15시,일요일,전라북도 군산시 중앙로2가,중상사고,0,1,0,0,차대차 - 추돌,안전운전불이행,건조,맑음,단일로 - 지하차도(도로)내,승용,남,83세,상해없음,자전거,남,74세,중상
2019122900100239,2019년 12월 29일 16시,일요일,전라북도 완주군 용진읍,경상사고,0,0,1,0,차량단독 - 전도전복 - 전도,안전운전불이행,젖음/습기,비,단일로 - 기타,이륜,남,58세,경상,,,,
2019122900100335,2019년 12월 29일 19시,일요일,전라북도 익산시 모현동2가,경상사고,0,0,2,0,차대차 - 측면충돌,중앙선침범,젖음/습기,비,교차로 - 교차로부근,승용,남,24세,상해없음,승용,여,48세,경상
2019122900100336,2019년 12월 29일 19시,일요일,전라북도 순창군 순창읍,중상사고,0,1,0,0,차대사람 - 횡단중,보행자보호의무위반,젖음/습기,비,교차로 - 교차로횡단보도내,화물,남,46세,상해없음,보행자,여,60세,중상
2019122900100376,2019년 12월 29일 20시,일요일,전라북도 전주시 완산구 서신동,경상사고,0,0,1,0,차대차 - 측면충돌,불법유턴,젖음/습기,비,단일로 - 기타,승용,남,31세,상해없음,승용,남,65세,경상
2019122900100420,2019년 12월 29일 21시,일요일,전라북도 전주시 완산구 중화산동2가,경상사고,0,0,2,0,차대차 - 측면충돌,신호위반,건조,맑음,교차로 - 교차로안,승용,남,47세,상해없음,승용,남,31세,경상
2019122900100462,2019년 12월 29일 23시,일요일,전라북도 전주시 완산구 효자동3가,경상사고,0,0,1,0,차대사람 - 기타,안전운전불이행,건조,맑음,교차로 - 교차로부근,승용,남,28세,상해없음,보행자,남,33세,경상
2019122900100463,2019년 12월 29일 23시,일요일,전라북도 익산시 영등동,중상사고,0,1,2,0,차대차 - 측면충돌,직진우회전진행방해,젖음/습기,비,교차로 - 교차로안,승용,남,25세,중상,승용,남,43세,경상
2019123000100086,2019년 12월 30일 07시,월요일,전라북도 전주시 덕진구 덕진동1가,중상사고,0,1,0,0,차대사람 - 횡단중,보행자보호의무위반,젖음/습기,비,단일로 - 기타,승용,남,72세,상해없음,보행자,여,78세,중상
2019123000100087,2019년 12월 30일 07시,월요일,전라북도 익산시 영등동,경상사고,0,0,1,0,차대사람 - 횡단중,보행자보호의무위반,젖음/습기,흐림,교차로 - 교차로횡단보도내,승용,여,58세,상해없음,보행자,여,58세,경상
2019123000100110,2019년 12월 30일 08시,월요일,전라북도 군산시 오식도동,경상사고,0,0,1,0,차대차 - 기타,안전운전불이행,건조,맑음,단일로 - 기타,승용,남,46세,상해없음,승용,남,37세,경상
2019123000100160,2019년 12월 30일 10시,월요일,전라북도 군산시 사정동,경상사고,0,0,2,0,차대차 - 기타,신호위반,건조,맑음,교차로 - 교차로안,승용,남,67세,상해없음,화물,남,73세,경상
2019123000100161,2019년 12월 30일 10시,월요일,전라북도 김제시 흥사동,중상사고,0,1,0,0,차대차 - 기타,중앙선침범,건조,맑음,교차로 - 교차로부근,화물,여,43세,상해없음,승용,남,71세,중상
2019123000100226,2019년 12월 30일 12시,월요일,전라북도 전주시 완산구 효자동3가,중상사고,0,1,0,0,차대차 - 측면충돌,교차로운행방법위반,건조,맑음,교차로 - 교차로안,승용,여,30세,상해없음,이륜,남,49세,중상
2019123000100227,2019년 12월 30일 12시,월요일,전라북도 남원시 향교동,경상사고,0,0,3,0,차대차 - 측면충돌,안전운전불이행,건조,맑음,교차로 - 교차로안,승용,여,52세,상해없음,승용,여,44세,경상
2019123000100282,2019년 12월 30일 14시,월요일,전라북도 군산시 옥산면,중상사고,0,1,1,0,차대차 - 기타,안전운전불이행,건조,맑음,교차로 - 교차로안,승용,남,71세,상해없음,승용,여,34세,경상
2019123000100323,2019년 12월 30일 15시,월요일,전라북도 전주시 완산구 평화동2가,경상사고,0,0,1,0,차대사람 - 횡단중,보행자보호의무위반,건조,맑음,기타 - 기타,화물,남,69세,상해없음,보행자,남,10세,경상
2019123000100324,2019년 12월 30일 15시,월요일,전라북도 김제시 요촌동,중상사고,0,1,0,0,차대사람 - 횡단중,보행자보호의무위반,젖음/습기,비,교차로 - 교차로횡단보도내,승용,여,47세,상해없음,보행자,여,90세 이상,중상
2019123000100453,2019년 12월 30일 18시,월요일,전라북도 익산시 부송동,중상사고,0,1,1,0,차대차 - 측면충돌,신호위반,건조,맑음,교차로 - 교차로안,승용,남,80세,상해없음,승용,여,73세,중상
2019123000100504,2019년 12월 30일 19시,월요일,전라북도 군산시 조촌동,중상사고,0,1,0,0,차대차 - 추돌,안전운전불이행,건조,맑음,단일로 - 기타,승용,남,41세,상해없음,자전거,남,55세,중상
2019123000100505,2019년 12월 30일 19시,월요일,전라북도 완주군 이서면,중상사고,0,1,0,0,차대사람 - 길가장자리구역통행중,안전운전불이행,건조,맑음,단일로 - 기타,승용,여,59세,상해없음,보행자,남,72세,중상
2019123000100550,2019년 12월 30일 20시,월요일,전라북도 군산시 수송동,경상사고,0,0,1,0,차대사람 - 기타,안전운전불이행,건조,맑음,교차로 - 교차로안,승용,여,54세,상해없음,보행자,남,51세,경상
2019123000100551,2019년 12월 30일 20시,월요일,전라북도 부안군 부안읍,경상사고,0,0,2,0,차대차 - 측면충돌,신호위반,건조,맑음,교차로 - 교차로안,원동기,남,45세,경상,화물,남,36세,경상
2019123000100574,2019년 12월 30일 21시,월요일,전라북도 군산시 나운동,경상사고,0,0,1,0,차대사람 - 기타,안전운전불이행,건조,맑음,단일로 - 기타,승용,여,41세,상해없음,보행자,남,56세,경상
2019123100100029,2019년 12월 31일 00시,화요일,전라북도 전주시 완산구 서노송동,경상사고,0,0,1,0,차대차 - 기타,안전운전불이행,건조,맑음,교차로 - 교차로안,승용,남,26세,상해없음,승합,남,34세,경상
2019123100100092,2019년 12월 31일 06시,화요일,전라북도 전주시 덕진구 덕진동2가,경상사고,0,0,1,0,차대차 - 측면충돌,신호위반,건조,맑음,교차로 - 교차로안,승용,남,50세,상해없음,승용,남,48세,경상
2019123100100093,2019년 12월 31일 06시,화요일,전라북도 장수군 장수읍,중상사고,0,1,0,0,차대사람 - 차도통행중,안전운전불이행,건조,맑음,단일로 - 기타,승용,남,28세,상해없음,보행자,남,85세,중상
2019123100100106,2019년 12월 31일 07시,화요일,전라북도 익산시 함열읍,경상사고,0,0,1,0,차대차 - 측면충돌,안전운전불이행,건조,맑음,교차로 - 교차로안,승용,남,22세,상해없음,화물,남,58세,경상
2019123100100126,2019년 12월 31일 08시,화요일,전라북도 전주시 완산구 중화산동2가,경상사고,0,0,1,0,차대차 - 측면충돌,신호위반,건조,맑음,교차로 - 교차로안,승용,여,52세,상해없음,승용,여,27세,경상
2019123100100150,2019년 12월 31일 09시,화요일,전라북도 익산시 신동,중상사고,0,1,0,0,차대사람 - 횡단중,신호위반,건조,맑음,교차로 - 교차로횡단보도내,승용,남,31세,상해없음,보행자,여,48세,중상
2019123100100181,2019년 12월 31일 10시,화요일,전라북도 익산시 중앙동1가,경상사고,0,0,1,0,차대차 - 측면충돌,안전운전불이행,건조,맑음,단일로 - 기타,승용,여,36세,상해없음,승용,여,45세,경상
2019123100100235,2019년 12월 31일 12시,화요일,전라북도 전주시 완산구 효자동3가,중상사고,0,1,0,0,차대사람 - 횡단중,신호위반,건조,맑음,단일로 - 기타,승용,여,28세,상해없음,보행자,여,25세,중상
2019123100100236,2019년 12월 31일 12시,화요일,전라북도 군산시 수송동,경상사고,0,0,2,0,차대차 - 기타,신호위반,건조,맑음,교차로 - 교차로안,화물,남,77세,상해없음,화물,남,59세,경상
2019123100100306,2019년 12월 31일 14시,화요일,전라북도 전주시 덕진구 인후동2가,경상사고,0,0,1,0,차대차 - 측면충돌,불법유턴,건조,맑음,교차로 - 교차로부근,승용,여,56세,상해없음,승용,남,58세,경상
2019123100100307,2019년 12월 31일 14시,화요일,전라북도 김제시 순동,경상사고,0,0,1,0,차대차 - 측면충돌,안전운전불이행,건조,맑음,단일로 - 교량,화물,남,42세,상해없음,승용,여,58세,경상
2019123100100377,2019년 12월 31일 16시,화요일,전라북도 정읍시 정우면,경상사고,0,0,2,0,차대차 - 기타,직진우회전진행방해,건조,맑음,교차로 - 교차로안,화물,남,67세,경상,화물,남,56세,경상
2019123100100407,2019년 12월 31일 17시,화요일,전라북도 전주시 완산구 효자동3가,경상사고,0,0,1,0,차대사람 - 기타,안전운전불이행,건조,맑음,단일로 - 기타,승용,남,55세,상해없음,보행자,여,29세,경상
2019123100100408,2019년 12월 31일 17시,화요일,전라북도 전주시 덕진구 산정동,경상사고,0,0,2,0,차대차 - 추돌,안전운전불이행,건조,맑음,교차로 - 교차로부근,승용,남,38세,상해없음,승용,남,49세,경상
2019123100100466,2019년 12월 31일 18시,화요일,전라북도 김제시 서암동,경상사고,0,0,2,0,차대차 - 기타,안전운전불이행,건조,맑음,교차로 - 교차로안,화물,남,59세,상해없음,승용,여,50세,경상
2019123100100562,2019년 12월 31일 20시,화요일,전라북도 전주시 덕진구 진북동,경상사고,0,0,1,0,차대차 - 정면충돌,신호위반,건조,맑음,교차로 - 교차로안,원동기,남,56세,상해없음,승용,남,55세,경상
2019123100100563,2019년 12월 31일 20시,화요일,전라북도 군산시 수송동,중상사고,0,1,1,1,차대차 - 추돌,안전운전불이행,건조,맑음,교차로 - 교차로부근,승용,남,42세,상해없음,승용,여,53세,중상